location_region,res_type,res_price,res_sqr,construction_year,levels,bedrooms,bathrooms,status,energyclass,auto_heating,solar,cooling,safe_door,gas,fireplace,furniture,student,neighborhood
Θεσσαλονίκη,Μεζονέτα,130000,120.0,2022.0,1ος,3.0,1.0,Νεόδμητο,Α,0,0,0,0,1,0,0,0,Other
Αττική,Μονοκατοικία,120000,110.0,1925.0,Υπερυψωμένο,2.0,1.0,,,0,1,0,0,0,0,0,0,Other
Θεσσαλονίκη,Διαμέρισμα,153000,81.0,1971.0,1ος,2.0,1.0,Ανακαινισμένο,Δ,0,0,1,1,0,0,0,1,"Θεσσαλονίκη,Φάληρο"
Αττική,Μονοκατοικία,150000,128.0,1983.0,1ος,4.0,2.0,,,0,1,1,0,0,0,0,0,Άρτεμις
Αττική,Διαμέρισμα,105000,42.0,1970.0,2ος,1.0,1.0,Χρήζει ανακαίνισης,Η,0,0,0,0,0,0,0,0,Other
Αττική,Κτίριο,200000,360.0,2010.0,Ισόγειο,,,Καλή,Μη αποδοτικό,0,0,0,0,0,0,0,0,"Άνω Λιόσια,Άγιος Ιωάννης Θεολόγος"
Θεσσαλονίκη,Μονοκατοικία,700000,210.0,2012.0,Ισόγειο,3.0,1.0,Νεόδμητο,Γ,1,0,0,1,1,1,0,0,Πανόραμα
Αττική,Μονοκατοικία,360000,335.0,2003.0,"Ημιυπόγειο,Ισόγειο,Υπερυψωμένο,1ος",4.0,3.0,,Η,1,0,0,0,0,0,0,0,Παιανία
Θεσσαλονίκη,Διαμέρισμα,330000,125.0,2022.0,1ος,3.0,1.0,Νεόδμητο,Β+,0,0,1,1,0,0,0,0,"Θεσσαλονίκη,Κάτω Τούμπα"
Αττική,Διαμέρισμα,145000,101.0,1967.0,Ισόγειο,,,Καλή,Ζ,1,0,0,0,0,0,0,0,"Αθήνα,Κυψέλη"
Αττική,Μονοκατοικία,650000,270.0,2011.0,"Ισόγειο,1ος,2ος",3.0,3.0,Ανακαινισμένο,Γ,1,1,1,1,0,1,0,0,Other
Αττική,Μονοκατοικία,370000,140.0,1979.0,1ος,2.0,2.0,Καλή,Α,1,1,1,1,0,1,0,0,Other
Αττική,Μεζονέτα,380000,300.0,,"Ισόγειο,1ος,2ος",4.0,1.0,,,1,1,1,0,0,0,0,0,Σαλαμίνα
Αττική,Διαμέρισμα,150000,87.0,2000.0,1ος,3.0,1.0,Άριστη,Β,0,1,1,1,0,0,1,0,Other
Αττική,Διαμέρισμα,90000,86.0,1970.0,1ος,2.0,1.0,Άλλη κατάσταση,Γ,1,0,0,1,1,0,0,0,Other
Αττική,Διαμέρισμα,100000,90.0,2008.0,4ος,3.0,1.0,Άλλη κατάσταση,Δ,1,1,1,1,1,1,0,0,Other
Θεσσαλονίκη,Μεζονέτα,370000,180.0,2022.0,Ισόγειο,4.0,2.0,Υπο κατασκευή,Α+,0,1,1,1,0,1,0,0,Θέρμη
Θεσσαλονίκη,Διαμέρισμα,75078,75.0,1975.0,1ος,2.0,1.0,Καλή,Ζ,1,0,0,1,0,0,0,0,"Θεσσαλονίκη,Κάτω Τούμπα"
Θεσσαλονίκη,Μεζονέτα,105000,140.0,2011.0,Ισόγειο,3.0,1.0,Άλλη κατάσταση,Α,1,0,0,1,0,0,0,0,Other
Αττική,Διαμέρισμα,149000,79.0,1965.0,1ος,2.0,1.0,Καλή,Η,0,0,1,1,0,0,0,0,Other
Θεσσαλονίκη,Διαμέρισμα,160000,85.0,2021.0,1ος,2.0,1.0,Άριστη,Γ,1,0,0,1,1,0,0,0,Other
Θεσσαλονίκη,Διαμέρισμα,152000,100.0,1980.0,2ος,2.0,1.0,Άριστη,Εκρεμμεί,0,0,0,1,0,0,0,0,"Θεσσαλονίκη,Χαριλάου"
Αττική,Διαμέρισμα,125000,120.0,1990.0,Ισόγειο,2.0,1.0,Νεόδμητο,,1,1,1,0,0,0,0,1,"Άνω Λιόσια,Άγιος Ιωάννης Θεολόγος"
Θεσσαλονίκη,Διαμέρισμα,90000,45.0,1972.0,5ος,1.0,,Ανακαινισμένο,Εκρεμμεί,0,0,1,1,0,0,1,1,"Θεσσαλονίκη,Ανω Πόλη"
Αττική,Κτίριο,1230000,1730.0,2014.0,Ισόγειο,,,Καλή,Ε,0,0,0,0,0,0,0,0,"Αθήνα,Ελληνορώσων"
Αττική,Διαμέρισμα,207000,80.0,2022.0,4ος,2.0,1.0,Νεόδμητο,Α+,0,0,1,1,0,0,0,0,Other
Αττική,Διαμέρισμα,750000,206.0,1981.0,3ος,3.0,2.0,,,0,1,1,1,0,0,0,0,"Κηφισιά,Κεφαλάρι"
Θεσσαλονίκη,Διαμέρισμα,60000,50.0,1972.0,3ος,2.0,1.0,Καλή,Α,0,0,0,1,0,0,0,1,"Θεσσαλονίκη,Βαρδάρη"
Αττική,Διαμέρισμα,110000,82.0,1974.0,1ος,2.0,1.0,Καλή,Ζ,0,0,0,0,0,0,0,0,Other
Αττική,Διαμέρισμα,400000,131.0,1970.0,Ισόγειο,,,Καλή,Η,0,0,0,0,0,0,0,0,"Λυκόβρυση,Κέντρο"
Αττική,Διαμέρισμα,200000,55.0,1966.0,4ος,1.0,1.0,Ανακαινισμένο,Δ,0,0,1,1,0,0,1,0,Other
Αττική,Διαμέρισμα,110000,52.0,1995.0,1ος,1.0,1.0,Ανακαινισμένο,Δ,1,0,1,1,0,0,1,0,Other
Θεσσαλονίκη,Διαμέρισμα,60000,80.0,1967.0,Ημιώροφος,2.0,1.0,Καλή,Η,0,0,0,0,0,0,1,0,Other
Θεσσαλονίκη,Διαμέρισμα,103000,70.0,1960.0,2ος,2.0,1.0,Ανακαινισμένο,Β,0,0,1,1,0,0,0,1,"Θεσσαλονίκη,Κέντρο"
Αττική,Μεζονέτα,155000,92.0,2010.0,"2ος,3ος",2.0,1.0,Καλή,Γ,1,0,0,1,0,0,0,0,Other
Θεσσαλονίκη,Διαμέρισμα,60000,70.0,1967.0,1ος,2.0,1.0,,,0,0,1,0,0,0,0,1,Other
Αττική,Διαμέρισμα,680000,120.0,,3ος,3.0,2.0,Καλή,Γ,0,0,0,0,0,1,0,0,Ραφήνα
Θεσσαλονίκη,Διαμέρισμα,120000,170.0,1980.0,Ισόγειο,3.0,2.0,Άριστη,Δ,0,0,1,1,0,1,1,0,Other
Αττική,Μεζονέτα,1800000,647.0,2008.0,"Υπόγειο,Ισόγειο,1ος",5.0,4.0,Άριστη,Γ,1,0,1,1,0,1,0,0,Εκάλη
Αττική,Μεζονέτα,265000,86.0,2010.0,"3ος,4ος",2.0,1.0,Νεόδμητο,Γ,1,1,0,1,0,0,0,0,"Μαρούσι,Νέο Τέρμα"
Αττική,Διαμέρισμα,460000,118.0,,3ος,3.0,2.0,Υπο κατασκευή,Α+,1,1,1,1,1,1,0,0,Other
Αττική,Διαμέρισμα,248000,95.0,2006.0,3ος,2.0,1.0,Άλλη κατάσταση,,0,0,0,0,0,1,0,0,"Αθήνα,Κάτω Πετράλωνα"
Αττική,Διαμέρισμα,115000,38.0,2021.0,2ος,1.0,1.0,Νεόδμητο,Β+,1,0,0,1,1,0,0,0,"Αθήνα,Παγκράτι"
Αττική,Κτίριο,295000,324.0,1995.0,Ισόγειο,,,Άριστη,Ζ,0,0,0,0,0,0,0,0,"Άνω Λιόσια,Άγιος Ιωάννης Θεολόγος"
Αττική,Διαμέρισμα,110000,93.0,1965.0,3ος,2.0,1.0,Καλή,Ζ,0,0,0,0,0,0,0,0,"Αθήνα,Άνω Κυψέλη"
Αττική,Διαμέρισμα,158000,106.0,1982.0,1ος,3.0,1.0,Καλή,Εκρεμμεί,0,1,1,1,0,1,0,0,Other
Αττική,Μονοκατοικία,850000,200.0,1967.0,Ισόγειο,4.0,,Άλλη κατάσταση,Η,0,0,0,0,0,0,0,0,"Μαρούσι,Νέα Φιλοθέη"
Αττική,Μεζονέτα,75000,145.0,2019.0,"Ισόγειο,1ος,2ος",4.0,1.0,Ημιτελές,Μη αποδοτικό,1,1,0,0,0,1,0,0,Νέα Πέραμος
Θεσσαλονίκη,Διαμέρισμα,270000,90.0,2022.0,3ος,2.0,1.0,Υπο κατασκευή,Α,0,0,1,1,0,0,0,0,Καλαμαριά
Θεσσαλονίκη,Διαμέρισμα,171000,57.0,2022.0,4ος,1.0,1.0,Νεόδμητο,Α,0,0,0,1,0,0,0,1,Καλαμαριά
Αττική,Διαμέρισμα,290000,112.0,2007.0,1ος,3.0,1.0,,,1,0,1,1,0,0,0,0,Other
Αττική,Διαμέρισμα,200000,100.0,1953.0,3ος,2.0,1.0,Ανακαινισμένο,Εκρεμμεί,0,1,1,0,0,0,0,0,"Αθήνα,Άγιος Παντελεήμονας"
Αττική,Μεζονέτα,650000,236.0,1990.0,"Ημιυπόγειο,Ισόγειο,Ημιώροφος",4.0,3.0,Ανακαινισμένο,Β,1,0,1,0,0,1,0,0,"Νέα Ερυθραία,Καστρί"
Αττική,Διαμέρισμα,150000,80.0,1967.0,2ος,2.0,,Ανακαινισμένο,Ε,0,0,1,1,0,0,0,0,"Αθήνα,Γκύζη"
Αττική,Μονοκατοικία,150000,112.0,,"Ισόγειο,1ος",3.0,2.0,,Ε,0,0,0,0,0,0,0,0,Άρτεμις
Αττική,Μεζονέτα,220000,145.0,1990.0,Ισόγειο,2.0,1.0,Καλή,Γ,1,1,0,1,0,1,0,0,Other
Αττική,Μονοκατοικία,80000,80.0,1965.0,Ισόγειο,2.0,1.0,Χρήζει ανακαίνισης,Η,1,1,1,0,0,0,0,0,Other
Αττική,Διαμέρισμα,125000,80.0,1985.0,Ισόγειο,2.0,1.0,Άριστη,Μη αποδοτικό,0,0,0,1,0,0,0,0,Other
Αττική,Μεζονέτα,480000,220.0,,"Ημιυπόγειο,Ισόγειο,1ος,2ος",3.0,2.0,Νεόδμητο,Α,0,0,0,0,0,0,0,0,Other
Αττική,Μεζονέτα,75000,56.0,1955.0,Ισόγειο,1.0,1.0,Νεόδμητο,,0,0,1,1,0,0,1,0,Νέα Πέραμος
Αττική,Διαμέρισμα,155000,55.0,2011.0,5ος,1.0,1.0,Νεόδμητο,Γ,1,0,0,1,0,1,0,0,Other
Αττική,Διαμέρισμα,155000,58.0,2021.0,3ος,2.0,1.0,Υπο κατασκευή,Β+,1,0,0,1,1,0,0,0,Other
Θεσσαλονίκη,Διαμέρισμα,95000,77.0,1993.0,Ισόγειο,2.0,1.0,Άριστη,Β,0,0,0,1,0,0,0,0,"Θεσσαλονίκη,Ανω Πόλη"
Αττική,Διαμέρισμα,144000,45.0,2022.0,1ος,1.0,,Υπο κατασκευή,Α,1,1,0,1,1,0,0,0,"Αθήνα,Πανόρμου"
Αττική,Κτίριο,340000,255.0,1994.0,1ος,4.0,3.0,Ημιτελές,Ε,0,0,0,0,0,0,0,0,"Νέο Ψυχικό,Πλατεία Ελευθερίας"
Αττική,Διαμέρισμα,62000,67.0,1970.0,3ος,2.0,,Ανακαινισμένο,Ζ,1,0,0,0,0,0,0,0,"Αθήνα,Άγιος Παντελεήμονας"
Θεσσαλονίκη,Διαμέρισμα,32000,52.0,1963.0,Ημιυπόγειο,1.0,1.0,Ανακαινισμένο,Η,0,0,0,1,0,0,0,1,"Θεσσαλονίκη,Φάληρο"
Αττική,Διαμέρισμα,450000,150.0,2000.0,2ος,4.0,,,Δ,1,1,0,1,0,1,0,0,Other
Αττική,Μεζονέτα,350000,480.0,2010.0,Ισόγειο,,,Νεόδμητο,Α+,1,0,0,0,0,0,0,0,Other
Θεσσαλονίκη,Διαμέρισμα,78000,98.0,1976.0,4ος,3.0,1.0,Καλή,Ε,0,0,0,1,0,0,0,1,Other
Αττική,Μεζονέτα,180000,172.0,1988.0,"1ος,2ος",4.0,2.0,Άριστη,Εκρεμμεί,1,0,1,1,0,0,0,0,Other
Αττική,Διαμέρισμα,295000,90.0,1966.0,1ος,3.0,1.0,Καλή,Ε,0,1,0,1,0,0,1,0,"Αθήνα,Κουκάκι"
Αττική,Διαμέρισμα,150000,80.0,1981.0,3ος,2.0,1.0,Ανακαινισμένο,Εκρεμμεί,0,0,1,1,0,0,0,0,"Καλλιθέα,Χρυσάκη"
Θεσσαλονίκη,Διαμέρισμα,63000,34.0,1960.0,1ος,1.0,1.0,Άλλη κατάσταση,Α,1,0,0,1,1,0,0,1,"Θεσσαλονίκη,Ντεπώ"
Αττική,Μονοκατοικία,320000,100.0,,Ισόγειο,3.0,1.0,Καλή,Εκρεμμεί,1,1,0,1,0,1,0,0,Other
Θεσσαλονίκη,Διαμέρισμα,175000,65.0,1957.0,3ος,2.0,1.0,Άλλη κατάσταση,Α,1,0,0,1,1,0,0,0,"Θεσσαλονίκη,Κέντρο"
Αττική,Διαμέρισμα,1250000,237.0,2022.0,2ος,3.0,1.0,Υπο κατασκευή,Α,1,0,0,1,0,1,0,0,Εθνικιστών και Αναπήρων Πολέμου
Θεσσαλονίκη,Διαμέρισμα,115000,62.0,1975.0,1ος,2.0,1.0,Ανακαινισμένο,Α,0,0,0,0,0,0,0,0,"Θεσσαλονίκη,Φάληρο"
Αττική,Διαμέρισμα,235000,80.0,2013.0,1ος,2.0,,Καλή,Β+,1,0,1,1,1,1,0,0,"Νέα Σμύρνη,Χρυσάκη"
Αττική,Διαμέρισμα,410000,124.0,2022.0,5ος,2.0,1.0,Νεόδμητο,Α+,0,1,1,1,0,1,0,0,"Καλλιθέα,Χρυσάκη"
Αττική,Διαμέρισμα,159000,53.0,2022.0,2ος,1.0,1.0,Νεόδμητο,Α,0,0,0,1,0,0,0,0,"Καλλιθέα,Κέντρο"
Θεσσαλονίκη,Διαμέρισμα,290000,130.0,2000.0,1ος,3.0,2.0,Άριστη,Δ,0,0,0,1,0,0,0,0,Πανόραμα
Αττική,Κτίριο,500000,532.0,1975.0,Ισόγειο,,,Καλή,Δ,0,0,0,0,0,0,0,0,"Αθήνα,Νιρβάνα"
Αττική,Διαμέρισμα,160000,83.0,2009.0,7ος,2.0,1.0,Καλή,Β+,1,0,0,1,1,0,0,0,"Αθήνα,Άνω Πατήσια"
Θεσσαλονίκη,Μεζονέτα,170000,300.0,2002.0,Ημιώροφος,3.0,3.0,Υπο κατασκευή,Γ,0,0,0,0,0,1,0,0,Other
Αττική,Μονοκατοικία,1400000,445.0,2005.0,"Ημιυπόγειο,Ισόγειο,Υπερυψωμένο,1ος",4.0,3.0,Άριστη,Γ,1,1,0,1,0,1,0,0,Other
Αττική,Μονοκατοικία,1100000,300.0,2005.0,"Ισόγειο,1ος,2ος,3ος",5.0,4.0,Ανακαινισμένο,Γ,1,0,0,0,1,1,0,0,"Κηφισιά,Κάτω Κηφισιά"
Αττική,Διαμέρισμα,50000,29.0,1975.0,1ος,1.0,,Ανακαινισμένο,,0,0,0,0,0,0,0,1,"Αθήνα,Πλατεία Αττικής"
Αττική,Διαμέρισμα,61000,47.0,1975.0,2ος,1.0,1.0,Καλή,Ζ,1,0,0,0,0,0,0,0,"Κορυδαλλός,Πλατεία Ελευθερίας"
Αττική,Διαμέρισμα,265000,110.0,1981.0,3ος,3.0,2.0,Καλή,Εκρεμμεί,0,1,1,1,0,1,0,0,"Πεύκη,Άνω Πεύκη"
Θεσσαλονίκη,Διαμέρισμα,350000,150.0,2003.0,7ος,3.0,1.0,Καλή,Β+,1,0,0,1,1,1,0,0,"Θεσσαλονίκη,Ντεπώ"
Θεσσαλονίκη,Μεζονέτα,255000,148.0,2014.0,1ος,4.0,1.0,Νεόδμητο,Γ,0,0,0,1,0,1,0,0,Καλαμαριά
Αττική,Μονοκατοικία,950000,420.0,1986.0,"Ισόγειο,Υπερυψωμένο",6.0,3.0,Καλή,Γ,1,0,1,1,0,1,0,0,Εκάλη
Αττική,Διαμέρισμα,260000,140.0,1986.0,1ος,3.0,1.0,,Ε,0,0,1,0,0,0,0,0,"Αθήνα,Παγκράτι"
Θεσσαλονίκη,Μεζονέτα,220000,185.0,2004.0,Ισόγειο,4.0,2.0,Καλή,Μη αποδοτικό,0,0,0,1,0,0,0,0,Ωραιόκαστρο
Αττική,Διαμέρισμα,110000,91.0,1959.0,2ος,2.0,1.0,,Η,0,0,1,1,0,0,0,0,"Αθήνα,Άγιος Νικόλαος"
Θεσσαλονίκη,Διαμέρισμα,110000,37.0,2022.0,Ισόγειο,2.0,1.0,Νεόδμητο,Εκρεμμεί,0,0,0,1,0,0,0,1,"Θεσσαλονίκη,Ανω Πόλη"
Αττική,Μεζονέτα,370000,240.0,1988.0,"Ισόγειο,1ος",3.0,1.0,Καλή,Δ,1,0,1,0,0,1,0,0,Πεντέλη
Αττική,Διαμέρισμα,230000,70.0,2020.0,2ος,2.0,1.0,Νεόδμητο,Α+,1,0,0,1,0,1,0,0,Other
Αττική,Διαμέρισμα,170000,125.0,1973.0,3ος,2.0,1.0,Άριστη,Ζ,1,1,1,1,0,0,0,0,"Αθήνα,Κάτω Πετράλωνα"
Θεσσαλονίκη,Διαμέρισμα,95000,46.0,1974.0,4ος,1.0,1.0,Καλή,Εκρεμμεί,0,0,1,1,0,0,0,1,"Θεσσαλονίκη,Ανάληψη"
Αττική,Διαμέρισμα,162000,45.0,2022.0,3ος,1.0,,Υπο κατασκευή,Α,1,1,0,1,1,0,0,0,"Αθήνα,Πανόρμου"
Αττική,Διαμέρισμα,98000,80.0,1969.0,5ος,2.0,1.0,Καλή,Ε,1,0,0,1,1,0,0,0,Other
Αττική,Μεζονέτα,1350000,600.0,,Ισόγειο,,,Ανακαινισμένο,Εκρεμμεί,0,0,0,0,0,0,0,0,Other
Αττική,Διαμέρισμα,160000,86.0,1990.0,2ος,2.0,1.0,Καλή,Εκρεμμεί,0,0,0,1,0,1,0,0,Other
Αττική,Κτίριο,350000,360.0,2004.0,Ισόγειο,7.0,3.0,,,1,1,1,1,0,0,0,0,Other
Αττική,Διαμέρισμα,50000,30.0,,Ημιώροφος,1.0,1.0,Καλή,Μη αποδοτικό,0,0,0,0,0,0,0,0,Other
Θεσσαλονίκη,Διαμέρισμα,220000,130.0,1987.0,3ος,3.0,1.0,Ανακαινισμένο,Δ,0,0,0,1,0,0,0,0,"Θεσσαλονίκη,Χαριλάου"
Αττική,Μονοκατοικία,170000,180.0,2009.0,"Ισόγειο,1ος",4.0,2.0,Άριστη,Β+,1,1,1,0,0,1,0,0,Σαλαμίνα
Αττική,Μονοκατοικία,90000,78.0,2010.0,Ισόγειο,2.0,,Άλλη κατάσταση,Δ,0,0,0,0,0,0,0,0,Δ. Μεγάρων
Αττική,Μονοκατοικία,700000,620.0,1980.0,"Υπόγειο,Ισόγειο,1ος",6.0,5.0,Καλή,,0,0,0,0,0,1,0,0,Εκάλη
Αττική,Διαμέρισμα,220000,75.0,2001.0,Ισόγειο,2.0,1.0,Νεόδμητο,Γ,1,0,1,1,0,0,0,0,"Μαρούσι,Νέο Τέρμα"
Αττική,Διαμέρισμα,123000,111.0,2005.0,2ος,3.0,2.0,Νεόδμητο,Δ,1,1,1,1,0,1,0,0,Other
Αττική,Διαμέρισμα,140000,89.0,1980.0,3ος,3.0,1.0,Καλή,,0,0,1,1,0,0,0,0,"Νέα Ιωνία,Περισσός"
Αττική,Διαμέρισμα,55000,25.0,1966.0,3ος,,,Καλή,Η,0,0,1,0,0,0,0,0,"Αθήνα,Καλλιρρόης"
Αττική,Διαμέρισμα,60000,73.0,1975.0,1ος,2.0,1.0,Χρήζει ανακαίνισης,Εκρεμμεί,1,0,0,1,0,0,0,0,"Αθήνα,Άγιος Νικόλαος"
Θεσσαλονίκη,Διαμέρισμα,240000,164.0,1991.0,Ημιώροφος,3.0,2.0,Ανακαινισμένο,Εκρεμμεί,0,0,0,1,0,1,0,0,Θέρμη
Θεσσαλονίκη,Μονοκατοικία,60000,95.0,1980.0,1ος,2.0,1.0,Καλή,Εκρεμμεί,0,0,0,1,0,0,0,0,Other
Αττική,Μονοκατοικία,600000,370.0,1998.0,Ισόγειο,5.0,4.0,Άλλη κατάσταση,Δ,1,0,0,0,1,1,0,0,Other
Αττική,Μονοκατοικία,800000,881.0,1998.0,"Υπόγειο,Ισόγειο,1ος",6.0,3.0,,,1,0,1,1,0,1,0,0,Other
Αττική,Διαμέρισμα,85000,75.0,1970.0,1ος,1.0,1.0,Καλή,Ε,1,0,0,0,0,0,0,0,Other
Θεσσαλονίκη,Μονοκατοικία,720000,150.0,2004.0,Ισόγειο,3.0,1.0,Άριστη,Α,0,0,0,1,0,1,0,0,Other
Αττική,Μεζονέτα,145000,77.0,1981.0,"5ος,6ος",3.0,1.0,Άριστη,Η,0,0,0,1,0,0,0,0,"Αθήνα,Νέα Κυψέλη"
Θεσσαλονίκη,Διαμέρισμα,300000,110.0,1960.0,6ος,3.0,2.0,Χρήζει ανακαίνισης,Εκρεμμεί,0,0,0,1,0,0,0,1,"Θεσσαλονίκη,Κέντρο"
Αττική,Διαμέρισμα,155000,145.0,1967.0,4ος,3.0,1.0,Άριστη,Ε,0,0,1,1,0,0,1,0,"Αθήνα,Πλατεία Αμερικής"
Αττική,Διαμέρισμα,260000,118.0,1992.0,1ος,3.0,1.0,Άριστη,Γ,1,0,1,1,0,1,0,1,Νέα Πεντέλη
Αττική,Διαμέρισμα,180000,85.0,1970.0,4ος,2.0,1.0,Ανακαινισμένο,,0,1,1,1,0,1,0,0,"Αθήνα,Νέος Κόσμος"
Αττική,Μεζονέτα,130000,43.0,2019.0,Ισόγειο,,1.0,Άλλη κατάσταση,Εκρεμμεί,0,0,0,0,0,0,0,0,"Καλλιθέα,Κέντρο"
Θεσσαλονίκη,Διαμέρισμα,200000,125.0,1972.0,5ος,3.0,2.0,Ανακαινισμένο,Μη αποδοτικό,1,0,0,1,1,0,0,0,Other
Αττική,Μονοκατοικία,330000,165.0,1927.0,Ισόγειο,3.0,2.0,,,1,0,1,0,0,0,0,0,Other
Αττική,Μονοκατοικία,100000,67.0,1936.0,Ισόγειο,2.0,1.0,Ανακαινισμένο,Εκρεμμεί,0,0,0,0,0,0,0,0,Other
Αττική,Μεζονέτα,330000,215.0,2003.0,"Υπόγειο,Ισόγειο,1ος,2ος",3.0,1.0,Καλή,Α+,1,0,0,1,0,0,0,0,Κέντρο
Αττική,Μεζονέτα,450000,160.0,2003.0,"Ισόγειο,1ος",3.0,2.0,Άριστη,,1,1,1,1,0,1,1,0,"Κηφισιά,Νέα Κηφισιά"
Αττική,Μονοκατοικία,2100000,350.0,1993.0,Ισόγειο,5.0,4.0,,,1,0,1,1,0,0,1,0,Ψυχικό
Θεσσαλονίκη,Μεζονέτα,150000,100.0,2009.0,"Ισόγειο,1ος",3.0,1.0,,Γ,1,0,0,1,1,0,0,0,Ωραιόκαστρο
Αττική,Μεζονέτα,220000,150.0,2008.0,"Ισόγειο,1ος,2ος",4.0,2.0,Καλή,Εκρεμμεί,1,1,0,1,0,1,0,0,Παιανία
Αττική,Μεζονέτα,224000,64.0,2022.0,4ος,2.0,1.0,Νεόδμητο,Α+,0,1,1,1,0,0,0,0,"Αθήνα,Ιλίσια"
Αττική,Διαμέρισμα,220000,65.0,1975.0,3ος,2.0,1.0,,Εκρεμμεί,0,0,0,0,0,0,0,0,Other
Θεσσαλονίκη,Μονοκατοικία,550000,460.0,2013.0,Υπόγειο,7.0,3.0,Νεόδμητο,Η,0,0,0,1,0,1,0,0,Πανόραμα
Θεσσαλονίκη,Διαμέρισμα,220000,90.0,1983.0,2ος,2.0,1.0,Άριστη,Γ,0,0,1,1,0,0,1,0,"Θεσσαλονίκη,Ντεπώ"
Αττική,Διαμέρισμα,47000,43.0,1968.0,Ισόγειο,1.0,1.0,Ανακαινισμένο,Ε,0,0,0,1,0,0,0,1,"Αθήνα,Ακαδημία Πλάτωνος"
Αττική,Μεζονέτα,450000,250.0,2001.0,Ισόγειο,3.0,2.0,Άλλη κατάσταση,Γ,1,0,0,1,0,1,0,0,"Νέα Ερυθραία,Μορτερό"
Αττική,Μεζονέτα,300000,125.0,2007.0,"Ισόγειο,1ος",3.0,2.0,Άριστη,Β,1,0,1,1,0,1,0,0,"Κορυδαλλός,Πλατεία Ελευθερίας"
Θεσσαλονίκη,Διαμέρισμα,400000,120.0,2000.0,5ος,2.0,1.0,Άριστη,Γ,0,0,1,1,0,1,1,0,"Θεσσαλονίκη,Φάληρο"
Θεσσαλονίκη,Μονοκατοικία,1500000,1050.0,1995.0,Ισόγειο,5.0,,Άριστη,Εκρεμμεί,0,0,1,1,0,1,0,0,Other
Αττική,Διαμέρισμα,220000,74.0,2022.0,4ος,,,Υπο κατασκευή,Ε,1,0,0,0,0,0,0,0,"Καλλιθέα,Σταθμός ΗΣΑΠ Ταύρου"
Αττική,Μεζονέτα,1450000,490.0,2008.0,Ισόγειο,5.0,4.0,Άλλη κατάσταση,Εκρεμμεί,1,0,1,1,0,1,0,0,Εκάλη
Θεσσαλονίκη,Διαμέρισμα,46000,32.0,1974.0,3ος,1.0,1.0,Καλή,Γ,0,0,1,1,0,0,1,1,"Θεσσαλονίκη,Βαρδάρη"
Αττική,Διαμέρισμα,320000,160.0,1990.0,2ος,3.0,1.0,Άριστη,,1,0,0,0,0,1,0,0,Other
Αττική,Διαμέρισμα,320000,125.0,1970.0,8ος,3.0,1.0,Ανακαινισμένο,Ε,1,0,1,1,0,0,0,0,Other
Αττική,Διαμέρισμα,78000,52.0,1965.0,1ος,1.0,1.0,Ανακαινισμένο,Ζ,0,0,1,1,0,0,1,1,"Αθήνα,Κολιάτσου"
Αττική,Μεζονέτα,370000,160.0,1998.0,"Ισόγειο,1ος,2ος",3.0,1.0,Άριστη,Ε,1,1,1,0,0,1,0,0,Σπάτα
Αττική,Διαμέρισμα,125000,60.0,2004.0,3ος,1.0,1.0,Ανακαινισμένο,Α,1,0,0,1,1,0,1,0,"Αθήνα,Άγιος Παντελεήμονας"
Αττική,Διαμέρισμα,118000,58.0,1971.0,Ισόγειο,2.0,1.0,Καλή,Δ,1,0,1,0,1,0,0,0,Other
Θεσσαλονίκη,Διαμέρισμα,110000,60.0,1970.0,Ημιώροφος,2.0,1.0,Ανακαινισμένο,Β+,0,0,1,1,0,0,0,1,"Θεσσαλονίκη,Ανάληψη"
Αττική,Κτίριο,720000,373.0,1985.0,Ισόγειο,5.0,2.0,Καλή,Γ,0,1,0,1,0,1,0,0,Other
Αττική,Μεζονέτα,700000,340.0,2016.0,5ος,6.0,1.0,Ημιτελές,Γ,0,0,0,0,0,0,0,0,Ραφήνα
Αττική,Διαμέρισμα,140000,76.0,2000.0,1ος,2.0,1.0,Καλή,Γ,1,1,0,1,0,1,0,0,Other
Θεσσαλονίκη,Διαμέρισμα,120000,82.0,1978.0,4ος,2.0,1.0,Ανακαινισμένο,Μη αποδοτικό,1,0,0,1,1,1,0,0,"Θεσσαλονίκη,Χαριλάου"
Αττική,Μονοκατοικία,550000,180.0,1981.0,"Ισόγειο,1ος",2.0,1.0,Καλή,Εκρεμμεί,1,1,0,0,0,0,0,0,"Παλλήνη,Κέντρο"
Αττική,Διαμέρισμα,250000,100.0,1990.0,5ος,1.0,1.0,Καλή,Γ,1,0,1,1,0,0,0,0,"Καλλιθέα,Χρυσάκη"
Αττική,Μονοκατοικία,250000,200.0,1997.0,"Ισόγειο,1ος",4.0,2.0,Άριστη,Ζ,0,1,1,0,0,1,0,0,Other
Αττική,Διαμέρισμα,96000,92.0,1957.0,1ος,2.0,1.0,Καλή,Ζ,1,0,0,0,0,0,0,0,"Αθήνα,Άνω Κυψέλη"
Αττική,Διαμέρισμα,45000,50.0,1968.0,Ισόγειο,1.0,,Καλή,Ζ,1,0,0,0,0,0,0,0,"Αθήνα,Κολιάτσου"
Αττική,Μεζονέτα,395200,112.0,2022.0,3ος,3.0,1.0,Υπο κατασκευή,,0,0,1,1,0,0,0,0,"Μαρούσι,Νέο Τέρμα"
Θεσσαλονίκη,Διαμέρισμα,300000,115.0,2022.0,6ος,3.0,1.0,Άριστη,Α+,0,1,1,1,0,1,0,0,Καλαμαριά
Αττική,Μονοκατοικία,600000,238.0,1960.0,"Υπερυψωμένο,1ος",4.0,,Άριστη,Β,1,0,1,1,0,1,1,0,Παιανία
Αττική,Μονοκατοικία,1200000,350.0,1982.0,"Ισόγειο,1ος,2ος",5.0,4.0,Καλή,Γ,0,1,1,0,0,1,0,0,Φιλοθέη
Αττική,Μεζονέτα,250000,122.0,1993.0,"3ος,4ος",,1.0,Άριστη,Ε,1,1,1,0,0,1,0,0,Other
Θεσσαλονίκη,Διαμέρισμα,290000,120.0,1965.0,1ος,3.0,1.0,Ανακαινισμένο,Γ,0,0,1,1,0,0,0,1,"Θεσσαλονίκη,Κέντρο"
Αττική,Διαμέρισμα,160000,84.0,,Ισόγειο,2.0,,Άριστη,,0,0,0,0,0,0,0,0,Ραφήνα
Αττική,Μονοκατοικία,800000,400.0,1977.0,"Υπόγειο,Ισόγειο,1ος,2ος,3ος",6.0,3.0,,Ζ,1,0,1,0,0,1,0,0,Other
Αττική,Διαμέρισμα,100000,98.0,1980.0,3ος,3.0,1.0,Άλλη κατάσταση,Ζ,1,0,1,1,0,0,0,0,"Αθήνα,Τρεις Γέφυρες"
Αττική,Διαμέρισμα,240000,115.0,2010.0,2ος,3.0,1.0,Καλή,Εκρεμμεί,1,0,0,0,0,1,0,0,Ραφήνα
Αττική,Διαμέρισμα,190000,108.0,1980.0,4ος,2.0,1.0,Καλή,Η,1,0,0,0,1,0,0,0,"Αθήνα,Αμπελόκηποι"
Αττική,Διαμέρισμα,48000,36.0,1970.0,Υπερυψωμένο,1.0,1.0,,Β,0,0,0,1,0,0,0,1,"Αθήνα,Άνω Πατήσια"
Θεσσαλονίκη,Μεζονέτα,380000,164.0,2022.0,4ος,4.0,3.0,Υπο κατασκευή,Α,0,0,0,1,0,0,0,0,"Θεσσαλονίκη,Κάτω Τούμπα"
Θεσσαλονίκη,Διαμέρισμα,280000,125.0,2021.0,2ος,3.0,1.0,Υπο κατασκευή,Α+,0,0,0,1,0,0,0,0,Θέρμη
Θεσσαλονίκη,Διαμέρισμα,78000,62.0,2005.0,4ος,2.0,1.0,,,0,0,0,0,0,0,0,0,Other
Αττική,Μεζονέτα,240000,104.0,2022.0,"1ος,2ος",3.0,1.0,Νεόδμητο,Εκρεμμεί,0,0,0,1,0,1,0,0,"Καλλιθέα,ΟΤΕ"
Θεσσαλονίκη,Διαμέρισμα,60000,45.0,1986.0,1ος,1.0,1.0,,Μη αποδοτικό,0,0,1,1,0,0,1,1,Other
Αττική,Διαμέρισμα,280000,85.0,1955.0,1ος,3.0,1.0,,Εκρεμμεί,0,0,0,0,0,0,0,0,Other
Αττική,Κτίριο,480000,576.0,,"Ισόγειο,1ος,2ος,3ος",,,Χρήζει ανακαίνισης,Δ,0,0,0,0,0,0,0,0,Other
Θεσσαλονίκη,Διαμέρισμα,102000,94.0,2005.0,3ος,2.0,1.0,Άριστη,Α+,0,0,1,1,0,1,0,0,Other
Αττική,Οικία,520000,252.0,,"Ισόγειο,1ος",4.0,3.0,Άριστη,Α,1,0,1,1,0,1,0,0,Παιανία
Θεσσαλονίκη,Διαμέρισμα,65000,92.0,2009.0,Ισόγειο,2.0,1.0,Νεόδμητο,Β+,0,1,0,0,0,1,0,0,Other
Αττική,Διαμέρισμα,340000,125.0,1970.0,7ος,4.0,1.0,Ανακαινισμένο,Εκρεμμεί,1,0,0,1,0,0,0,0,Other
Αττική,Διαμέρισμα,405000,130.0,2007.0,1ος,2.0,1.0,,Γ,0,0,1,0,0,0,0,0,Other
Αττική,Διαμέρισμα,250000,72.0,,1ος,2.0,1.0,Ανακαινισμένο,Εκρεμμεί,1,1,1,1,1,0,0,0,Ψυχικό
Αττική,Διαμέρισμα,335000,136.0,2010.0,5ος,3.0,,Νεόδμητο,Γ,1,1,0,0,0,1,0,0,"Κορυδαλλός,Πλατεία Ελευθερίας"
Αττική,Διαμέρισμα,215000,106.0,2007.0,2ος,3.0,1.0,Άριστη,Δ,1,0,0,1,0,0,0,0,"Ταύρος Αττικής,Κέντρο"
Αττική,Διαμέρισμα,120000,63.0,1986.0,3ος,1.0,1.0,,,1,0,0,1,0,0,0,0,"Ταύρος Αττικής,Κέντρο"
Αττική,Κτίριο,950000,429.0,1964.0,Ισόγειο,1.0,1.0,Καλή,Η,0,0,0,0,0,0,0,0,"Αθήνα,Άνω Πατήσια"
Αττική,Μεζονέτα,195000,120.0,2008.0,Ισόγειο,3.0,1.0,Άλλη κατάσταση,Δ,0,0,0,0,0,0,0,0,Other
Αττική,Διαμέρισμα,1400000,258.0,1990.0,"1ος,2ος",5.0,3.0,Ανακαινισμένο,Ε,1,0,0,1,0,1,0,0,Other
Αττική,Κτίριο,950000,355.0,2012.0,Ισόγειο,,,Νεόδμητο,Γ,1,1,1,1,0,0,1,0,Άρτεμις
Αττική,Διαμέρισμα,310000,85.0,2022.0,4ος,2.0,1.0,Υπο κατασκευή,Α,0,0,0,1,0,1,0,0,Other
Αττική,Διαμέρισμα,90000,120.0,1939.0,Ισόγειο,,,Χρήζει ανακαίνισης,Μη αποδοτικό,0,0,0,0,0,0,0,0,Other
Αττική,Μονοκατοικία,170000,56.0,2000.0,Ισόγειο,1.0,1.0,Καλή,Δ,0,0,0,0,0,0,0,0,Άρτεμις
Αττική,Διαμέρισμα,155000,84.0,2008.0,6ος,2.0,1.0,Νεόδμητο,Γ,0,1,0,1,0,0,0,0,"Αθήνα,Πλατεία Αττικής"
Αττική,Κτίριο,280000,332.0,1950.0,Ισόγειο,4.0,1.0,,,0,0,1,0,0,0,0,0,"Αθήνα,Πλατεία Αττικής"
Θεσσαλονίκη,Διαμέρισμα,250000,165.0,1978.0,3ος,3.0,2.0,Καλή,Εκρεμμεί,0,0,0,0,0,0,0,0,"Θεσσαλονίκη,Ντεπώ"
Θεσσαλονίκη,Μονοκατοικία,540000,300.0,2009.0,"Ισόγειο,1ος,2ος",6.0,3.0,Καλή,Μη αποδοτικό,0,0,1,1,0,0,0,1,Πυλαία
Αττική,Διαμέρισμα,130000,87.0,1981.0,3ος,2.0,,Άριστη,Ε,0,0,1,0,0,0,0,0,"Καλλιθέα,Τζιτζιφιές"
Αττική,Διαμέρισμα,120000,96.0,1986.0,1ος,2.0,1.0,Άλλη κατάσταση,Δ,1,0,0,1,0,0,0,0,"Άνω Λιόσια,Άγιος Ιωάννης Θεολόγος"
Αττική,Κτίριο,220000,140.0,2002.0,Ισόγειο,1.0,1.0,Νεόδμητο,,1,0,0,0,0,0,0,1,Other
Θεσσαλονίκη,Μονοκατοικία,92000,98.0,1970.0,Ισόγειο,2.0,2.0,Καλή,Εκρεμμεί,0,1,0,0,0,0,0,0,Other
Αττική,Διαμέρισμα,285000,71.0,1962.0,1ος,2.0,1.0,Καλή,Η,0,0,0,0,0,0,0,0,"Αθήνα,Κολωνάκι"
Αττική,Διαμέρισμα,250000,131.0,1995.0,1ος,3.0,1.0,Καλή,Β,0,0,0,1,0,1,0,0,Δροσιά
Αττική,Διαμέρισμα,230000,93.0,2011.0,4ος,2.0,1.0,,Α,1,1,0,0,0,1,0,0,Other
Αττική,Διαμέρισμα,325000,158.0,1980.0,Ισόγειο,3.0,2.0,Άριστη,Ε,1,0,0,0,0,1,0,0,"Αθήνα,Νέα Φιλοθέη"
Αττική,Διαμέρισμα,62000,50.0,1970.0,2ος,1.0,1.0,Ανακαινισμένο,Η,1,1,1,1,0,0,0,0,"Αθήνα,Πλατεία Βικτωρίας"
Αττική,Μονοκατοικία,280000,180.0,1983.0,Ισόγειο,4.0,2.0,Ανακαινισμένο,Ζ,0,1,1,0,0,1,0,0,"Αθήνα,Ελληνορώσων"
Αττική,Διαμέρισμα,250000,60.0,1962.0,5ος,1.0,1.0,Καλή,Εκρεμμεί,0,0,0,0,0,0,0,0,Other
Αττική,Οικία,300000,160.0,1970.0,"Ισόγειο,Υπερυψωμένο",4.0,2.0,Ανακαινισμένο,,1,0,1,0,0,1,0,0,Ραφήνα
Θεσσαλονίκη,Μονοκατοικία,380000,400.0,1980.0,Ισόγειο,5.0,2.0,Καλή,Εκρεμμεί,0,0,0,1,0,1,0,0,Other
Αττική,Κτίριο,498000,597.0,2008.0,Ισόγειο,14.0,10.0,Ημιτελές,Μη αποδοτικό,0,0,0,0,0,0,0,0,"Αθήνα,Αγία Παρασκευή"
Αττική,Διαμέρισμα,160000,106.0,1963.0,4ος,4.0,1.0,,,1,1,1,1,0,0,0,0,"Αθήνα,Πλατεία Αμερικής"
Θεσσαλονίκη,Διαμέρισμα,89000,89.0,1985.0,1ος,2.0,1.0,Καλή,Δ,0,0,1,0,0,0,0,0,Other
Αττική,Διαμέρισμα,120000,82.0,1970.0,1ος,6.0,1.0,Χρήζει ανακαίνισης,Ζ,0,0,0,0,0,0,0,0,Other
Αττική,Διαμέρισμα,175000,73.0,1970.0,5ος,1.0,1.0,,Ε,0,0,1,1,0,0,0,0,"Αθήνα,Παγκράτι"
Αττική,Διαμέρισμα,129000,115.0,1962.0,1ος,2.0,,Χρήζει ανακαίνισης,Η,1,0,1,1,0,0,0,0,"Αθήνα,Κολιάτσου"
Αττική,Διαμέρισμα,335000,93.0,2022.0,2ος,3.0,2.0,Νεόδμητο,Α+,1,0,0,0,1,0,0,0,Other
Αττική,Κτίριο,630000,325.0,2007.0,Ισόγειο,6.0,5.0,Νεόδμητο,,1,1,1,1,0,0,1,0,Other
Αττική,Διαμέρισμα,90000,85.0,1980.0,3ος,2.0,1.0,Άλλη κατάσταση,Εκρεμμεί,1,0,0,0,0,0,0,0,Other
Αττική,Διαμέρισμα,180000,90.0,1973.0,4ος,2.0,1.0,,Ζ,0,0,0,0,0,0,0,0,"Αθήνα,Πανόρμου"
Θεσσαλονίκη,Διαμέρισμα,250000,140.0,1995.0,Ισόγειο,3.0,1.0,Καλή,Β,0,1,1,0,0,1,0,0,Other
Αττική,Διαμέρισμα,295000,61.0,2022.0,1ος,2.0,2.0,Νεόδμητο,Α,1,0,0,1,1,0,0,0,Μοσχάτο
Αττική,Διαμέρισμα,100000,71.0,1970.0,1ος,2.0,1.0,,Ζ,1,1,1,0,0,0,0,1,Other
Αττική,Μονοκατοικία,135000,86.0,1980.0,"Υπόγειο,Ισόγειο,1ος",2.0,1.0,Καλή,Ε,1,0,1,1,0,0,0,0,Other
Θεσσαλονίκη,Μεζονέτα,175000,130.0,2005.0,Ισόγειο,3.0,,Νεόδμητο,Εκρεμμεί,0,0,0,1,0,1,0,0,Other
Αττική,Διαμέρισμα,285000,84.0,2022.0,2ος,2.0,2.0,Καλή,Α,0,0,0,1,0,0,0,0,Other
Αττική,Διαμέρισμα,240000,93.0,2003.0,1ος,2.0,1.0,Νεόδμητο,,1,0,0,1,0,0,0,1,Other
Θεσσαλονίκη,Μονοκατοικία,150000,210.0,2007.0,Ισόγειο,4.0,2.0,Χρήζει ανακαίνισης,Γ,0,0,0,0,0,1,0,0,Other
Αττική,Κτίριο,850000,429.0,2000.0,Ισόγειο,,2.0,Άριστη,Δ,0,1,1,1,0,0,0,0,Πεντέλη
Αττική,Μονοκατοικία,100000,80.0,1994.0,Ισόγειο,2.0,1.0,Άλλη κατάσταση,Γ,0,0,1,0,0,1,1,0,Other
Αττική,Μεζονέτα,140000,172.0,2010.0,Ισόγειο,3.0,2.0,Ημιτελές,Δ,1,0,0,0,0,1,0,0,Other
Αττική,Μονοκατοικία,1800000,350.0,1970.0,"Υπόγειο,Ισόγειο,1ος",4.0,4.0,Άριστη,Ζ,0,0,0,0,0,0,0,0,Ψυχικό
Αττική,Μονοκατοικία,155000,80.0,1990.0,Ισόγειο,2.0,,Καλή,Η,0,0,0,0,0,0,0,0,"Καλλιθέα,ΟΤΕ"
Αττική,Μονοκατοικία,600000,250.0,1992.0,"Ισόγειο,1ος,2ος",4.0,3.0,Ανακαινισμένο,Δ,1,0,0,1,0,1,0,0,Other
Αττική,Διαμέρισμα,223000,97.0,2008.0,7ος,3.0,1.0,Νεόδμητο,Β,1,0,0,0,0,1,0,0,Other
Αττική,Διαμέρισμα,75000,113.0,1974.0,1ος,3.0,1.0,,,1,0,1,1,0,0,0,0,Other
Αττική,Διαμέρισμα,138000,78.0,2008.0,2ος,2.0,1.0,Άλλη κατάσταση,Δ,1,1,1,1,0,0,0,0,"Άνω Λιόσια,Άγιος Γεώργιος"
Αττική,Μονοκατοικία,240000,170.0,2009.0,"3ος,4ος,5ος",3.0,2.0,Νεόδμητο,Δ,1,0,0,0,0,1,0,0,Other
Θεσσαλονίκη,Διαμέρισμα,290000,113.0,1999.0,3ος,2.0,1.0,Άριστη,Γ,0,0,1,1,0,0,0,0,Καλαμαριά
Αττική,Μονοκατοικία,1750000,450.0,1985.0,"Ισόγειο,1ος",4.0,3.0,Καλή,Ε,1,0,0,1,0,1,0,0,Other
Αττική,Διαμέρισμα,136000,89.0,1978.0,3ος,2.0,1.0,,,1,0,1,1,0,0,0,0,"Καλλιθέα,ΟΤΕ"
Αττική,Μονοκατοικία,500000,240.0,1983.0,"Ισόγειο,1ος",4.0,3.0,Καλή,Δ,1,1,0,0,0,1,0,0,Other
Αττική,Διαμέρισμα,171000,57.0,2022.0,Ισόγειο,1.0,,Υπο κατασκευή,Α,1,1,0,1,1,0,0,0,"Αθήνα,Πανόρμου"
Θεσσαλονίκη,Μεζονέτα,199000,110.0,2007.0,1ος,2.0,1.0,Άλλη κατάσταση,Α,1,0,1,1,1,1,0,0,Καλαμαριά
Θεσσαλονίκη,Διαμέρισμα,110000,60.0,1980.0,4ος,2.0,1.0,Καλή,Α,0,0,1,1,0,0,1,1,"Θεσσαλονίκη,Κέντρο"
Αττική,Διαμέρισμα,235000,98.0,1980.0,2ος,3.0,1.0,Καλή,Δ,0,0,0,1,0,0,0,0,"Άλιμος,Καλαμάκι"
Αττική,Μονοκατοικία,450000,220.0,2008.0,Ισόγειο,4.0,3.0,Καλή,Δ,1,0,1,1,0,0,0,0,Other
Αττική,Διαμέρισμα,152000,112.0,1980.0,5ος,3.0,1.0,,Δ,0,0,0,0,0,0,0,0,"Ηράκλειο,Άνω Ψαλίδι"
Θεσσαλονίκη,Διαμέρισμα,75000,75.0,1976.0,3ος,2.0,1.0,Ανακαινισμένο,Μη αποδοτικό,0,0,0,1,0,0,0,0,Other
Αττική,Διαμέρισμα,750000,200.0,2008.0,2ος,3.0,1.0,Καλή,Β,1,0,1,0,0,1,0,0,"Κηφισιά,Κεφαλάρι"
Αττική,Διαμέρισμα,650000,300.0,2007.0,Ισόγειο,6.0,,Καλή,Γ,0,1,0,1,0,0,0,0,Ντράφι
Θεσσαλονίκη,Μεζονέτα,165000,160.0,2003.0,Ισόγειο,3.0,1.0,,,1,1,0,1,0,1,0,0,Other
Αττική,Μονοκατοικία,210000,88.0,1998.0,Ισόγειο,2.0,2.0,Καλή,Εκρεμμεί,0,0,0,0,0,0,0,0,Other
Θεσσαλονίκη,Διαμέρισμα,110000,86.0,1980.0,1ος,2.0,1.0,Ανακαινισμένο,Δ,0,0,1,0,0,0,0,0,Other
Αττική,Διαμέρισμα,57000,35.0,2002.0,Ισόγειο,1.0,1.0,Νεόδμητο,Δ,0,1,0,1,0,0,0,1,Other
Αττική,Διαμέρισμα,120000,75.0,1975.0,3ος,2.0,,Καλή,Ζ,1,0,0,1,0,0,0,0,"Αθήνα,Κάτω Πετράλωνα"
Αττική,Διαμέρισμα,400000,130.0,1976.0,2ος,3.0,2.0,Ανακαινισμένο,Γ,1,0,0,1,1,0,0,0,"Άλιμος,Καλαμάκι"
Αττική,Διαμέρισμα,650000,127.0,2005.0,5ος,3.0,1.0,Άριστη,Γ,1,1,1,1,0,1,0,0,Ραφήνα
Θεσσαλονίκη,Διαμέρισμα,380000,128.0,1969.0,4ος,1.0,1.0,Άλλη κατάσταση,Δ,1,0,0,1,1,0,0,1,Other
Αττική,Διαμέρισμα,130000,90.0,2020.0,2ος,2.0,2.0,Ημιτελές,Μη αποδοτικό,0,0,0,0,0,0,0,0,"Ηράκλειο,Αγία Τριάδα"
Αττική,Μεζονέτα,320000,254.0,2012.0,"Ημιυπόγειο,Υπερυψωμένο,1ος",4.0,3.0,Νεόδμητο,,1,1,0,0,0,0,0,0,Σπάτα
Αττική,Διαμέρισμα,290000,107.0,2008.0,1ος,3.0,1.0,Καλή,Γ,1,0,0,0,0,1,0,0,"Μαρούσι,Νέο Τέρμα"
Αττική,Διαμέρισμα,85000,33.0,1990.0,5ος,1.0,1.0,Καλή,Ε,0,0,0,0,0,0,0,0,"Καλλιθέα,Λόφος Φιλαρέτου"
Αττική,Διαμέρισμα,160000,90.0,1975.0,1ος,2.0,1.0,Ανακαινισμένο,Δ,0,0,1,1,0,1,0,0,"Αθήνα,Νέος Κόσμος"
Αττική,Μονοκατοικία,500000,130.0,1982.0,Ισόγειο,2.0,2.0,Καλή,Ζ,1,0,0,0,0,1,0,0,Other
Θεσσαλονίκη,Μεζονέτα,255000,145.0,2011.0,1ος,3.0,2.0,Άλλη κατάσταση,Β,1,0,0,1,0,1,0,0,Θέρμη
Αττική,Διαμέρισμα,125000,115.0,1980.0,4ος,2.0,2.0,Ανακαινισμένο,,0,0,0,1,0,0,0,0,Other
Θεσσαλονίκη,Διαμέρισμα,59000,80.0,1975.0,3ος,2.0,1.0,Καλή,Εκρεμμεί,0,0,1,1,0,0,0,0,Other
Αττική,Διαμέρισμα,68000,85.0,,1ος,2.0,1.0,,,1,0,1,0,0,0,0,0,Other
Αττική,Διαμέρισμα,85000,91.0,1975.0,Ισόγειο,2.0,1.0,,Β,1,0,1,1,0,0,1,0,Other
Θεσσαλονίκη,Διαμέρισμα,38000,52.0,2003.0,Ημιυπόγειο,1.0,,Ανακαινισμένο,Γ,0,0,1,1,0,0,0,0,Πυλαία
Αττική,Διαμέρισμα,312000,103.0,2020.0,1ος,3.0,1.0,Νεόδμητο,Δ,0,0,0,0,0,0,0,0,Other
Θεσσαλονίκη,Διαμέρισμα,340000,125.0,2022.0,4ος,3.0,1.0,Νεόδμητο,Α,0,0,0,1,0,0,0,0,"Θεσσαλονίκη,Πυλαία"
Αττική,Μεζονέτα,211000,85.0,2007.0,2ος,1.0,1.0,,Γ,1,0,0,0,0,0,0,0,"Νέα Ιωνία,Λαζάρου"
Αττική,Κτίριο,270000,240.0,1958.0,Ισόγειο,6.0,,Καλή,Ζ,0,0,0,0,0,0,0,0,"Αθήνα,Τρεις Γέφυρες"
Αττική,Διαμέρισμα,80000,75.0,1978.0,2ος,2.0,1.0,Άλλη κατάσταση,Εκρεμμεί,1,0,0,0,0,0,0,0,"Πέραμα,Κέντρο"
Θεσσαλονίκη,Διαμέρισμα,30000,70.0,1976.0,Υπόγειο,1.0,1.0,Καλή,Ε,1,1,0,0,0,0,0,1,"Θεσσαλονίκη,Ανω Τούμπα"
Αττική,Κτίριο,270000,287.0,1967.0,Ισόγειο,4.0,2.0,,,1,0,1,1,0,0,0,0,Other
Αττική,Διαμέρισμα,350000,203.0,1977.0,Ισόγειο,3.0,2.0,Καλή,Μη αποδοτικό,1,0,0,0,0,1,0,0,Other
Αττική,Διαμέρισμα,200000,85.0,2006.0,1ος,2.0,,Νεόδμητο,Γ,1,1,1,1,0,0,0,0,Other
Θεσσαλονίκη,Διαμέρισμα,59000,121.0,1968.0,Ισόγειο,1.0,1.0,,Μη αποδοτικό,1,0,1,0,1,0,0,0,"Θεσσαλονίκη,Βαρδάρη"
Αττική,Διαμέρισμα,155000,40.0,2008.0,8ος,1.0,1.0,Καλή,Μη αποδοτικό,1,0,0,1,0,0,0,0,"Αθήνα,Κουκάκι"
Αττική,Διαμέρισμα,195000,105.0,1958.0,Υπερυψωμένο,2.0,1.0,Άλλη κατάσταση,Δ,1,0,1,0,0,0,0,0,Other
Αττική,Διαμέρισμα,350000,137.0,1980.0,1ος,2.0,1.0,,Ζ,0,0,0,1,0,1,0,0,Other
Αττική,Μονοκατοικία,90000,110.0,1994.0,"Ισόγειο,1ος",2.0,2.0,Ημιτελές,,0,0,0,0,0,0,0,0,Other
Αττική,Διαμέρισμα,60000,55.0,1970.0,1ος,1.0,1.0,,Ζ,0,0,0,0,0,0,0,1,Other
Θεσσαλονίκη,Διαμέρισμα,128000,55.0,1967.0,1ος,2.0,1.0,Ανακαινισμένο,Δ,0,0,1,1,0,0,1,1,"Θεσσαλονίκη,Κέντρο"
Αττική,Διαμέρισμα,135000,77.0,2011.0,2ος,2.0,1.0,Άριστη,Β,1,1,0,1,0,0,0,0,Other
Αττική,Διαμέρισμα,230000,71.0,2022.0,1ος,2.0,1.0,Νεόδμητο,Α+,0,1,0,1,0,0,0,0,Other
Αττική,Διαμέρισμα,427000,99.0,2020.0,5ος,2.0,2.0,Ημιτελές,Α+,1,0,1,1,1,0,0,0,"Αθήνα,Παγκράτι"
Αττική,Διαμέρισμα,570000,120.0,2022.0,3ος,3.0,2.0,Υπο κατασκευή,Α+,0,0,0,1,0,1,0,0,"Άλιμος,Καλαμάκι"
Θεσσαλονίκη,Μονοκατοικία,470000,480.0,2000.0,Ισόγειο,8.0,5.0,Καλή,Ε,0,0,0,1,0,1,0,0,Ευκαρπία
Θεσσαλονίκη,Διαμέρισμα,67000,61.0,1972.0,1ος,2.0,1.0,Καλή,Εξαιρείται,0,0,0,1,0,0,1,1,"Θεσσαλονίκη,Ανω Πόλη"
Αττική,Διαμέρισμα,230000,68.0,2022.0,4ος,2.0,1.0,Νεόδμητο,Α+,0,1,1,1,0,0,0,0,Other
Αττική,Μονοκατοικία,500000,243.0,1980.0,Ισόγειο,4.0,2.0,Άριστη,Ε,1,0,0,1,0,0,0,0,Πεντέλη
Αττική,Διαμέρισμα,200000,95.0,1997.0,2ος,2.0,1.0,Καλή,Ε,1,1,0,1,1,0,0,0,Other
Θεσσαλονίκη,Διαμέρισμα,140000,170.0,2004.0,2ος,3.0,2.0,Νεόδμητο,Δ,0,0,0,1,0,1,0,0,Other
Αττική,Κτίριο,240000,224.0,1963.0,Ισόγειο,5.0,3.0,,,0,0,1,0,0,0,0,0,"Λυκόβρυση,Κέντρο"
Αττική,Διαμέρισμα,135000,250.0,2003.0,2ος,5.0,3.0,Υπο κατασκευή,Δ,1,0,0,0,1,0,0,0,Κέντρο
Θεσσαλονίκη,Διαμέρισμα,220000,172.0,1996.0,2ος,4.0,2.0,Άριστη,Εκρεμμεί,0,0,1,1,0,1,0,0,Περαία
Αττική,Διαμέρισμα,130000,82.0,1990.0,1ος,2.0,1.0,,,1,0,0,1,0,0,0,0,Άρτεμις
Αττική,Διαμέρισμα,170000,110.0,1968.0,1ος,2.0,1.0,Άλλη κατάσταση,Δ,1,0,0,0,0,0,0,0,"Κορυδαλλός,Πλατεία Ελευθερίας"
Θεσσαλονίκη,Διαμέρισμα,178000,60.0,1960.0,6ος,2.0,1.0,Χρήζει ανακαίνισης,Εκρεμμεί,0,0,0,1,0,0,0,0,Other
Θεσσαλονίκη,Κτίριο,225000,210.0,2008.0,Ισόγειο,5.0,3.0,Υπο κατασκευή,,1,0,0,1,0,0,0,1,Other
Αττική,Μονοκατοικία,590000,420.0,2006.0,Ισόγειο,6.0,1.0,Καλή,Β,1,0,0,0,0,1,0,0,Other
Αττική,Διαμέρισμα,230000,92.0,1995.0,3ος,2.0,1.0,Άριστη,Δ,1,1,1,0,0,1,0,0,Other
Αττική,Μονοκατοικία,140000,395.0,1980.0,"Υπόγειο,Ισόγειο,1ος",,,,Ζ,1,1,0,0,0,0,0,0,Σαλαμίνα
Αττική,Μονοκατοικία,100000,53.0,1973.0,Ισόγειο,2.0,1.0,Ανακαινισμένο,Η,1,1,1,0,0,0,0,0,Νέα Πέραμος
Αττική,Διαμέρισμα,340000,80.0,2020.0,4ος,2.0,1.0,,,1,0,0,0,0,0,0,0,"Νέα Ιωνία,Σαφράμπολη"
Θεσσαλονίκη,Διαμέρισμα,250000,160.0,1990.0,3ος,3.0,1.0,Καλή,Β,0,0,0,0,0,1,0,0,Πυλαία
Αττική,Μονοκατοικία,1200000,320.0,1982.0,"Υπόγειο,Ισόγειο,1ος",4.0,3.0,Καλή,Μη αποδοτικό,1,1,1,1,0,1,1,0,Κέντρο
Αττική,Κτίριο,1200000,340.0,2008.0,Ισόγειο,,,Καλή,Ε,0,0,0,0,0,0,0,0,Other
Θεσσαλονίκη,Μεζονέτα,190000,290.0,2005.0,Ισόγειο,5.0,2.0,Καλή,Δ,0,0,0,1,0,0,0,0,Other
Αττική,Μονοκατοικία,150000,73.0,1979.0,Υπερυψωμένο,2.0,1.0,,,1,1,1,0,0,0,1,0,Other
Αττική,Διαμέρισμα,250000,125.0,,4ος,2.0,1.0,Καλή,Εκρεμμεί,0,0,0,0,0,0,0,0,"Αθήνα,Αμπελόκηποι"
Αττική,Διαμέρισμα,100000,45.0,2022.0,3ος,1.0,1.0,Νεόδμητο,Γ,1,1,1,1,0,0,0,0,Other
Αττική,Διαμέρισμα,180000,70.0,1971.0,3ος,2.0,1.0,,Εκρεμμεί,0,0,1,1,0,0,0,0,Other
Αττική,Διαμέρισμα,130000,51.0,1968.0,2ος,1.0,1.0,,,0,0,1,1,0,0,0,0,Other
Αττική,Μονοκατοικία,2150000,470.0,1990.0,Υπόγειο,5.0,4.0,Άριστη,Γ,0,0,0,0,0,0,0,0,"Κηφισιά,Κεφαλάρι"
Αττική,Διαμέρισμα,44000,55.0,1960.0,Ισόγειο,,,Καλή,Δ,0,0,0,0,0,0,0,0,"Αθήνα,Πλατεία Αττικής"
Αττική,Διαμέρισμα,95000,74.0,1979.0,3ος,2.0,1.0,Καλή,Ζ,0,0,0,0,0,0,0,0,"Αθήνα,Πλατεία Αμερικής"
Αττική,Μονοκατοικία,120000,110.0,2000.0,"1ος,2ος",3.0,2.0,Καλή,Β,1,1,0,0,0,0,0,0,Ζεφύρι
Αττική,Διαμέρισμα,130000,115.0,1975.0,1ος,2.0,1.0,Καλή,Η,0,0,0,1,0,0,0,0,"Αθήνα,Κυψέλη"
Αττική,Διαμέρισμα,160010,110.0,1970.0,5ος,3.0,1.0,Νεόδμητο,Β+,1,0,1,0,1,0,1,0,"Αθήνα,Πεδίον Άρεως"
Αττική,Μονοκατοικία,500000,162.0,1980.0,Ισόγειο,3.0,2.0,Νεόδμητο,,1,1,0,1,0,0,0,0,Παιανία
Αττική,Μονοκατοικία,200000,82.0,2020.0,Ισόγειο,1.0,1.0,Νεόδμητο,Β+,0,1,1,1,0,0,1,0,Other
Θεσσαλονίκη,Διαμέρισμα,135000,111.0,1975.0,1ος,2.0,1.0,Καλή,Γ,0,0,0,1,0,0,0,0,"Θεσσαλονίκη,Ανάληψη"
Αττική,Μονοκατοικία,1000000,500.0,2013.0,Ισόγειο,5.0,4.0,Άριστη,Β,1,0,1,1,0,1,0,0,Ντράφι
Αττική,Διαμέρισμα,80000,80.0,1970.0,Ισόγειο,2.0,,Καλή,Η,1,0,1,0,0,0,0,0,Other
Αττική,Διαμέρισμα,380000,120.0,2022.0,7ος,3.0,2.0,Υπο κατασκευή,Β+,1,1,1,1,0,1,0,0,"Πέραμα,Κέντρο"
Αττική,Διαμέρισμα,130000,75.0,1965.0,4ος,2.0,1.0,Καλή,Εκρεμμεί,0,0,0,1,0,0,1,1,"Αθήνα,Πλατεία Αττικής"
Αττική,Διαμέρισμα,317000,67.0,2020.0,4ος,2.0,1.0,Υπο κατασκευή,Α,0,1,0,0,0,0,0,0,Other
Αττική,Διαμέρισμα,100000,69.0,2001.0,4ος,2.0,1.0,,Γ,0,0,0,0,0,0,0,0,"Αθήνα,Γκύζη"
Αττική,Διαμέρισμα,85000,65.0,1994.0,2ος,1.0,1.0,Ανακαινισμένο,Δ,0,0,1,0,0,0,0,0,"Κορυδαλλός,Πλατεία Ελευθερίας"
Αττική,Μονοκατοικία,75000,55.0,,"Ισόγειο,Υπερυψωμένο,1ος",2.0,1.0,Καλή,,0,0,1,0,0,0,1,0,Other
Αττική,Διαμέρισμα,150000,90.0,1965.0,3ος,2.0,1.0,,,0,0,1,0,0,0,1,0,Other
Αττική,Διαμέρισμα,85000,50.0,1974.0,4ος,1.0,1.0,Ανακαινισμένο,Γ,1,0,0,1,0,0,0,0,"Καλλιθέα,Τζιτζιφιές"
Θεσσαλονίκη,Διαμέρισμα,80000,76.0,2010.0,1ος,2.0,1.0,Άριστη,Εκρεμμεί,0,0,0,1,0,0,0,0,Other
Αττική,Διαμέρισμα,470000,120.0,2022.0,3ος,3.0,1.0,Υπο κατασκευή,Α,0,1,1,1,0,1,0,0,Other
Αττική,Διαμέρισμα,98000,91.0,1960.0,4ος,2.0,1.0,Καλή,,0,0,0,0,0,0,0,0,"Αθήνα,Άγιος Νικόλαος"
Αττική,Μονοκατοικία,115000,90.0,1955.0,Ισόγειο,2.0,1.0,Χρήζει ανακαίνισης,Εκρεμμεί,0,0,0,0,0,0,0,0,"Πέραμα,Κέντρο"
Αττική,Μονοκατοικία,800000,457.0,2009.0,"Ισόγειο,1ος,2ος",4.0,4.0,Νεόδμητο,Γ,1,0,1,1,0,1,0,0,"Νέα Ερυθραία,Μορτερό"
Θεσσαλονίκη,Διαμέρισμα,340000,161.0,2022.0,4ος,1.0,1.0,Νεόδμητο,Α,0,0,1,1,0,1,0,0,"Θεσσαλονίκη,Ανάληψη"
Αττική,Διαμέρισμα,75000,74.0,1970.0,1ος,2.0,1.0,Ανακαινισμένο,Δ,0,0,1,1,0,0,1,0,"Αθήνα,Πλατεία Αμερικής"
Αττική,Διαμέρισμα,60000,53.0,1964.0,4ος,1.0,1.0,Καλή,Ζ,1,0,0,0,0,0,0,0,"Αθήνα,Άνω Πατήσια"
Αττική,Διαμέρισμα,70000,46.0,,Ημιυπόγειο,,,Ανακαινισμένο,Ζ,0,0,0,0,0,0,0,0,"Αθήνα,Ιλίσια"
Αττική,Διαμέρισμα,220000,124.0,1971.0,2ος,2.0,1.0,,,0,0,1,0,0,0,0,1,"Καλλιθέα,ΟΤΕ"
Θεσσαλονίκη,Διαμέρισμα,45000,40.0,1970.0,Ισόγειο,1.0,1.0,Άλλη κατάσταση,Α,1,0,1,1,0,0,1,0,Αμπελόκηποι
Αττική,Διαμέρισμα,75000,57.0,1975.0,2ος,1.0,1.0,Καλή,Η,0,0,0,0,0,0,0,0,"Καλλιθέα,Λόφος Φιλαρέτου"
Αττική,Μεζονέτα,820000,251.0,1993.0,3ος,,3.0,Άλλη κατάσταση,Ε,0,1,0,0,0,1,0,0,"Κηφισιά,Πολιτεία"
Αττική,Διαμέρισμα,216000,170.0,1985.0,1ος,4.0,1.0,,Γ,1,0,1,1,0,0,0,0,Other
Θεσσαλονίκη,Διαμέρισμα,43000,50.0,1970.0,Ημιυπόγειο,1.0,1.0,,,1,1,1,1,0,0,0,1,"Θεσσαλονίκη,Ανάληψη"
Θεσσαλονίκη,Διαμέρισμα,134000,93.0,1970.0,2ος,2.0,1.0,Άλλη κατάσταση,Α,1,1,1,1,1,1,1,1,Καλαμαριά
Θεσσαλονίκη,Διαμέρισμα,140000,105.0,1970.0,4ος,2.0,1.0,Καλή,Μη αποδοτικό,1,0,1,1,1,0,0,0,"Θεσσαλονίκη,Ανω Τούμπα"
Αττική,Διαμέρισμα,100000,62.0,1958.0,4ος,2.0,1.0,Ανακαινισμένο,Ζ,0,0,0,0,0,1,0,0,Other
Θεσσαλονίκη,Διαμέρισμα,105000,70.0,1965.0,2ος,1.0,1.0,Καλή,Εξαιρείται,0,0,1,1,0,0,1,0,"Θεσσαλονίκη,Βαρδάρη"
Αττική,Διαμέρισμα,135000,96.0,,1ος,,,Άριστη,,0,0,0,0,0,0,0,0,Other
Αττική,Μεζονέτα,650000,430.0,2005.0,Ισόγειο,4.0,3.0,Νεόδμητο,,1,0,1,1,0,0,0,0,Other
Αττική,Διαμέρισμα,86000,80.0,1981.0,"Υπερυψωμένο,2ος",2.0,1.0,Καλή,,1,1,0,1,1,0,0,0,"Αθήνα,Πλατεία Αμερικής"
Αττική,Μονοκατοικία,450000,60.0,1956.0,Ισόγειο,1.0,1.0,Άλλη κατάσταση,Η,0,0,0,0,0,0,0,0,Other
Αττική,Διαμέρισμα,270000,98.0,1970.0,Ισόγειο,2.0,1.0,Ανακαινισμένο,Ε,0,0,0,0,0,0,0,0,Other
Θεσσαλονίκη,Διαμέρισμα,72000,84.0,1976.0,1ος,2.0,1.0,,Μη αποδοτικό,0,0,1,0,0,0,1,1,Συκιές
Αττική,Μονοκατοικία,350000,165.0,1998.0,"Ημιυπόγειο,Ισόγειο",2.0,1.0,Καλή,Δ,1,0,1,0,0,0,1,0,Ραφήνα
Αττική,Μονοκατοικία,400000,110.0,1960.0,Ισόγειο,3.0,1.0,Καλή,Ε,1,0,0,0,0,0,0,0,"Λυκόβρυση,Κέντρο"
Αττική,Διαμέρισμα,119000,120.0,1956.0,3ος,2.0,1.0,Καλή,Γ,0,0,0,0,0,0,0,0,"Αθήνα,Πλατεία Αμερικής"
Αττική,Μονοκατοικία,430000,197.0,1992.0,Ισόγειο,3.0,1.0,,,1,1,1,0,0,0,0,0,Other
Αττική,Μονοκατοικία,93000,80.0,2017.0,Υπερυψωμένο,2.0,1.0,Νεόδμητο,,0,0,0,0,0,0,0,0,Άρτεμις
Αττική,Διαμέρισμα,380000,75.0,1974.0,5ος,2.0,1.0,Ανακαινισμένο,Ζ,1,0,0,1,0,1,0,0,Ψυχικό
Θεσσαλονίκη,Διαμέρισμα,236000,83.0,2022.0,3ος,2.0,1.0,Νεόδμητο,Α,0,0,0,1,0,0,0,0,Καλαμαριά
Θεσσαλονίκη,Διαμέρισμα,42000,35.0,1972.0,1ος,1.0,1.0,Καλή,Η,0,0,1,1,0,0,1,1,Other
Αττική,Διαμέρισμα,235000,83.0,2022.0,4ος,2.0,1.0,Υπο κατασκευή,Α+,0,1,1,1,0,1,0,0,"Ταύρος Αττικής,Κέντρο"
Αττική,Μεζονέτα,250000,250.0,,"Ισόγειο,1ος",3.0,2.0,Ημιτελές,Μη αποδοτικό,0,0,0,1,0,0,0,0,"Κηφισιά,Κεφαλάρι"
Αττική,Μονοκατοικία,210000,165.0,2022.0,"Ημιυπόγειο,Υπερυψωμένο,1ος",3.0,2.0,Νεόδμητο,,1,0,0,1,0,1,0,0,"Άνω Λιόσια,Δροσούπολη"
Αττική,Διαμέρισμα,930000,220.0,1983.0,Ισόγειο,3.0,3.0,Ανακαινισμένο,Γ,0,1,1,1,0,1,0,0,"Κηφισιά,Κεφαλάρι"
Αττική,Διαμέρισμα,240000,100.0,1985.0,Ισόγειο,2.0,1.0,,Γ,0,0,0,0,1,0,0,0,Other
Αττική,Μεζονέτα,160000,135.0,2010.0,"Υπόγειο,Ισόγειο,1ος",4.0,1.0,Άλλη κατάσταση,Ε,0,1,1,0,0,1,1,0,Δ. Μεγάρων
Θεσσαλονίκη,Διαμέρισμα,225000,84.0,2022.0,3ος,2.0,1.0,Νεόδμητο,Β+,0,0,0,1,0,0,0,0,"Θεσσαλονίκη,Ανω Τούμπα"
Αττική,Διαμέρισμα,200000,87.0,1981.0,3ος,2.0,1.0,Άριστη,Ε,1,0,0,1,0,0,0,0,Other
Αττική,Μονοκατοικία,120000,120.0,1978.0,Ισόγειο,1.0,,Άλλη κατάσταση,Ζ,0,0,0,0,0,0,0,0,Other
Θεσσαλονίκη,Μονοκατοικία,1000000,500.0,1998.0,Ισόγειο,9.0,3.0,Άριστη,Β,1,0,1,1,0,1,0,0,Πυλαία
Αττική,Διαμέρισμα,160000,60.0,2022.0,2ος,2.0,1.0,Υπο κατασκευή,Α+,1,0,0,1,1,1,0,0,Other
Αττική,Μονοκατοικία,620000,278.0,2001.0,"Ισόγειο,1ος,2ος",2.0,2.0,Καλή,Δ,0,1,1,1,0,0,0,0,Μοσχάτο
Αττική,Μεζονέτα,400000,280.0,1990.0,Ισόγειο,2.0,3.0,Άλλη κατάσταση,Εκρεμμεί,1,0,1,1,0,1,1,0,Other
Αττική,Διαμέρισμα,600000,125.0,1992.0,2ος,2.0,2.0,Ανακαινισμένο,Εκρεμμεί,1,0,1,1,0,1,0,0,"Νέα Σμύρνη,Χρυσάκη"
Θεσσαλονίκη,Μεζονέτα,400000,200.0,2000.0,1ος,3.0,2.0,Άριστη,Β+,0,0,1,1,0,1,1,0,Πανόραμα
Αττική,Διαμέρισμα,270000,69.0,2022.0,4ος,2.0,1.0,Νεόδμητο,Α,0,1,1,1,0,1,0,0,"Άλιμος,Καλαμάκι"
Αττική,Διαμέρισμα,235000,84.0,2016.0,3ος,1.0,1.0,Νεόδμητο,Β,1,0,0,0,0,1,0,0,Other
Αττική,Μονοκατοικία,480000,330.0,1985.0,"Ισόγειο,1ος,2ος",5.0,2.0,Καλή,Ε,1,1,1,1,0,1,0,0,Other
Αττική,Μονοκατοικία,150000,100.0,1992.0,Ισόγειο,3.0,1.0,Άριστη,Δ,1,0,1,0,0,1,0,0,Νέα Πέραμος
Αττική,Μεζονέτα,180000,200.0,2007.0,"Ισόγειο,1ος,2ος,3ος",4.0,2.0,Νεόδμητο,Ζ,1,1,0,1,0,1,0,0,Other
Θεσσαλονίκη,Διαμέρισμα,250000,102.0,2004.0,1ος,2.0,1.0,Ανακαινισμένο,,0,0,0,0,0,1,0,0,Πυλαία
Αττική,Διαμέρισμα,85000,72.0,1968.0,Ισόγειο,2.0,1.0,Ανακαινισμένο,Ε,0,0,0,0,0,0,0,0,"Καλλιθέα,Λόφος Φιλαρέτου"
Αττική,Διαμέρισμα,200000,100.0,1973.0,2ος,3.0,1.0,Ανακαινισμένο,Η,1,0,0,0,0,0,0,0,"Νέα Ιωνία,Περισσός"
Θεσσαλονίκη,Μεζονέτα,280000,240.0,2000.0,Ισόγειο,3.0,1.0,Άριστη,Γ,1,0,1,1,0,1,1,0,Other
Αττική,Μονοκατοικία,500000,480.0,1996.0,1ος,4.0,,Ημιτελές,Η,0,0,0,0,0,0,0,0,Other
Αττική,Μονοκατοικία,400000,95.0,1998.0,Υπερυψωμένο,2.0,1.0,Καλή,Ζ,1,0,0,0,0,1,0,0,Πεντέλη
Αττική,Διαμέρισμα,215000,125.0,1968.0,4ος,3.0,1.0,,Η,0,0,0,0,0,0,0,0,"Αθήνα,Κυψέλη"
Αττική,Μονοκατοικία,100000,85.0,1970.0,Ισόγειο,3.0,1.0,Χρήζει ανακαίνισης,Η,0,0,0,0,0,0,0,0,Καματερό
Θεσσαλονίκη,Διαμέρισμα,80000,75.0,1980.0,Ημιώροφος,2.0,1.0,Ανακαινισμένο,Εκρεμμεί,0,0,1,1,0,0,0,1,Other
Αττική,Μονοκατοικία,250000,250.0,2001.0,Ισόγειο,3.0,2.0,Νεόδμητο,,1,1,1,1,0,0,1,0,Other
Αττική,Διαμέρισμα,250000,140.0,2000.0,"4ος,5ος",3.0,1.0,Νεόδμητο,Α,0,1,1,1,0,1,0,0,Other
Θεσσαλονίκη,Διαμέρισμα,200000,210.0,1988.0,Ισόγειο,4.0,2.0,Καλή,Ζ,0,0,0,0,0,1,0,0,Other
Θεσσαλονίκη,Διαμέρισμα,48000,65.0,1962.0,Ισόγειο,1.0,1.0,Καλή,Ζ,0,0,0,1,0,0,0,0,Αμπελόκηποι
Αττική,Διαμέρισμα,85000,79.0,1965.0,3ος,2.0,1.0,Χρήζει ανακαίνισης,Ε,1,0,0,0,0,0,0,0,"Αθήνα,Τρεις Γέφυρες"
Αττική,Διαμέρισμα,145000,75.0,1968.0,4ος,2.0,1.0,Ανακαινισμένο,Ζ,1,0,0,1,0,1,0,0,"Αθήνα,Κάτω Πετράλωνα"
Αττική,Διαμέρισμα,75000,52.0,1967.0,4ος,1.0,1.0,Καλή,Η,1,0,0,0,0,0,0,0,Other
Αττική,Μονοκατοικία,130000,96.0,1992.0,Ισόγειο,3.0,1.0,Νεόδμητο,,1,0,1,0,0,0,0,0,Άρτεμις
Αττική,Μονοκατοικία,300000,255.0,1992.0,"Ισόγειο,1ος,2ος",4.0,3.0,Άριστη,Δ,0,0,0,0,0,1,0,0,Άρτεμις
Αττική,Μονοκατοικία,2400000,650.0,2009.0,"Ισόγειο,1ος,2ος,3ος,4ος",7.0,,Ημιτελές,Γ,1,1,1,1,0,1,0,0,"Νέα Ερυθραία,Καστρί"
Θεσσαλονίκη,Διαμέρισμα,75000,80.0,1967.0,3ος,2.0,1.0,Καλή,Β,0,1,1,1,0,0,1,1,"Θεσσαλονίκη,Βαρδάρη"
Αττική,Διαμέρισμα,110000,84.0,1971.0,2ος,2.0,1.0,Καλή,Ε,0,0,0,0,0,1,0,0,Other
Αττική,Μονοκατοικία,350000,310.0,1962.0,"Ισόγειο,1ος",3.0,2.0,Χρήζει ανακαίνισης,Η,1,0,1,1,0,0,0,0,"Αθήνα,Κάτω Πετράλωνα"
Αττική,Διαμέρισμα,130000,57.0,1991.0,4ος,1.0,1.0,Καλή,Μη αποδοτικό,1,0,1,1,0,0,0,0,"Λυκόβρυση,Κέντρο"
Θεσσαλονίκη,Διαμέρισμα,113000,120.0,1974.0,3ος,3.0,2.0,Καλή,Μη αποδοτικό,1,0,0,1,0,0,0,0,"Θεσσαλονίκη,Ανω Τούμπα"
Θεσσαλονίκη,Διαμέρισμα,140000,80.0,1989.0,2ος,2.0,1.0,Άλλη κατάσταση,Ζ,1,0,1,1,1,0,0,1,"Θεσσαλονίκη,Ντεπώ"
Θεσσαλονίκη,Μεζονέτα,220000,200.0,1997.0,Ισόγειο,3.0,1.0,Καλή,Ε,0,0,1,0,0,1,0,0,Other
Αττική,Διαμέρισμα,100000,95.0,1964.0,4ος,2.0,1.0,Καλή,Α,0,0,0,0,0,0,0,0,"Αθήνα,Άγιος Νικόλαος"
Αττική,Διαμέρισμα,65000,77.0,1975.0,1ος,2.0,1.0,,Ζ,1,0,0,0,0,0,0,0,Other
Αττική,Κτίριο,220000,400.0,,Ισόγειο,,,Άριστη,Δ,0,0,0,0,0,0,0,0,Other
Αττική,Διαμέρισμα,60000,66.0,1963.0,1ος,1.0,1.0,Χρήζει ανακαίνισης,Ζ,0,0,1,0,0,0,0,1,Other
Αττική,Διαμέρισμα,1500000,220.0,1968.0,5ος,3.0,2.0,Καλή,Ζ,0,0,1,1,1,1,0,0,"Αθήνα,Κολωνάκι"
Αττική,Διαμέρισμα,90000,48.0,1975.0,4ος,1.0,1.0,Ανακαινισμένο,Δ,0,0,1,1,0,0,0,1,Other
Αττική,Μονοκατοικία,650000,340.0,1994.0,"Ισόγειο,1ος,2ος",6.0,4.0,Άριστη,Γ,1,0,1,1,1,1,0,0,Other
Αττική,Διαμέρισμα,300000,135.0,1958.0,1ος,3.0,1.0,Ανακαινισμένο,Η,1,1,1,1,1,0,0,0,"Αθήνα,Νέα Φιλοθέη"
Θεσσαλονίκη,Διαμέρισμα,50000,50.0,1978.0,3ος,1.0,1.0,Χρήζει ανακαίνισης,Ζ,0,0,1,1,0,0,0,0,"Θεσσαλονίκη,Ξηροκρήνη"
Αττική,Μονοκατοικία,380000,200.0,2005.0,"Ισόγειο,1ος,2ος",5.0,3.0,Άριστη,Δ,1,0,1,1,0,1,0,0,Other
Θεσσαλονίκη,Διαμέρισμα,300000,160.0,1965.0,2ος,3.0,1.0,Ανακαινισμένο,Β,0,0,0,1,0,0,0,0,"Θεσσαλονίκη,Ανάληψη"
Θεσσαλονίκη,Διαμέρισμα,255000,120.0,1985.0,5ος,2.0,2.0,Καλή,Δ,0,0,1,1,0,0,0,0,"Θεσσαλονίκη,Ντεπώ"
Αττική,Διαμέρισμα,69000,65.0,1980.0,Ημιυπόγειο,2.0,1.0,Καλή,Ζ,0,0,0,0,0,0,0,0,"Αθήνα,Μουσείο"
Αττική,Μεζονέτα,650000,326.0,1976.0,1ος,4.0,1.0,Καλή,Η,1,0,1,0,0,1,0,0,"Ηράκλειο,Αγία Τριάδα"
Θεσσαλονίκη,Διαμέρισμα,77000,71.0,2007.0,3ος,2.0,1.0,Καλή,Μη αποδοτικό,0,0,0,1,0,0,0,0,Αμπελόκηποι
Αττική,Διαμέρισμα,47000,47.0,1964.0,3ος,1.0,1.0,Χρήζει ανακαίνισης,Η,0,0,0,0,0,0,0,0,"Αθήνα,Άνω Πατήσια"
Θεσσαλονίκη,Διαμέρισμα,330000,210.0,1982.0,4ος,4.0,1.0,,Δ,1,0,0,0,0,1,0,0,Καλαμαριά
Αττική,Διαμέρισμα,340000,100.0,2022.0,1ος,3.0,1.0,Νεόδμητο,Α,0,1,0,1,0,1,0,0,Δροσιά
Αττική,Διαμέρισμα,160000,52.0,2011.0,3ος,1.0,1.0,Καλή,,1,0,0,0,0,0,0,0,"Καλλιθέα,Χρυσάκη"
Θεσσαλονίκη,Διαμέρισμα,270000,95.0,1963.0,5ος,2.0,1.0,Καλή,Ε,0,0,1,1,0,0,0,1,"Θεσσαλονίκη,Κέντρο"
Αττική,Διαμέρισμα,85000,87.0,1968.0,1ος,2.0,1.0,Καλή,Ζ,0,0,0,0,0,0,0,0,"Αθήνα,Κολιάτσου"
Θεσσαλονίκη,Διαμέρισμα,248000,86.0,1959.0,2ος,3.0,1.0,,,0,0,1,1,0,0,1,1,"Θεσσαλονίκη,Ανω Πόλη"
Αττική,Μονοκατοικία,330000,264.0,1955.0,"Ισόγειο,1ος",3.0,1.0,Καλή,Η,1,0,0,0,0,0,0,0,Other
Αττική,Μονοκατοικία,1900000,322.0,,"Ισόγειο,1ος,2ος",3.0,2.0,Καλή,Γ,1,0,1,1,0,1,0,0,Ψυχικό
Θεσσαλονίκη,Διαμέρισμα,500000,260.0,1935.0,2ος,8.0,7.0,Άριστη,Εκρεμμεί,0,0,1,1,0,0,0,1,"Θεσσαλονίκη,Κέντρο"
Αττική,Διαμέρισμα,87000,52.0,,3ος,,,Χρήζει ανακαίνισης,Εκρεμμεί,0,0,0,0,0,0,0,0,"Καλλιθέα,Λόφος Φιλαρέτου"
Αττική,Μεζονέτα,620000,256.0,2013.0,Ισόγειο,4.0,2.0,Υπο κατασκευή,,1,0,0,0,0,0,0,0,Other
Αττική,Διαμέρισμα,87000,55.0,1977.0,2ος,1.0,1.0,,Ε,0,0,0,0,0,0,0,0,"Καλλιθέα,Χρυσάκη"
Αττική,Διαμέρισμα,90000,56.0,1983.0,3ος,1.0,1.0,Ανακαινισμένο,Δ,0,0,0,1,0,0,0,1,"Αθήνα,Κάτω Πετράλωνα"
Θεσσαλονίκη,Διαμέρισμα,30000,75.0,1999.0,Ισόγειο,,,Καλή,Εκρεμμεί,0,0,0,0,0,0,0,0,Other
Θεσσαλονίκη,Διαμέρισμα,450000,147.0,1990.0,5ος,3.0,1.0,Καλή,Γ,0,0,1,1,0,1,1,0,Καλαμαριά
Θεσσαλονίκη,Διαμέρισμα,160000,48.0,2013.0,8ος,1.0,1.0,Άριστη,Β+,0,0,1,1,0,0,0,0,"Θεσσαλονίκη,Φάληρο"
Αττική,Μεζονέτα,122000,100.0,1980.0,"2ος,3ος",2.0,1.0,Καλή,Δ,1,0,0,1,0,0,0,0,Other
Αττική,Διαμέρισμα,75000,114.0,1920.0,Ισόγειο,,,Καλή,Η,0,0,0,0,0,0,0,0,Μοσχάτο
Θεσσαλονίκη,Διαμέρισμα,118000,65.0,1970.0,2ος,2.0,1.0,Καλή,Η,0,0,0,0,0,0,0,1,"Θεσσαλονίκη,Κέντρο"
Αττική,Μονοκατοικία,650000,650.0,2002.0,Ισόγειο,9.0,5.0,Ημιτελές,Α,0,0,0,0,0,0,0,0,Other
Θεσσαλονίκη,Διαμέρισμα,70000,66.0,2005.0,Ισόγειο,2.0,1.0,Άριστη,Δ,0,0,0,0,0,0,0,0,Ευκαρπία
Αττική,Κτίριο,450000,490.0,1989.0,Ισόγειο,8.0,4.0,Ημιτελές,Η,0,0,0,0,0,0,0,0,Other
Αττική,Μεζονέτα,390000,230.0,2022.0,"Ημιυπόγειο,Υπερυψωμένο,1ος",3.0,4.0,Υπο κατασκευή,Μη αποδοτικό,1,0,1,1,0,1,0,0,Παιανία
Αττική,Μονοκατοικία,1100000,450.0,2008.0,Ισόγειο,4.0,4.0,Άριστη,Δ,1,0,0,0,0,1,0,0,Ντράφι
Αττική,Κτίριο,470000,234.0,1991.0,"Ισόγειο,1ος,2ος",4.0,4.0,Ανακαινισμένο,Εκρεμμεί,1,1,0,0,0,0,0,0,Παιανία
Αττική,Διαμέρισμα,300000,110.0,,2ος,3.0,2.0,Καλή,Ζ,0,0,1,1,0,1,1,0,Other
Αττική,Διαμέρισμα,100000,88.0,1965.0,1ος,2.0,,Άριστη,Η,1,0,0,0,0,0,0,0,"Καλλιθέα,Κέντρο"
Θεσσαλονίκη,Διαμέρισμα,95000,40.0,1965.0,2ος,1.0,1.0,Άριστη,Εξαιρείται,0,0,1,1,0,0,1,1,"Θεσσαλονίκη,Κέντρο"
Θεσσαλονίκη,Διαμέρισμα,135000,80.0,1995.0,8ος,1.0,1.0,Άριστη,Εκρεμμεί,0,0,0,1,0,0,0,0,"Θεσσαλονίκη,Βαρδάρη"
Αττική,Διαμέρισμα,300000,80.0,2022.0,Ισόγειο,2.0,1.0,Υπο κατασκευή,Α,1,0,0,1,0,0,0,0,Εθνικιστών και Αναπήρων Πολέμου
Αττική,Μονοκατοικία,260000,228.0,2002.0,Ισόγειο,6.0,3.0,Ημιτελές,Γ,0,0,0,0,0,1,0,0,Other
Αττική,Μονοκατοικία,1500000,515.0,2017.0,"Ισόγειο,1ος,2ος",5.0,3.0,Νεόδμητο,Εκρεμμεί,1,0,1,1,0,1,0,0,Ντράφι
Αττική,Μονοκατοικία,320000,136.0,1985.0,Ισόγειο,3.0,2.0,Καλή,Ε,1,1,1,1,0,1,0,0,Ραφήνα
Αττική,Διαμέρισμα,299000,107.0,2021.0,3ος,3.0,1.0,Υπο κατασκευή,Α,1,0,0,0,0,1,0,0,Other
Αττική,Διαμέρισμα,59000,57.0,,Υπερυψωμένο,1.0,1.0,,Εκρεμμεί,0,0,0,0,0,0,0,0,"Νέα Ιωνία,Περισσός"
Αττική,Κτίριο,380000,340.0,1970.0,"Ισόγειο,1ος,2ος",6.0,,Ανακαινισμένο,Μη αποδοτικό,1,0,0,0,0,0,0,0,"Ταύρος Αττικής,Κέντρο"
Αττική,Διαμέρισμα,400000,300.0,1980.0,"Ισόγειο,1ος",4.0,2.0,Χρήζει ανακαίνισης,Δ,1,0,0,0,0,0,0,0,Πεντέλη
Θεσσαλονίκη,Διαμέρισμα,70000,50.0,1975.0,Ισόγειο,1.0,1.0,Καλή,Α,0,0,1,1,0,0,1,1,"Θεσσαλονίκη,Ανω Πόλη"
Θεσσαλονίκη,Διαμέρισμα,140000,93.0,1975.0,5ος,2.0,1.0,Καλή,Α,0,0,0,1,0,0,0,1,"Θεσσαλονίκη,Ανάληψη"
Αττική,Κτίριο,300000,510.0,2022.0,Ισόγειο,,,Υπο κατασκευή,Η,1,0,0,0,0,0,0,0,Other
Αττική,Μεζονέτα,900000,1200.0,2010.0,Ισόγειο,8.0,4.0,Υπο κατασκευή,,1,0,0,0,0,0,0,0,"Κηφισιά,Νέα Κηφισιά"
Αττική,Μονοκατοικία,530000,306.0,1989.0,Ισόγειο,5.0,5.0,Άριστη,Εκρεμμεί,1,1,0,1,0,1,0,0,Other
Αττική,Μονοκατοικία,780000,250.0,1922.0,"Ισόγειο,1ος,2ος",6.0,3.0,Ανακαινισμένο,Ζ,0,0,1,1,0,0,0,0,"Αθήνα,Άνω Κυψέλη"
Αττική,Μεζονέτα,600000,245.0,2004.0,"Ημιυπόγειο,Ισόγειο,1ος",4.0,2.0,Καλή,Γ,0,1,1,1,0,1,0,0,Other
Αττική,Διαμέρισμα,140000,72.0,1976.0,1ος,2.0,,Ανακαινισμένο,,0,0,0,1,0,0,0,0,"Καλλιθέα,Τζιτζιφιές"
Αττική,Μεζονέτα,450000,110.0,2005.0,"3ος,4ος",3.0,2.0,Άριστη,Γ,1,1,0,1,0,1,1,0,Ραφήνα
Αττική,Μεζονέτα,710000,143.0,2022.0,7ος,3.0,2.0,Νεόδμητο,Α,0,0,0,0,0,1,0,0,"Αθήνα,Παγκράτι"
Θεσσαλονίκη,Διαμέρισμα,135000,96.0,1977.0,2ος,2.0,1.0,Καλή,Δ,0,0,0,1,0,0,0,0,"Θεσσαλονίκη,Ανω Τούμπα"
Αττική,Διαμέρισμα,85000,58.0,1970.0,Ισόγειο,2.0,1.0,Ανακαινισμένο,Δ,1,0,1,1,0,1,0,0,Other
Αττική,Διαμέρισμα,260000,180.0,2002.0,4ος,3.0,2.0,Καλή,Εκρεμμεί,1,0,0,1,0,1,0,0,"Παλλήνη,Κέντρο"
Αττική,Διαμέρισμα,92000,79.0,,1ος,2.0,1.0,Καλή,Εκρεμμεί,0,0,0,0,0,0,0,0,Other
Αττική,Διαμέρισμα,80000,103.0,1965.0,4ος,3.0,1.0,Καλή,Ζ,0,0,0,1,0,0,0,0,"Αθήνα,Πλατεία Αττικής"
Αττική,Διαμέρισμα,195000,46.0,2020.0,Ισόγειο,1.0,1.0,,Α,1,0,1,1,1,0,0,0,Other
Θεσσαλονίκη,Διαμέρισμα,440000,100.0,2022.0,4ος,2.0,1.0,Νεόδμητο,Εκρεμμεί,1,0,1,1,1,0,0,0,Other
Αττική,Διαμέρισμα,230000,65.0,1980.0,3ος,2.0,1.0,Άριστη,Β,0,1,1,1,1,1,1,0,"Μαρούσι,Νέα Φιλοθέη"
Αττική,Οικία,1200000,300.0,1987.0,"Ισόγειο,1ος",4.0,,Ανακαινισμένο,Γ,0,1,1,1,0,1,1,0,Other
Θεσσαλονίκη,Μονοκατοικία,1200000,440.0,2000.0,Ισόγειο,6.0,5.0,Άριστη,Β,0,0,1,1,0,1,0,0,Περαία
Αττική,Διαμέρισμα,160000,95.0,1978.0,1ος,2.0,1.0,Καλή,Εκρεμμεί,0,0,0,0,0,0,0,0,Other
Αττική,Διαμέρισμα,945000,192.0,,Ισόγειο,3.0,2.0,Υπο κατασκευή,,0,1,1,1,0,1,0,0,"Νέα Ερυθραία,Καστρί"
Αττική,Διαμέρισμα,295000,130.0,2000.0,3ος,3.0,1.0,Άριστη,Γ,1,0,1,0,0,1,0,0,Εθνικιστών και Αναπήρων Πολέμου
Αττική,Διαμέρισμα,150000,85.0,1995.0,1ος,2.0,1.0,Άριστη,Γ,1,0,0,0,0,0,0,0,"Αθήνα,Άνω Πατήσια"
Αττική,Διαμέρισμα,277000,84.0,2020.0,4ος,2.0,1.0,Νεόδμητο,Η,0,0,0,0,0,0,0,0,Other
Αττική,Κτίριο,350000,410.0,1975.0,"Ισόγειο,1ος,2ος,3ος",,,Άριστη,Δ,1,0,1,0,0,0,0,0,Other
Αττική,Διαμέρισμα,420000,114.0,2022.0,7ος,3.0,1.0,Υπο κατασκευή,Α,1,0,0,1,0,1,0,0,"Νέα Σμύρνη,Χρυσάκη"
Αττική,Μονοκατοικία,1000000,600.0,1974.0,"Ισόγειο,1ος,2ος",4.0,5.0,Άριστη,Γ,1,0,0,0,0,1,0,0,"Κηφισιά,Πολιτεία"
Αττική,Διαμέρισμα,350000,90.0,2022.0,5ος,2.0,1.0,Νεόδμητο,Α+,0,1,1,1,0,1,0,0,Other
Αττική,Μεζονέτα,1150000,357.0,1990.0,"Ημιυπόγειο,Ισόγειο,1ος",5.0,4.0,Άριστη,Ε,1,0,0,0,0,0,0,0,Other
Αττική,Διαμέρισμα,320000,79.0,2022.0,5ος,2.0,1.0,Νεόδμητο,Α,0,1,1,1,0,0,0,0,"Αθήνα,Καλλιρρόης"
Αττική,Μεζονέτα,175000,172.0,2008.0,"Ισόγειο,1ος,2ος,3ος",4.0,1.0,Άλλη κατάσταση,Δ,1,1,1,0,0,1,0,0,"Άνω Λιόσια,Άγιος Γεώργιος"
Αττική,Μονοκατοικία,1500000,730.0,2001.0,"Ισόγειο,1ος,2ος,3ος",10.0,4.0,Άριστη,Δ,0,1,1,1,0,1,0,0,Πεντέλη
Θεσσαλονίκη,Διαμέρισμα,420000,230.0,2021.0,Ισόγειο,4.0,3.0,Καλή,Α,0,1,0,1,0,1,0,0,Θέρμη
Αττική,Διαμέρισμα,320000,115.0,2021.0,Ισόγειο,3.0,2.0,Νεόδμητο,Α+,0,0,0,1,0,0,0,0,"Λυκόβρυση,Κέντρο"
Θεσσαλονίκη,Μεζονέτα,345000,282.0,2004.0,Ισόγειο,4.0,2.0,Άριστη,Γ,0,0,0,1,0,0,0,0,Πυλαία
Αττική,Διαμέρισμα,250000,105.0,2000.0,2ος,3.0,1.0,Καλή,Μη αποδοτικό,1,0,0,1,0,0,0,0,"Αθήνα,Παγκράτι"
Αττική,Μονοκατοικία,400000,175.0,1970.0,"Ισόγειο,1ος",5.0,3.0,Ανακαινισμένο,Δ,1,0,1,1,0,0,1,0,"Αθήνα,Νέος Κόσμος"
Αττική,Μονοκατοικία,410000,451.0,2010.0,Ισόγειο,5.0,1.0,Ημιτελές,Εξαιρείται,0,1,0,0,0,1,0,0,"Παλλήνη,Κέντρο"
Αττική,Διαμέρισμα,140000,80.0,2005.0,1ος,2.0,1.0,Καλή,Δ,1,0,0,1,0,0,0,0,Other
Θεσσαλονίκη,Διαμέρισμα,135000,57.0,2006.0,1ος,1.0,1.0,Καλή,Β+,0,1,1,1,0,0,0,0,Καλαμαριά
Αττική,Διαμέρισμα,75000,58.0,1974.0,1ος,,1.0,Καλή,Ε,0,0,0,1,0,0,0,0,Other
Αττική,Διαμέρισμα,155000,83.0,,Υπερυψωμένο,3.0,1.0,Υπο κατασκευή,Α,1,0,0,0,0,1,0,0,Σπάτα
Θεσσαλονίκη,Διαμέρισμα,60000,17.0,1965.0,1ος,1.0,1.0,Καλή,Δ,0,0,1,1,0,0,0,0,"Θεσσαλονίκη,Κέντρο"
Θεσσαλονίκη,Μονοκατοικία,290000,240.0,1990.0,1ος,4.0,1.0,Άλλη κατάσταση,Γ,1,0,1,1,0,1,0,0,Other
Αττική,Διαμέρισμα,315000,90.0,2021.0,3ος,2.0,1.0,Υπο κατασκευή,Α+,1,0,0,1,1,1,0,0,"Αθήνα,Άνω Πατήσια"
Θεσσαλονίκη,Διαμέρισμα,60000,45.0,1975.0,1ος,1.0,1.0,Χρήζει ανακαίνισης,Ε,0,0,0,1,0,0,0,0,Other
Αττική,Διαμέρισμα,170000,73.0,1964.0,2ος,2.0,1.0,Καλή,Α,0,0,0,0,0,0,0,0,"Αθήνα,Κουκάκι"
Αττική,Διαμέρισμα,250000,80.0,2011.0,7ος,2.0,1.0,Άριστη,Εκρεμμεί,1,0,0,1,0,1,0,0,"Ταύρος Αττικής,Κέντρο"
Αττική,Μεζονέτα,487000,155.0,2022.0,6ος,3.0,2.0,Νεόδμητο,Α+,0,0,0,1,0,0,0,0,"Καλλιθέα,Τζιτζιφιές"
Αττική,Διαμέρισμα,160000,57.0,,1ος,,,Καλή,,0,0,0,0,0,0,0,0,"Αθήνα,Κολωνάκι"
Αττική,Μονοκατοικία,1500000,220.0,1999.0,Ισόγειο,5.0,1.0,,,1,0,1,0,0,0,1,0,Other
Αττική,Μονοκατοικία,1850000,435.0,2004.0,"Ισόγειο,1ος,2ος",3.0,3.0,Άριστη,Δ,1,1,1,1,0,1,0,0,Ψυχικό
Αττική,Διαμέρισμα,90000,66.0,1970.0,Υπερυψωμένο,1.0,1.0,Ανακαινισμένο,Β,0,0,1,1,0,0,1,0,"Κορυδαλλός,Πλατεία Ελευθερίας"
Θεσσαλονίκη,Μονοκατοικία,200000,548.0,2009.0,"Ημιυπόγειο,Υπερυψωμένο,1ος",6.0,,Υπο κατασκευή,Η,0,0,0,0,0,0,0,0,Other
Θεσσαλονίκη,Μεζονέτα,184000,181.0,2015.0,"Ισόγειο,1ος,2ος",3.0,2.0,Νεόδμητο,Εκρεμμεί,0,0,0,1,0,1,0,0,Other
Αττική,Μεζονέτα,135000,106.0,1976.0,Ισόγειο,2.0,1.0,Καλή,Ε,1,0,0,1,0,0,0,0,Other
Θεσσαλονίκη,Διαμέρισμα,180000,120.0,1966.0,2ος,3.0,1.0,Καλή,Ε,0,0,0,0,0,0,0,0,"Θεσσαλονίκη,Πυλαία"
Αττική,Διαμέρισμα,140000,80.0,1993.0,7ος,2.0,1.0,Καλή,Δ,0,0,0,1,0,1,0,1,Other
Αττική,Διαμέρισμα,205000,44.0,1980.0,7ος,1.0,1.0,Ανακαινισμένο,Α,0,1,1,1,0,0,0,1,Other
Αττική,Διαμέρισμα,290000,76.0,2009.0,4ος,1.0,2.0,Άριστη,Α+,1,1,1,1,0,1,1,0,Other
Αττική,Μονοκατοικία,50000,75.0,1974.0,Ισόγειο,2.0,,Χρήζει ανακαίνισης,Μη αποδοτικό,0,0,0,0,0,0,0,0,Other
Αττική,Κτίριο,950000,1000.0,1980.0,Ισόγειο,4.0,1.0,,,1,0,0,0,0,0,0,0,"Νέα Ιωνία,Λαζάρου"
Αττική,Διαμέρισμα,190000,104.0,1997.0,4ος,2.0,,Ανακαινισμένο,Α,1,1,1,1,0,1,0,0,"Κορυδαλλός,Πλατεία Ελευθερίας"
Αττική,Διαμέρισμα,185000,85.0,1997.0,5ος,2.0,1.0,Άριστη,Εκρεμμεί,1,1,0,1,0,1,0,0,"Νέα Ιωνία,Περισσός"
Αττική,Διαμέρισμα,160000,75.0,2008.0,2ος,2.0,1.0,Νεόδμητο,Εκρεμμεί,0,0,1,1,0,0,0,0,Other
Αττική,Διαμέρισμα,350000,137.0,1983.0,3ος,4.0,2.0,Καλή,Ζ,1,1,0,0,0,1,0,0,Other
Αττική,Μονοκατοικία,380000,227.0,1964.0,1ος,5.0,3.0,Χρήζει ανακαίνισης,Ζ,1,1,1,1,0,0,0,1,Other
Αττική,Μεζονέτα,170000,100.0,2011.0,6ος,2.0,2.0,Νεόδμητο,Γ,1,0,0,1,0,0,0,0,"Αθήνα,Άγιος Νικόλαος"
Αττική,Διαμέρισμα,600000,185.0,2003.0,2ος,3.0,2.0,Άριστη,Δ,1,0,1,1,1,1,0,0,"Παλλήνη,Κέντρο"
Θεσσαλονίκη,Μονοκατοικία,85000,70.0,1965.0,Ισόγειο,1.0,1.0,Ανακαινισμένο,Γ,0,0,0,0,0,1,0,0,Συκιές
Αττική,Διαμέρισμα,250000,85.0,2022.0,1ος,2.0,2.0,Καλή,Α+,0,1,1,1,0,1,0,0,"Αθήνα,Κάτω Πετράλωνα"
Αττική,Μεζονέτα,300000,280.0,2001.0,1ος,5.0,4.0,Νεόδμητο,Γ,1,1,0,1,0,1,0,0,Other
Αττική,Μονοκατοικία,980000,520.0,1994.0,Ισόγειο,6.0,,Άλλη κατάσταση,Εκρεμμεί,0,0,0,0,0,0,0,0,Other
Θεσσαλονίκη,Διαμέρισμα,150000,149.0,1980.0,2ος,3.0,1.0,Χρήζει ανακαίνισης,Μη αποδοτικό,0,0,0,0,0,0,0,0,"Θεσσαλονίκη,Χαριλάου"
Αττική,Οικία,350000,266.0,1992.0,Ισόγειο,9.0,1.0,Άριστη,Ε,1,0,0,0,0,1,0,0,Σπάτα
Αττική,Διαμέρισμα,380000,145.0,1990.0,3ος,3.0,2.0,,Γ,1,0,1,1,0,1,0,0,Other
Αττική,Διαμέρισμα,230000,95.0,2010.0,7ος,2.0,1.0,Νεόδμητο,Γ,1,0,0,0,0,1,0,0,"Αθήνα,Τρεις Γέφυρες"
Αττική,Διαμέρισμα,100000,71.0,1960.0,4ος,2.0,1.0,Ανακαινισμένο,Η,0,0,0,1,0,0,0,0,"Αθήνα,Πλατεία Αμερικής"
Θεσσαλονίκη,Μεζονέτα,79000,80.0,1989.0,Ισόγειο,1.0,1.0,Καλή,Ε,0,0,1,1,0,0,0,0,"Θεσσαλονίκη,Παπάφειο"
Θεσσαλονίκη,Μονοκατοικία,175000,250.0,2005.0,Ημιώροφος,5.0,3.0,Καλή,Γ,0,0,0,0,0,1,0,0,Other
Αττική,Διαμέρισμα,160000,80.0,1990.0,Ισόγειο,3.0,,,Δ,0,0,0,0,0,0,0,0,"Νέο Ψυχικό,Πλατεία Ελευθερίας"
Αττική,Διαμέρισμα,205000,61.0,2012.0,5ος,2.0,1.0,Νεόδμητο,Β+,1,1,1,1,0,0,0,1,Other
Θεσσαλονίκη,Διαμέρισμα,138000,54.0,1966.0,2ος,2.0,1.0,Ανακαινισμένο,Δ,0,0,1,1,0,0,0,1,"Θεσσαλονίκη,Ντεπώ"
Θεσσαλονίκη,Διαμέρισμα,32000,38.0,1968.0,Ημιυπόγειο,1.0,1.0,,,0,0,1,1,0,0,1,1,"Θεσσαλονίκη,Κέντρο"
Θεσσαλονίκη,Μεζονέτα,140000,157.0,2005.0,Ισόγειο,3.0,,Άριστη,Ε,0,0,0,1,0,0,0,0,Other
Θεσσαλονίκη,Διαμέρισμα,260000,100.0,2021.0,1ος,3.0,1.0,Νεόδμητο,Α+,0,1,0,1,0,1,0,0,Πυλαία
Αττική,Διαμέρισμα,70000,63.0,1970.0,2ος,1.0,1.0,Ανακαινισμένο,Ζ,0,0,1,1,0,0,1,0,"Αθήνα,Πλατεία Αμερικής"
Αττική,Μεζονέτα,310000,205.0,2007.0,"Ισόγειο,1ος,2ος",3.0,3.0,Άριστη,,1,1,0,1,0,1,0,0,Other
Θεσσαλονίκη,Διαμέρισμα,113000,113.0,2007.0,3ος,3.0,1.0,,,0,1,1,1,0,0,0,0,Other
Αττική,Διαμέρισμα,170000,82.0,2010.0,1ος,2.0,,Καλή,Γ,0,0,0,1,1,0,0,0,"Αθήνα,Πλατεία Αττικής"
Θεσσαλονίκη,Οικία,550000,220.0,1968.0,1ος,3.0,6.0,Άλλη κατάσταση,Ε,1,0,0,1,0,0,1,0,"Θεσσαλονίκη,Κέντρο"
Αττική,Μονοκατοικία,140000,82.0,1973.0,Ισόγειο,2.0,1.0,,Ζ,0,0,1,0,0,0,0,0,Άρτεμις
Θεσσαλονίκη,Διαμέρισμα,102000,51.0,1970.0,4ος,1.0,1.0,Ανακαινισμένο,Γ,0,0,0,1,0,0,0,0,"Θεσσαλονίκη,Ανάληψη"
Αττική,Μεζονέτα,650000,300.0,,Ισόγειο,3.0,3.0,Νεόδμητο,Γ,1,0,1,1,0,0,0,0,Other
Αττική,Διαμέρισμα,34000,29.0,1977.0,Ημιυπόγειο,,,,Εκρεμμεί,0,0,0,0,0,0,0,0,Other
Αττική,Διαμέρισμα,148000,86.0,1996.0,2ος,2.0,1.0,Καλή,Δ,0,0,0,0,0,0,0,0,Καματερό
Αττική,Μονοκατοικία,295000,152.0,1993.0,Ισόγειο,4.0,2.0,Άριστη,Ε,0,1,0,0,0,1,0,0,Παιανία
Αττική,Μονοκατοικία,1000000,450.0,2005.0,"Ημιυπόγειο,Ισόγειο,1ος",5.0,4.0,Καλή,Εκρεμμεί,1,0,1,0,0,1,0,0,"Παλλήνη,Κέντρο"
Αττική,Διαμέρισμα,290000,105.0,2010.0,1ος,3.0,1.0,Άριστη,Β+,0,0,0,1,1,1,0,0,Εθνικιστών και Αναπήρων Πολέμου
Θεσσαλονίκη,Μεζονέτα,190000,200.0,2008.0,"Ισόγειο,1ος,2ος",3.0,2.0,Άριστη,Εκρεμμεί,1,0,0,1,0,1,0,0,Other
Αττική,Μεζονέτα,350000,123.0,2022.0,1ος,3.0,2.0,Υπο κατασκευή,Εκρεμμεί,0,1,1,1,0,0,0,0,Μοσχάτο
Αττική,Μονοκατοικία,1700000,550.0,2017.0,Ισόγειο,7.0,1.0,Υπο κατασκευή,Εξαιρείται,0,1,0,0,0,1,0,0,Other
Αττική,Κτίριο,1200000,900.0,2014.0,Ισόγειο,,7.0,Ημιτελές,Μη αποδοτικό,0,0,0,0,0,0,0,0,Other
Αττική,Διαμέρισμα,140000,75.0,1960.0,1ος,2.0,1.0,Καλή,Γ,1,1,0,1,1,0,0,0,"Αθήνα,Αγία Παρασκευή"
Αττική,Διαμέρισμα,102000,63.0,1978.0,5ος,1.0,1.0,Ανακαινισμένο,Η,0,0,0,0,0,0,0,0,Other
Αττική,Διαμέρισμα,175000,100.0,1965.0,Ισόγειο,3.0,1.0,Ανακαινισμένο,Β,0,0,0,1,0,0,0,0,"Καλλιθέα,Τζιτζιφιές"
Αττική,Μεζονέτα,1600000,316.0,2009.0,"Ισόγειο,1ος",5.0,3.0,Άριστη,Εκρεμμεί,1,1,1,1,1,1,0,0,"Κηφισιά,Κάτω Κηφισιά"
Αττική,Διαμέρισμα,410000,151.0,1938.0,3ος,2.0,1.0,Καλή,Η,1,0,1,1,1,0,0,0,"Αθήνα,Κολωνάκι"
Θεσσαλονίκη,Διαμέρισμα,120000,65.0,1994.0,2ος,1.0,1.0,Καλή,Δ,0,0,0,0,0,0,0,0,Καλαμαριά
Θεσσαλονίκη,Διαμέρισμα,77000,70.0,1970.0,3ος,2.0,1.0,Ανακαινισμένο,Δ,0,1,1,1,0,0,0,1,"Θεσσαλονίκη,Παπάφειο"
Αττική,Διαμέρισμα,60000,55.0,1975.0,Ισόγειο,2.0,1.0,Νεόδμητο,,1,1,1,1,0,0,0,1,Other
Αττική,Μεζονέτα,550000,120.0,2010.0,4ος,2.0,1.0,,Γ,1,0,0,0,0,1,0,0,"Νέο Ψυχικό,Πλατεία Ελευθερίας"
Θεσσαλονίκη,Μονοκατοικία,80000,80.0,1975.0,2ος,3.0,2.0,Χρήζει ανακαίνισης,Ζ,0,0,0,0,0,0,0,0,Other
Αττική,Διαμέρισμα,140000,40.0,2021.0,6ος,1.0,1.0,Νεόδμητο,Β+,1,0,0,1,1,0,0,0,Other
Αττική,Διαμέρισμα,85000,55.0,1979.0,3ος,,,Ανακαινισμένο,,1,0,0,1,0,0,0,0,"Καλλιθέα,Λόφος Φιλαρέτου"
Αττική,Μονοκατοικία,365000,180.0,1987.0,Υπερυψωμένο,3.0,2.0,Ανακαινισμένο,Γ,1,1,1,1,0,1,0,0,Άρτεμις
Αττική,Διαμέρισμα,180000,80.0,2000.0,6ος,2.0,1.0,Καλή,Ε,1,1,0,1,0,0,0,0,"Αθήνα,Νιρβάνα"
Θεσσαλονίκη,Διαμέρισμα,81000,43.0,2021.0,Ισόγειο,1.0,1.0,Νεόδμητο,Α,1,0,1,1,0,0,1,1,"Θεσσαλονίκη,Ανάληψη"
Θεσσαλονίκη,Διαμέρισμα,124000,75.0,1976.0,2ος,2.0,1.0,Ανακαινισμένο,Γ,0,0,0,1,0,0,0,1,"Θεσσαλονίκη,Χαριλάου"
Αττική,Μονοκατοικία,135000,166.0,1970.0,Ισόγειο,2.0,1.0,Ανακαινισμένο,Ε,1,0,1,0,0,0,0,0,Ζεφύρι
Θεσσαλονίκη,Μεζονέτα,230000,125.0,2021.0,5ος,3.0,2.0,Νεόδμητο,Α+,0,0,0,1,0,1,0,1,Other
Θεσσαλονίκη,Διαμέρισμα,155000,80.0,1980.0,2ος,2.0,1.0,Καλή,Εκρεμμεί,0,0,0,1,0,0,0,0,Καλαμαριά
Θεσσαλονίκη,Διαμέρισμα,195000,89.0,2022.0,4ος,2.0,1.0,Νεόδμητο,Α,1,0,0,1,1,0,0,0,"Θεσσαλονίκη,Πυλαία"
Αττική,Διαμέρισμα,190000,112.0,1975.0,3ος,2.0,1.0,,,1,0,0,1,0,0,0,0,"Καλλιθέα,Κέντρο"
Αττική,Μονοκατοικία,195000,190.0,,"Ισόγειο,1ος",2.0,,Άριστη,,1,1,0,1,0,1,0,0,Καματερό
Θεσσαλονίκη,Διαμέρισμα,115000,50.0,1980.0,3ος,1.0,1.0,Ανακαινισμένο,Δ,0,0,1,1,0,0,1,0,"Θεσσαλονίκη,Κέντρο"
Αττική,Μονοκατοικία,120000,50.0,1995.0,"Ισόγειο,1ος",2.0,2.0,Ημιτελές,Εκρεμμεί,0,0,0,0,0,0,0,0,Άρτεμις
Αττική,Διαμέρισμα,210000,83.0,1982.0,6ος,2.0,1.0,,,1,1,1,1,0,0,1,0,Μοσχάτο
Αττική,Μονοκατοικία,430000,130.0,,,,,Άλλη κατάσταση,,0,0,0,0,0,0,0,0,Other
Αττική,Μεζονέτα,570000,290.0,2004.0,"Ημιυπόγειο,Ισόγειο,Υπερυψωμένο,Ημιώροφος",5.0,5.0,Καλή,Β,1,1,1,1,0,1,0,0,Other
Αττική,Διαμέρισμα,150000,65.0,2006.0,1ος,2.0,1.0,Καλή,Δ,1,0,1,1,0,1,0,0,"Παλλήνη,Κέντρο"
Αττική,Διαμέρισμα,410000,117.0,2021.0,1ος,3.0,2.0,Νεόδμητο,Α+,0,1,0,1,0,1,0,0,Other
Θεσσαλονίκη,Μεζονέτα,160000,150.0,1999.0,Ισόγειο,3.0,2.0,Καλή,Εκρεμμεί,0,0,1,1,0,1,0,0,Other
Αττική,Διαμέρισμα,240000,160.0,1976.0,2ος,4.0,2.0,Ανακαινισμένο,Ε,1,1,1,1,1,0,0,0,"Καλλιθέα,Λόφος Φιλαρέτου"
Αττική,Διαμέρισμα,150000,104.0,1978.0,2ος,2.0,1.0,Ανακαινισμένο,Ζ,1,1,1,1,0,0,1,0,Παιανία
Αττική,Διαμέρισμα,267000,102.0,1963.0,2ος,2.0,1.0,Ανακαινισμένο,Ζ,0,0,0,1,0,0,0,0,"Αθήνα,Παγκράτι"
Αττική,Διαμέρισμα,270000,77.0,2021.0,2ος,2.0,1.0,Υπο κατασκευή,Β,0,1,0,1,0,1,0,0,Other
Αττική,Διαμέρισμα,200000,75.0,2021.0,1ος,1.0,1.0,Νεόδμητο,Α+,1,0,0,1,1,0,0,0,"Αθήνα,Γκύζη"
Αττική,Μεζονέτα,700000,290.0,1998.0,"Ισόγειο,1ος,2ος",3.0,2.0,Άριστη,Γ,0,1,1,0,0,1,0,0,"Ηράκλειο,Άνω Ψαλίδι"
Θεσσαλονίκη,Διαμέρισμα,95000,90.0,2009.0,2ος,2.0,1.0,Άριστη,Β,0,1,1,1,0,1,0,0,Other
Αττική,Διαμέρισμα,250000,80.0,2022.0,3ος,2.0,1.0,Νεόδμητο,Α,1,1,0,1,1,1,0,0,Other
Αττική,Διαμέρισμα,79000,85.0,1952.0,2ος,3.0,1.0,Καλή,Ζ,0,0,0,0,0,0,0,0,"Αθήνα,Πλατεία Αμερικής"
Αττική,Μεζονέτα,185000,140.0,1998.0,Ισόγειο,4.0,2.0,Άριστη,Μη αποδοτικό,0,0,1,1,0,1,0,0,Ραφήνα
Αττική,Διαμέρισμα,50000,40.0,1980.0,Ισόγειο,1.0,1.0,,,0,0,0,0,0,0,0,1,"Καλλιθέα,Σταθμός ΗΣΑΠ Ταύρου"
Αττική,Μεζονέτα,275000,102.0,2021.0,3ος,3.0,2.0,Νεόδμητο,Α+,1,1,1,1,0,1,0,0,"Παλλήνη,Κέντρο"
Αττική,Διαμέρισμα,120000,69.0,1964.0,3ος,2.0,,Καλή,Ζ,0,0,0,0,0,0,0,0,Other
Αττική,Διαμέρισμα,280000,100.0,1968.0,4ος,2.0,1.0,Καλή,Η,0,0,1,1,0,0,0,0,"Αθήνα,Κουκάκι"
Θεσσαλονίκη,Διαμέρισμα,128000,40.0,1960.0,1ος,1.0,1.0,Άλλη κατάσταση,Γ,1,0,1,1,1,0,1,1,Other
Αττική,Διαμέρισμα,200000,130.0,1980.0,Ισόγειο,4.0,,Άριστη,Γ,0,0,0,1,0,0,0,0,Other
Αττική,Διαμέρισμα,100000,70.0,1979.0,4ος,2.0,1.0,Καλή,,1,0,0,0,0,0,0,0,Μοσχάτο
Αττική,Διαμέρισμα,350000,147.0,1980.0,4ος,3.0,2.0,Ανακαινισμένο,Β,1,0,0,1,1,1,0,0,"Λυκόβρυση,Κέντρο"
Αττική,Διαμέρισμα,1500000,185.0,1972.0,1ος,2.0,1.0,Ανακαινισμένο,Δ,1,0,0,1,0,1,0,0,"Κηφισιά,Πολιτεία"
Αττική,Διαμέρισμα,220000,90.0,2009.0,2ος,2.0,1.0,Νεόδμητο,Γ,1,0,1,1,0,1,0,0,Ραφήνα
Θεσσαλονίκη,Διαμέρισμα,105000,53.0,1974.0,1ος,1.0,1.0,Καλή,Εκρεμμεί,0,0,1,1,0,0,0,1,"Θεσσαλονίκη,Ανάληψη"
Αττική,Διαμέρισμα,400000,83.0,2021.0,5ος,3.0,1.0,Νεόδμητο,Γ,1,0,0,1,0,0,0,1,Other
Αττική,Μονοκατοικία,1650000,340.0,,Ισόγειο,5.0,5.0,Νεόδμητο,,1,0,1,1,0,1,0,0,Other
Αττική,Διαμέρισμα,80000,65.0,1962.0,3ος,2.0,1.0,Ανακαινισμένο,Εκρεμμεί,0,0,0,0,0,0,0,0,"Αθήνα,Κυψέλη"
Αττική,Διαμέρισμα,123000,70.0,2002.0,6ος,2.0,1.0,Νεόδμητο,Δ,1,0,0,0,1,0,0,0,Κέντρο
Θεσσαλονίκη,Μονοκατοικία,1700000,600.0,1903.0,1ος,6.0,2.0,Ανακαινισμένο,Μη αποδοτικό,0,0,0,0,0,0,0,0,"Θεσσαλονίκη,Φάληρο"
Θεσσαλονίκη,Διαμέρισμα,45000,25.0,1966.0,Ημιυπόγειο,1.0,1.0,Ανακαινισμένο,Γ,0,0,1,0,0,0,1,0,"Θεσσαλονίκη,Ανω Πόλη"
Αττική,Διαμέρισμα,90000,36.0,1981.0,1ος,1.0,1.0,,Εκρεμμεί,0,0,0,1,0,0,1,0,Other
Αττική,Μονοκατοικία,94000,130.0,1982.0,Ισόγειο,3.0,1.0,Ανακαινισμένο,Δ,1,0,1,1,0,1,0,0,"Άνω Λιόσια,Δροσούπολη"
Θεσσαλονίκη,Διαμέρισμα,137000,120.0,1975.0,2ος,2.0,1.0,Υπο κατασκευή,Β,0,0,0,1,0,0,0,1,Αμπελόκηποι
Αττική,Μεζονέτα,1200000,158.0,2007.0,1ος,3.0,2.0,Άριστη,Α,1,0,0,0,0,1,0,0,Other
Αττική,Διαμέρισμα,80000,83.0,1970.0,1ος,2.0,1.0,Καλή,Ζ,1,0,0,0,0,0,0,0,Other
Αττική,Διαμέρισμα,360000,92.0,2022.0,4ος,3.0,2.0,Νεόδμητο,Εκρεμμεί,0,0,0,0,0,0,0,0,Other
Θεσσαλονίκη,Διαμέρισμα,82000,48.0,1971.0,3ος,2.0,1.0,Καλή,Εκρεμμεί,0,0,1,1,0,0,1,0,"Θεσσαλονίκη,Ξηροκρήνη"
Αττική,Διαμέρισμα,210000,147.0,1981.0,2ος,3.0,2.0,Καλή,Ε,0,1,0,0,0,1,1,0,Other
Αττική,Κτίριο,1980000,995.0,2012.0,Ισόγειο,22.0,10.0,Ημιτελές,,0,0,0,1,0,0,0,0,"Κηφισιά,Νέα Κηφισιά"
Θεσσαλονίκη,Μεζονέτα,190000,120.0,2010.0,1ος,3.0,1.0,Νεόδμητο,Β,0,0,0,1,0,1,1,0,Ευκαρπία
Αττική,Διαμέρισμα,250000,65.0,1997.0,1ος,1.0,1.0,Καλή,Ε,0,0,0,0,0,0,0,0,"Νέο Ψυχικό,Πλατεία Ελευθερίας"
Αττική,Μονοκατοικία,650000,267.0,2000.0,"Υπόγειο,Ισόγειο,1ος,2ος",4.0,,,Δ,1,1,0,1,1,1,0,0,"Κηφισιά,Νέα Κηφισιά"
Θεσσαλονίκη,Μεζονέτα,125000,120.0,2010.0,1ος,3.0,2.0,Καλή,Α,0,0,0,1,0,1,0,0,Θέρμη
Θεσσαλονίκη,Διαμέρισμα,98000,50.0,1965.0,4ος,1.0,1.0,Καλή,Α,0,0,0,1,0,0,1,1,"Θεσσαλονίκη,Ανάληψη"
Αττική,Κτίριο,700000,600.0,1965.0,Ισόγειο,1.0,1.0,Καλή,,0,0,0,0,0,0,0,0,"Αθήνα,Άνω Κυψέλη"
Αττική,Διαμέρισμα,270000,88.0,2021.0,2ος,2.0,1.0,Νεόδμητο,Α,1,1,1,1,1,1,0,0,"Καλλιθέα,Χρυσάκη"
Θεσσαλονίκη,Διαμέρισμα,135000,84.0,1970.0,5ος,2.0,1.0,Ανακαινισμένο,Δ,0,0,1,1,0,0,0,1,"Θεσσαλονίκη,Ανάληψη"
Αττική,Διαμέρισμα,80000,90.0,1970.0,1ος,3.0,1.0,Καλή,Ζ,1,0,0,0,0,0,0,0,Other
Αττική,Μεζονέτα,1200000,600.0,,"Ισόγειο,1ος",,,,,0,0,0,0,0,0,0,0,Φιλοθέη
Αττική,Διαμέρισμα,150000,70.0,2007.0,6ος,2.0,1.0,Άριστη,Γ,1,0,1,1,0,0,1,0,"Αθήνα,Άγιος Παντελεήμονας"
Αττική,Διαμέρισμα,234000,103.0,1979.0,2ος,2.0,1.0,,,1,1,0,1,0,0,0,0,"Καλλιθέα,Τζιτζιφιές"
Θεσσαλονίκη,Διαμέρισμα,240000,100.0,2008.0,5ος,2.0,1.0,,Γ,1,0,0,1,0,0,0,0,Καλαμαριά
Αττική,Μονοκατοικία,500000,190.0,1936.0,Ισόγειο,3.0,3.0,Καλή,Ζ,1,0,0,0,0,0,0,0,"Αθήνα,Κυψέλη"
Αττική,Διαμέρισμα,345000,113.0,1991.0,1ος,3.0,1.0,,,1,0,1,1,0,1,0,0,"Κηφισιά,Νέα Κηφισιά"
Θεσσαλονίκη,Διαμέρισμα,79000,35.0,1972.0,1ος,1.0,1.0,Ανακαινισμένο,Εκρεμμεί,0,0,1,1,0,0,1,0,Other
Αττική,Διαμέρισμα,161000,109.0,1963.0,8ος,3.0,2.0,Καλή,Ζ,0,0,0,0,0,0,0,0,Other
Θεσσαλονίκη,Διαμέρισμα,265000,100.0,2022.0,1ος,3.0,1.0,Νεόδμητο,Β+,1,0,0,1,1,0,0,0,Other
Αττική,Μεζονέτα,590000,200.0,1980.0,"Ισόγειο,1ος,2ος",4.0,2.0,Ανακαινισμένο,Γ,1,0,1,1,0,0,0,0,Φιλοθέη
Αττική,Μεζονέτα,210000,140.0,1955.0,"6ος,7ος",3.0,2.0,Καλή,Εκρεμμεί,1,0,1,1,0,0,0,0,"Αθήνα,Πλατεία Αμερικής"
Θεσσαλονίκη,Διαμέρισμα,430000,200.0,1996.0,7ος,3.0,1.0,Ανακαινισμένο,Γ,0,0,1,1,0,1,1,0,Καλαμαριά
Αττική,Κτίριο,2000000,650.0,1975.0,Ισόγειο,,,Καλή,Ζ,1,0,0,0,0,1,0,0,"Κηφισιά,Κάτω Κηφισιά"
Αττική,Διαμέρισμα,155000,93.0,2012.0,Υπερυψωμένο,2.0,2.0,Νεόδμητο,Μη αποδοτικό,1,1,0,1,0,1,0,0,Other
Αττική,Μονοκατοικία,130000,130.0,1972.0,Ισόγειο,2.0,1.0,Χρήζει ανακαίνισης,Ζ,0,0,0,0,0,0,0,0,"Κορυδαλλός,Πλατεία Ελευθερίας"
Αττική,Μεζονέτα,650000,250.0,2013.0,"Ισόγειο,1ος,2ος",3.0,,Υπο κατασκευή,Α+,1,1,1,1,0,1,0,0,Νέα Πεντέλη
Θεσσαλονίκη,Διαμέρισμα,77000,91.0,2007.0,4ος,3.0,1.0,,Ε,0,0,0,0,0,0,0,0,Other
Αττική,Διαμέρισμα,60000,70.0,1960.0,1ος,3.0,2.0,Καλή,Η,0,0,0,1,0,0,0,0,"Αθήνα,Πλατεία Αμερικής"
Αττική,Μονοκατοικία,590000,280.0,2002.0,Ισόγειο,4.0,3.0,Καλή,Β,1,1,1,1,0,1,0,0,Σπάτα
Αττική,Διαμέρισμα,285000,106.0,2020.0,4ος,3.0,2.0,Νεόδμητο,Β+,0,0,0,0,0,0,0,0,"Καλλιθέα,Σταθμός ΗΣΑΠ Ταύρου"
Αττική,Διαμέρισμα,172000,93.0,1976.0,1ος,2.0,1.0,Καλή,Μη αποδοτικό,1,0,1,0,0,0,1,0,"Αθήνα,Νέα Φιλοθέη"
Θεσσαλονίκη,Οικία,360000,200.0,2010.0,Ισόγειο,3.0,2.0,Νεόδμητο,Δ,1,1,1,1,0,1,0,0,Other
Αττική,Διαμέρισμα,95000,92.0,1976.0,3ος,2.0,1.0,Άλλη κατάσταση,Εκρεμμεί,1,1,1,0,0,0,0,0,"Πέραμα,Κέντρο"
Αττική,Διαμέρισμα,115000,75.0,1979.0,2ος,2.0,1.0,,Εκρεμμεί,0,0,0,0,0,0,0,0,"Καλλιθέα,ΟΤΕ"
Αττική,Κτίριο,500000,359.0,1965.0,Ισόγειο,3.0,2.0,,,1,0,0,0,0,0,0,1,"Καλλιθέα,Κέντρο"
Αττική,Οικία,1000000,407.0,2007.0,Ισόγειο,4.0,3.0,Καλή,Β+,1,1,1,1,0,1,0,0,Other
Αττική,Κτίριο,990000,810.0,2010.0,5ος,,,Ημιτελές,Β+,0,0,0,0,0,0,0,0,Other
Αττική,Κτίριο,1000000,515.0,1999.0,Ισόγειο,,,Καλή,Ε,0,0,0,0,0,0,0,0,"Αθήνα,Παγκράτι"
Αττική,Διαμέρισμα,150000,120.0,1970.0,4ος,3.0,2.0,Ημιτελές,,1,0,0,1,0,0,0,0,Ραφήνα
Θεσσαλονίκη,Διαμέρισμα,49000,55.0,1975.0,Ημιώροφος,1.0,1.0,Καλή,Β,0,0,0,1,0,0,1,1,Αμπελόκηποι
Αττική,Διαμέρισμα,130000,75.0,1965.0,5ος,1.0,1.0,,Ε,0,0,0,1,0,0,0,0,Other
Αττική,Διαμέρισμα,160000,78.0,1976.0,2ος,2.0,1.0,Άριστη,Α,1,0,1,1,1,0,1,0,"Αθήνα,Ακαδημία Πλάτωνος"
Αττική,Μονοκατοικία,840000,404.0,2007.0,Ισόγειο,4.0,4.0,,,1,1,1,1,0,0,1,0,Άρτεμις
Θεσσαλονίκη,Διαμέρισμα,210000,80.0,1939.0,4ος,1.0,1.0,Ανακαινισμένο,Εκρεμμεί,0,0,1,0,0,0,0,1,"Θεσσαλονίκη,Κέντρο"
Αττική,Διαμέρισμα,235000,119.0,2005.0,2ος,3.0,2.0,Άριστη,Γ,1,0,1,1,0,1,0,0,Ραφήνα
Θεσσαλονίκη,Διαμέρισμα,220000,110.0,2022.0,1ος,3.0,1.0,Υπο κατασκευή,Α+,0,1,1,1,0,0,0,0,Θέρμη
Αττική,Διαμέρισμα,78000,50.0,2006.0,1ος,1.0,1.0,,Γ,0,0,1,1,0,0,0,0,"Αθήνα,Νιρβάνα"
Αττική,Μεζονέτα,320000,186.0,2000.0,"1ος,2ος",4.0,2.0,Άριστη,,0,0,1,1,0,1,0,0,"Καλλιθέα,Σταθμός ΗΣΑΠ Ταύρου"
Θεσσαλονίκη,Διαμέρισμα,135000,54.0,1970.0,1ος,1.0,1.0,Άλλη κατάσταση,Δ,1,0,0,1,1,0,1,1,"Θεσσαλονίκη,Κέντρο"
Αττική,Διαμέρισμα,80000,60.0,1965.0,Υπερυψωμένο,1.0,1.0,Καλή,Ζ,0,0,0,0,0,0,0,0,"Αθήνα,Άνω Πατήσια"
Αττική,Μονοκατοικία,620000,350.0,2011.0,Ισόγειο,5.0,3.0,Νεόδμητο,,1,0,0,0,0,0,0,0,Ραφήνα
Θεσσαλονίκη,Μεζονέτα,250000,250.0,2011.0,"Ημιυπόγειο,Ημιώροφος,1ος,2ος",5.0,2.0,Νεόδμητο,Μη αποδοτικό,1,0,0,1,0,1,0,0,Θέρμη
Αττική,Διαμέρισμα,145000,95.0,1960.0,1ος,3.0,1.0,,,1,1,1,1,0,0,1,0,"Νέα Ιωνία,Περισσός"
Αττική,Διαμέρισμα,75000,72.0,1965.0,1ος,2.0,1.0,,,1,1,1,1,0,0,0,1,"Αθήνα,Αγία Παρασκευή"
Θεσσαλονίκη,Μονοκατοικία,187000,135.0,2002.0,"Ισόγειο,1ος",3.0,1.0,Καλή,Γ,0,0,0,0,0,0,0,0,Other
Αττική,Μονοκατοικία,850000,430.0,2002.0,"Υπόγειο,Ισόγειο,1ος",,,Άριστη,,0,0,0,0,0,1,0,0,Πεντέλη
Αττική,Μονοκατοικία,52000,50.0,2005.0,Ισόγειο,1.0,1.0,Άριστη,Δ,0,1,1,1,0,0,0,0,Other
Αττική,Διαμέρισμα,150000,113.0,1996.0,Ισόγειο,2.0,1.0,,Γ,0,1,0,1,0,0,0,0,Νέα Πέραμος
Θεσσαλονίκη,Διαμέρισμα,255000,75.0,1990.0,1ος,1.0,1.0,,,0,1,1,1,0,0,0,1,"Θεσσαλονίκη,Κέντρο"
Αττική,Διαμέρισμα,139000,106.0,1939.0,1ος,1.0,1.0,Καλή,Ζ,0,0,1,0,0,0,0,1,Other
Θεσσαλονίκη,Μεζονέτα,120000,120.0,2005.0,Ισόγειο,3.0,2.0,Καλή,Α,0,0,0,1,0,0,0,0,Other
Αττική,Διαμέρισμα,264000,87.0,2020.0,1ος,3.0,1.0,Νεόδμητο,Α+,0,0,0,0,0,0,0,0,Other
Αττική,Διαμέρισμα,110000,52.0,1972.0,Ισόγειο,1.0,,Ανακαινισμένο,Δ,0,0,0,0,0,0,0,0,"Άλιμος,Καλαμάκι"
Θεσσαλονίκη,Μονοκατοικία,450000,330.0,1986.0,"Ημιυπόγειο,Υπερυψωμένο,1ος,2ος",5.0,2.0,Καλή,Εκρεμμεί,0,1,0,0,0,1,0,0,Πυλαία
Αττική,Μονοκατοικία,150000,75.0,,Ισόγειο,,,Χρήζει ανακαίνισης,Γ,0,0,0,0,0,0,0,0,Παλλήνη
Θεσσαλονίκη,Διαμέρισμα,92000,50.0,2021.0,1ος,1.0,1.0,Υπο κατασκευή,Β+,0,0,1,1,0,0,0,0,Συκιές
Αττική,Διαμέρισμα,170000,58.0,1970.0,Ημιυπόγειο,,,Ανακαινισμένο,Εκρεμμεί,0,0,0,0,0,0,0,0,Other
Θεσσαλονίκη,Μονοκατοικία,400000,300.0,1997.0,Ισόγειο,6.0,2.0,Καλή,Εκρεμμεί,0,0,1,1,0,1,0,0,Other
Αττική,Διαμέρισμα,148000,54.0,1982.0,5ος,1.0,1.0,Καλή,Εκρεμμεί,0,0,1,1,0,0,0,1,"Άλιμος,Καλαμάκι"
Θεσσαλονίκη,Διαμέρισμα,90000,58.0,1979.0,4ος,1.0,1.0,,Α+,0,0,1,1,0,0,0,1,"Θεσσαλονίκη,Ξηροκρήνη"
Αττική,Διαμέρισμα,375000,98.0,1973.0,2ος,3.0,1.0,Καλή,Β+,1,1,0,1,0,0,0,0,"Αθήνα,Λυκαβηττός"
Αττική,Διαμέρισμα,240000,80.0,2022.0,1ος,2.0,1.0,Νεόδμητο,Α,0,1,0,1,0,0,0,0,Other
Αττική,Διαμέρισμα,115000,147.0,2000.0,1ος,2.0,2.0,,,1,0,0,1,0,0,0,0,Other
Αττική,Κτίριο,1000000,780.0,1982.0,Ισόγειο,,,,,1,0,0,0,0,0,0,0,Πεντέλη
Αττική,Διαμέρισμα,157000,110.0,1957.0,Ισόγειο,3.0,3.0,Ανακαινισμένο,,0,0,1,0,0,0,1,0,Other
Αττική,Διαμέρισμα,230000,105.0,1990.0,4ος,2.0,1.0,Ανακαινισμένο,Ε,1,1,0,1,0,0,0,0,Other
Αττική,Κτίριο,1500000,89.0,1995.0,3ος,2.0,1.0,,,1,1,1,1,0,0,1,1,"Καλλιθέα,Σταθμός ΗΣΑΠ Ταύρου"
Θεσσαλονίκη,Μονοκατοικία,50000,120.0,,Υπερυψωμένο,4.0,2.0,Καλή,,0,0,0,0,0,0,0,0,Other
Θεσσαλονίκη,Διαμέρισμα,330000,116.0,2022.0,3ος,3.0,1.0,Νεόδμητο,Α,0,0,0,0,0,0,0,0,"Θεσσαλονίκη,Κάτω Τούμπα"
Αττική,Διαμέρισμα,460000,128.0,1970.0,3ος,2.0,1.0,Χρήζει ανακαίνισης,Ζ,1,0,1,0,0,0,0,0,"Αθήνα,Κολωνάκι"
Αττική,Μονοκατοικία,280000,60.0,1950.0,Ισόγειο,1.0,1.0,,,1,0,0,0,0,0,0,0,"Νέο Ψυχικό,Πλατεία Ελευθερίας"
Αττική,Κτίριο,1500000,850.0,1970.0,Ισόγειο,,,Χρήζει ανακαίνισης,Ζ,1,0,0,0,0,0,0,0,"Καλλιθέα,Σταθμός ΗΣΑΠ Ταύρου"
Αττική,Μονοκατοικία,1150000,300.0,2005.0,Ισόγειο,5.0,4.0,Άριστη,Δ,1,1,1,1,0,0,0,0,"Αθήνα,Νέα Φιλοθέη"
Αττική,Κτίριο,1300000,1423.0,1976.0,Ισόγειο,,,Καλή,Εκρεμμεί,0,0,0,0,0,0,0,0,"Αθήνα,Πλατεία Βικτωρίας"
Αττική,Διαμέρισμα,190000,172.0,1975.0,6ος,4.0,2.0,Ανακαινισμένο,Η,1,0,1,1,0,1,0,0,"Αθήνα,Πλατεία Αττικής"
Αττική,Μονοκατοικία,330000,207.0,,Ισόγειο,,,Άλλη κατάσταση,Ε,0,1,1,0,0,0,0,0,"Άνω Λιόσια,Άγιος Γεώργιος"
Θεσσαλονίκη,Διαμέρισμα,120000,42.0,1972.0,3ος,1.0,1.0,Ανακαινισμένο,Δ,0,0,0,1,0,0,0,1,"Θεσσαλονίκη,Ντεπώ"
Αττική,Διαμέρισμα,35000,33.0,1967.0,Ημιυπόγειο,1.0,1.0,Καλή,Εκρεμμεί,1,0,0,0,0,0,0,0,Other
Αττική,Διαμέρισμα,205000,61.0,2010.0,6ος,2.0,1.0,,Β,0,1,1,1,0,1,0,0,Other
Αττική,Μονοκατοικία,85000,44.0,2004.0,Ισόγειο,2.0,1.0,Άριστη,Γ,0,0,1,0,0,0,0,0,Other
Αττική,Διαμέρισμα,460000,160.0,1961.0,Ισόγειο,3.0,2.0,Ανακαινισμένο,Δ,1,0,1,1,1,1,0,0,Other
Αττική,Μονοκατοικία,60000,50.0,1975.0,Ισόγειο,1.0,,Άριστη,Η,0,0,1,0,0,0,0,0,Νέα Πέραμος
Αττική,Κτίριο,1050000,588.0,1970.0,Ισόγειο,9.0,9.0,Καλή,Η,1,0,0,0,0,0,0,0,"Αθήνα,Ελληνορώσων"
Αττική,Μεζονέτα,200000,165.0,1986.0,Ισόγειο,3.0,1.0,Χρήζει ανακαίνισης,Η,0,0,0,0,0,1,0,0,"Κηφισιά,Κεφαλάρι"
Αττική,Μονοκατοικία,260000,102.0,2008.0,1ος,2.0,1.0,,Εξαιρείται,0,1,0,0,0,0,0,0,Other
Θεσσαλονίκη,Διαμέρισμα,450000,140.0,2010.0,3ος,3.0,1.0,Νεόδμητο,,1,0,0,1,1,1,0,0,Other
Αττική,Διαμέρισμα,140000,76.0,1972.0,4ος,,1.0,Καλή,Ζ,0,0,1,0,0,0,0,0,"Ταύρος Αττικής,Κέντρο"
Αττική,Διαμέρισμα,550000,145.0,2006.0,1ος,3.0,2.0,Άλλη κατάσταση,Δ,1,0,1,1,0,1,0,0,"Παλλήνη,Κέντρο"
Θεσσαλονίκη,Διαμέρισμα,400000,150.0,2020.0,2ος,1.0,1.0,Νεόδμητο,Α,0,0,0,0,0,0,0,0,Πυλαία
Αττική,Μεζονέτα,590000,196.0,,"Υπόγειο,Ισόγειο",3.0,2.0,Άριστη,Εκρεμμεί,1,0,0,1,0,0,0,0,Other
Αττική,Διαμέρισμα,740000,189.0,1938.0,3ος,2.0,2.0,Καλή,Γ,0,0,1,1,0,0,0,0,"Αθήνα,Κάτω Πετράλωνα"
Αττική,Διαμέρισμα,185000,110.0,1982.0,2ος,2.0,1.0,Καλή,Γ,1,0,0,1,0,1,0,0,Νέα Πεντέλη
Αττική,Διαμέρισμα,139000,139.0,1970.0,2ος,3.0,1.0,Ανακαινισμένο,Ζ,0,0,1,1,0,0,0,0,"Αθήνα,Πλατεία Αμερικής"
Αττική,Διαμέρισμα,260000,97.0,1979.0,4ος,2.0,2.0,Άριστη,Ε,1,0,1,1,0,0,0,0,Other
Αττική,Διαμέρισμα,74000,32.0,1974.0,1ος,1.0,1.0,Ανακαινισμένο,Δ,0,1,1,1,0,0,1,0,Other
Αττική,Διαμέρισμα,340000,68.0,2021.0,3ος,2.0,1.0,Υπο κατασκευή,Α+,0,1,1,1,0,1,0,0,Other
Θεσσαλονίκη,Διαμέρισμα,336000,120.0,2021.0,2ος,3.0,1.0,Άριστη,Α+,1,0,0,1,1,1,0,0,Πυλαία
Θεσσαλονίκη,Διαμέρισμα,65000,55.0,1968.0,1ος,2.0,1.0,Καλή,Εκρεμμεί,0,0,1,1,0,0,0,0,Other
Αττική,Διαμέρισμα,200000,100.0,1970.0,1ος,2.0,1.0,Ανακαινισμένο,Δ,1,1,0,1,0,0,0,0,Ραφήνα
Αττική,Διαμέρισμα,320000,125.0,1986.0,5ος,3.0,1.0,Άλλη κατάσταση,Ε,1,0,0,1,0,1,0,0,Other
Αττική,Διαμέρισμα,190000,91.0,1978.0,4ος,2.0,1.0,,Ε,0,0,0,0,0,0,0,0,"Άλιμος,Καλαμάκι"
Θεσσαλονίκη,Διαμέρισμα,150000,60.0,2011.0,7ος,1.0,1.0,Νεόδμητο,Β,0,0,0,1,0,0,0,1,"Θεσσαλονίκη,Κέντρο"
Αττική,Διαμέρισμα,68000,79.0,1971.0,3ος,1.0,1.0,Καλή,Ζ,1,0,1,0,0,0,0,0,"Αθήνα,Πλατεία Αμερικής"
Αττική,Διαμέρισμα,380000,111.0,,Ισόγειο,3.0,1.0,Νεόδμητο,Εκρεμμεί,1,0,0,1,1,1,0,0,Other
Αττική,Διαμέρισμα,300000,67.0,1970.0,2ος,2.0,,,Η,0,0,0,0,0,0,0,0,"Μαρούσι,Νέο Τέρμα"
Αττική,Διαμέρισμα,210000,72.0,1970.0,2ος,2.0,1.0,Ανακαινισμένο,Μη αποδοτικό,0,0,0,1,0,0,0,0,"Αθήνα,Καλλιρρόης"
Αττική,Μεζονέτα,1250000,440.0,1996.0,"Υπόγειο,Ισόγειο,1ος",4.0,3.0,Καλή,,0,0,0,1,0,1,0,0,"Νέα Ερυθραία,Καστρί"
Αττική,Μονοκατοικία,35000,50.0,2010.0,Ισόγειο,,1.0,Υπο κατασκευή,,0,0,0,0,0,0,0,0,Σαλαμίνα
Αττική,Διαμέρισμα,150000,114.0,1980.0,Ισόγειο,2.0,1.0,Καλή,Ζ,1,0,0,0,0,0,0,0,Other
Αττική,Μονοκατοικία,550000,300.0,2002.0,Ισόγειο,4.0,2.0,,,1,1,0,0,0,0,1,0,Other
Θεσσαλονίκη,Διαμέρισμα,200000,112.0,1979.0,4ος,3.0,1.0,Άλλη κατάσταση,Δ,1,0,1,1,1,1,0,0,"Θεσσαλονίκη,Ανω Τούμπα"
Αττική,Μονοκατοικία,2100000,1981.0,1932.0,Ισόγειο,,,Ανακαινισμένο,Μη αποδοτικό,1,0,0,0,0,1,0,0,Other
Αττική,Διαμέρισμα,422000,128.0,1960.0,3ος,5.0,1.0,Καλή,Η,0,0,0,0,0,0,0,0,"Αθήνα,Κολωνάκι"
Αττική,Μεζονέτα,100000,70.0,2005.0,Ισόγειο,2.0,1.0,Καλή,Η,0,0,0,0,0,0,0,0,Other
Αττική,Μονοκατοικία,75000,70.0,1969.0,Ισόγειο,2.0,1.0,Ημιτελές,Ζ,0,0,0,1,0,1,0,0,Other
Αττική,Διαμέρισμα,185000,77.0,1977.0,1ος,,1.0,Ανακαινισμένο,Ζ,0,0,0,1,0,0,0,0,"Μαρούσι,Νέο Τέρμα"
Αττική,Μονοκατοικία,140000,122.0,1960.0,Ισόγειο,2.0,1.0,Καλή,Η,1,0,0,0,0,0,0,0,Other
Θεσσαλονίκη,Μονοκατοικία,520000,408.0,1996.0,"Ισόγειο,1ος,2ος",6.0,4.0,Ημιτελές,Β,0,0,0,0,0,0,0,0,Πυλαία
Αττική,Διαμέρισμα,225000,89.0,2021.0,3ος,2.0,1.0,Νεόδμητο,Εκρεμμεί,1,1,0,1,1,0,0,0,Other
Αττική,Μονοκατοικία,150000,100.0,1985.0,Ισόγειο,3.0,1.0,Καλή,Ζ,1,0,1,0,0,1,0,0,Other
Θεσσαλονίκη,Διαμέρισμα,125000,40.0,1970.0,2ος,1.0,1.0,Καλή,Α,0,0,1,1,0,0,0,1,"Θεσσαλονίκη,Βαρδάρη"
Αττική,Διαμέρισμα,750000,194.0,2005.0,1ος,3.0,3.0,Άριστη,Δ,1,0,0,1,0,1,0,0,Πεντέλη
Αττική,Διαμέρισμα,170000,98.0,2008.0,1ος,2.0,1.0,Άριστη,Β,1,0,0,1,0,0,0,0,Other
Αττική,Μονοκατοικία,170000,345.0,2008.0,"Ισόγειο,1ος,2ος,3ος",5.0,3.0,Ημιτελές,Μη αποδοτικό,1,0,0,0,0,0,0,0,Other
Αττική,Μεζονέτα,320000,230.0,2005.0,5ος,4.0,1.0,Άριστη,Γ,1,0,0,1,0,1,0,0,Other
Θεσσαλονίκη,Διαμέρισμα,65000,57.0,1964.0,5ος,1.0,1.0,Χρήζει ανακαίνισης,Ζ,0,0,0,0,0,0,0,0,"Θεσσαλονίκη,Βαρδάρη"
Αττική,Διαμέρισμα,141000,55.0,2020.0,1ος,1.0,1.0,Υπο κατασκευή,Β+,1,0,1,1,0,0,0,0,Other
Θεσσαλονίκη,Διαμέρισμα,270000,155.0,1973.0,6ος,3.0,2.0,Χρήζει ανακαίνισης,Μη αποδοτικό,1,0,1,0,1,0,0,0,"Θεσσαλονίκη,Ντεπώ"
Θεσσαλονίκη,Διαμέρισμα,285000,149.0,2022.0,1ος,3.0,1.0,Νεόδμητο,Α,0,0,0,1,0,1,0,0,Other
Αττική,Μονοκατοικία,255000,143.0,2000.0,Ισόγειο,2.0,2.0,Καλή,Δ,1,0,1,0,0,0,0,0,Other
Θεσσαλονίκη,Μονοκατοικία,520000,210.0,2009.0,Ισόγειο,4.0,2.0,Νεόδμητο,Δ,0,0,0,1,0,1,0,0,Other
Θεσσαλονίκη,Διαμέρισμα,170000,93.0,1963.0,5ος,3.0,1.0,Χρήζει ανακαίνισης,Η,0,0,0,1,0,0,0,0,Other
Αττική,Διαμέρισμα,190000,84.0,2011.0,1ος,2.0,1.0,Νεόδμητο,Β,0,1,0,1,0,1,0,0,"Αθήνα,Άνω Κυψέλη"
Αττική,Διαμέρισμα,308000,61.0,2022.0,4ος,2.0,2.0,Νεόδμητο,Α,1,0,0,1,1,0,0,0,Μοσχάτο
Αττική,Διαμέρισμα,400000,120.0,1990.0,2ος,3.0,1.0,,Δ,0,1,1,0,0,0,1,0,"Πέραμα,Κέντρο"
Αττική,Διαμέρισμα,210000,76.0,2002.0,1ος,2.0,1.0,Άλλη κατάσταση,,1,1,0,0,0,0,0,0,"Νέα Σμύρνη,Χρυσάκη"
Αττική,Διαμέρισμα,70000,38.0,2007.0,Υπερυψωμένο,1.0,1.0,Νεόδμητο,Δ,1,0,0,0,0,0,0,0,Other
Θεσσαλονίκη,Μεζονέτα,250000,200.0,2021.0,Ισόγειο,4.0,2.0,Νεόδμητο,Α,0,0,0,1,0,1,0,0,Other
Αττική,Διαμέρισμα,140000,40.0,2021.0,7ος,1.0,1.0,Νεόδμητο,Α+,1,0,1,1,0,0,0,0,"Αθήνα,Γκύζη"
Αττική,Διαμέρισμα,225000,70.0,1966.0,3ος,2.0,1.0,Καλή,Ε,0,0,1,1,0,0,0,1,"Αθήνα,Κουκάκι"
Αττική,Κτίριο,350000,250.0,1970.0,"Ισόγειο,1ος",6.0,,Καλή,Η,0,0,0,0,0,0,0,0,"Αθήνα,Κάτω Πετράλωνα"
Αττική,Διαμέρισμα,525000,150.0,2005.0,4ος,3.0,2.0,Ανακαινισμένο,Γ,1,1,1,1,1,0,0,0,"Μαρούσι,Νέα Φιλοθέη"
Αττική,Διαμέρισμα,285000,83.0,2021.0,1ος,2.0,2.0,Υπο κατασκευή,Α,1,1,1,1,1,1,0,0,Other
Αττική,Διαμέρισμα,420000,227.0,1969.0,4ος,3.0,3.0,Καλή,Ζ,0,0,0,0,0,1,0,0,"Αθήνα,Κυψέλη"
Αττική,Διαμέρισμα,230000,103.0,2008.0,1ος,3.0,1.0,Άριστη,Εκρεμμεί,1,1,1,1,1,1,0,0,Other
Θεσσαλονίκη,Διαμέρισμα,52000,34.0,1975.0,Ισόγειο,,1.0,Ανακαινισμένο,Δ,0,0,1,1,0,0,1,0,"Θεσσαλονίκη,Ανω Πόλη"
Θεσσαλονίκη,Διαμέρισμα,220000,80.0,1972.0,7ος,2.0,1.0,Ανακαινισμένο,Β,0,0,0,1,0,0,1,1,"Θεσσαλονίκη,Κέντρο"
Αττική,Διαμέρισμα,178000,80.0,2000.0,1ος,2.0,1.0,Καλή,Δ,0,0,1,1,0,0,0,0,"Καλλιθέα,Σταθμός ΗΣΑΠ Ταύρου"
Αττική,Διαμέρισμα,85000,52.0,1975.0,2ος,2.0,1.0,Ανακαινισμένο,Ζ,1,0,1,1,0,0,0,0,"Αθήνα,Ακαδημία Πλάτωνος"
Αττική,Διαμέρισμα,250000,105.0,1990.0,6ος,2.0,1.0,Ανακαινισμένο,Εκρεμμεί,1,1,1,1,0,1,0,0,Other
Αττική,Διαμέρισμα,80000,65.0,,2ος,2.0,1.0,Ημιτελές,Β,1,0,0,0,1,0,0,0,"Ταύρος Αττικής,Κέντρο"
Αττική,Διαμέρισμα,500000,92.0,2020.0,3ος,2.0,2.0,Νεόδμητο,Α,0,0,0,1,0,1,0,0,Other
Θεσσαλονίκη,Διαμέρισμα,300000,105.0,2022.0,1ος,2.0,1.0,Νεόδμητο,Α,0,0,0,1,0,0,0,0,Καλαμαριά
Αττική,Διαμέρισμα,115000,72.0,1970.0,Ισόγειο,2.0,1.0,Καλή,Ζ,0,0,0,0,0,0,0,0,"Καλλιθέα,Τζιτζιφιές"
Αττική,Διαμέρισμα,70000,68.0,1976.0,"Ισόγειο,Υπερυψωμένο",2.0,1.0,Καλή,Η,0,0,0,0,0,0,0,0,Other
Θεσσαλονίκη,Μονοκατοικία,460000,300.0,1980.0,Ισόγειο,7.0,2.0,Καλή,Γ,0,0,0,1,0,0,0,0,Other
Αττική,Διαμέρισμα,190000,95.0,1980.0,2ος,2.0,1.0,,,0,0,0,0,0,0,0,1,Other
Αττική,Κτίριο,180000,210.0,1965.0,Ισόγειο,,,Χρήζει ανακαίνισης,Ε,1,0,0,0,0,0,0,0,"Καλλιθέα,Σταθμός ΗΣΑΠ Ταύρου"
Αττική,Διαμέρισμα,110000,109.0,1966.0,1ος,,,Καλή,Η,0,0,0,0,0,0,0,0,"Αθήνα,Πεδίον Άρεως"
Αττική,Διαμέρισμα,110000,50.0,1967.0,Ισόγειο,1.0,1.0,,,1,0,1,1,0,0,0,1,"Καλλιθέα,ΟΤΕ"
Αττική,Μεζονέτα,480000,340.0,2003.0,"Υπερυψωμένο,1ος",7.0,3.0,Ανακαινισμένο,Μη αποδοτικό,1,0,1,0,0,0,0,0,Other
Θεσσαλονίκη,Μεζονέτα,220000,160.0,2005.0,2ος,3.0,2.0,Άριστη,Β,0,1,1,1,0,1,0,0,Other
Αττική,Μονοκατοικία,730000,603.0,2021.0,Ισόγειο,4.0,5.0,Καλή,Α,1,1,1,1,0,0,0,0,Other
Αττική,Μονοκατοικία,290000,403.0,2006.0,"Υπόγειο,Ισόγειο,1ος",3.0,3.0,Ημιτελές,Μη αποδοτικό,0,0,0,0,0,0,0,0,Άρτεμις
Αττική,Μονοκατοικία,800000,340.0,1998.0,"Ισόγειο,1ος,2ος",5.0,3.0,Άριστη,Δ,1,1,1,1,0,1,0,0,Ραφήνα
Αττική,Διαμέρισμα,195000,84.0,2020.0,1ος,2.0,1.0,Άριστη,Β+,0,0,0,0,0,0,0,0,Other
Αττική,Διαμέρισμα,250000,105.0,1985.0,Υπερυψωμένο,2.0,1.0,,Δ,1,0,0,0,0,0,0,0,"Πεύκη,Άνω Πεύκη"
Αττική,Οικία,490000,310.0,1930.0,"Ισόγειο,1ος",15.0,,,,0,0,0,0,0,0,0,0,Other
Αττική,Διαμέρισμα,1000000,300.0,1976.0,3ος,4.0,3.0,Καλή,Η,1,1,1,0,0,1,0,0,"Αθήνα,Νέα Φιλοθέη"
Αττική,Διαμέρισμα,150000,123.0,1975.0,4ος,3.0,1.0,Άλλη κατάσταση,Ε,1,0,1,0,0,0,0,0,"Αθήνα,Κολιάτσου"
Αττική,Διαμέρισμα,260000,74.0,2010.0,6ος,3.0,1.0,Άριστη,Β,0,0,1,0,0,0,1,0,Other
Αττική,Διαμέρισμα,270000,113.0,1972.0,3ος,2.0,1.0,Καλή,Η,1,0,1,0,1,0,0,0,Other
Αττική,Διαμέρισμα,220000,75.0,1966.0,3ος,2.0,1.0,Άριστη,Ζ,0,0,1,1,0,0,0,0,"Αθήνα,Ιλίσια"
Αττική,Διαμέρισμα,185000,70.0,1992.0,3ος,2.0,1.0,Άριστη,Δ,0,1,0,1,0,1,0,0,"Νέα Ιωνία,Σαφράμπολη"
Θεσσαλονίκη,Διαμέρισμα,105000,85.0,2012.0,3ος,2.0,1.0,Νεόδμητο,Μη αποδοτικό,0,0,0,1,0,0,0,0,Περαία
Αττική,Διαμέρισμα,195000,85.0,1983.0,1ος,2.0,1.0,,Δ,0,0,1,0,0,0,1,1,Other
Αττική,Μεζονέτα,690000,139.0,2022.0,"3ος,4ος",3.0,2.0,Υπο κατασκευή,Α+,0,1,1,1,0,0,0,0,Other
Θεσσαλονίκη,Διαμέρισμα,93000,50.0,1967.0,Ημιώροφος,2.0,1.0,Ανακαινισμένο,Μη αποδοτικό,0,0,1,1,0,0,0,1,"Θεσσαλονίκη,Κέντρο"
Αττική,Μονοκατοικία,335000,260.0,2003.0,"Ισόγειο,1ος,2ος",3.0,3.0,Άλλη κατάσταση,Γ,1,0,0,0,0,1,0,0,Other
Θεσσαλονίκη,Μεζονέτα,180000,150.0,2012.0,Ισόγειο,3.0,1.0,Νεόδμητο,Α,0,0,0,1,0,0,0,0,Other
Θεσσαλονίκη,Διαμέρισμα,330000,115.0,2022.0,2ος,3.0,1.0,Νεόδμητο,Α,0,0,1,1,0,0,0,0,Καλαμαριά
Αττική,Μονοκατοικία,2500000,650.0,1999.0,Ισόγειο,8.0,5.0,Καλή,Εκρεμμεί,1,0,0,0,0,1,0,0,Πεντέλη
Αττική,Διαμέρισμα,90000,50.0,,Ισόγειο,1.0,1.0,Ανακαινισμένο,Εκρεμμεί,0,0,1,1,0,0,0,1,"Καλλιθέα,ΟΤΕ"
Αττική,Διαμέρισμα,400000,85.0,1963.0,1ος,1.0,1.0,,,1,0,1,0,0,0,1,0,"Αθήνα,Παγκράτι"
Θεσσαλονίκη,Διαμέρισμα,80000,70.0,2007.0,Ισόγειο,1.0,1.0,Νεόδμητο,Γ,1,0,0,1,0,0,0,0,Συκιές
Αττική,Μεζονέτα,460000,270.0,2006.0,"Υπόγειο,Ισόγειο,1ος",3.0,3.0,Άριστη,,1,1,0,0,0,1,0,0,Other
Αττική,Διαμέρισμα,80000,49.0,1955.0,2ος,1.0,1.0,Ανακαινισμένο,Η,0,1,0,1,0,0,0,0,"Αθήνα,Άγιος Νικόλαος"
Αττική,Διαμέρισμα,50000,40.0,1987.0,Υπόγειο,1.0,1.0,,,0,0,0,0,0,0,0,1,Other
Αττική,Κτίριο,1100000,330.0,2018.0,Ισόγειο,5.0,7.0,Νεόδμητο,Α,1,0,0,1,1,1,0,0,"Πεύκη,Άνω Πεύκη"
Αττική,Μεζονέτα,500000,224.0,2006.0,Ισόγειο,5.0,5.0,Άριστη,Δ,1,1,1,1,1,1,0,0,"Πεύκη,Άνω Πεύκη"
Αττική,Διαμέρισμα,240000,63.0,2013.0,5ος,2.0,1.0,Ημιτελές,,1,1,1,1,0,0,0,0,"Νέα Ιωνία,Σαφράμπολη"
Θεσσαλονίκη,Διαμέρισμα,165000,56.0,2022.0,2ος,2.0,1.0,Νεόδμητο,Α,1,0,0,1,1,0,0,1,"Θεσσαλονίκη,Ανω Πόλη"
Αττική,Μεζονέτα,550000,252.0,2001.0,"1ος,2ος,3ος",4.0,3.0,Ανακαινισμένο,Γ,0,1,1,1,0,1,0,0,Other
Αττική,Διαμέρισμα,86000,50.0,1978.0,1ος,1.0,1.0,Καλή,Ε,1,0,1,0,0,0,0,0,"Αθήνα,Νέος Κόσμος"
Αττική,Διαμέρισμα,250000,130.0,1970.0,2ος,3.0,2.0,,,1,0,1,1,0,0,1,0,Μοσχάτο
Θεσσαλονίκη,Διαμέρισμα,350000,187.0,1982.0,2ος,3.0,1.0,Ανακαινισμένο,Δ,0,0,1,1,0,1,0,0,Καλαμαριά
Αττική,Μεζονέτα,2000000,500.0,1998.0,"Ισόγειο,1ος,2ος,3ος",4.0,4.0,Άριστη,Γ,1,0,1,0,0,1,0,0,"Κηφισιά,Πολιτεία"
Αττική,Διαμέρισμα,75000,64.0,1970.0,1ος,1.0,1.0,Καλή,Η,1,0,1,0,0,0,0,0,Other
Θεσσαλονίκη,Διαμέρισμα,550000,150.0,2022.0,1ος,3.0,1.0,Νεόδμητο,Α+,1,1,0,1,1,1,0,0,Καλαμαριά
Αττική,Κτίριο,1400000,375.0,2018.0,Ισόγειο,3.0,1.0,Νεόδμητο,Η,0,0,0,0,0,0,0,0,"Λυκόβρυση,Κέντρο"
Θεσσαλονίκη,Μονοκατοικία,200000,284.0,2005.0,Ισόγειο,4.0,,Καλή,Δ,0,0,0,0,0,0,0,0,Other
Αττική,Διαμέρισμα,68000,57.0,1978.0,4ος,1.0,1.0,Ανακαινισμένο,Εκρεμμεί,0,0,0,0,0,0,0,0,"Αθήνα,Τρεις Γέφυρες"
Αττική,Διαμέρισμα,180000,80.0,,2ος,,,,Δ,0,0,0,0,0,0,0,0,Other
Αττική,Διαμέρισμα,650000,180.0,2004.0,1ος,3.0,2.0,Νεόδμητο,,1,0,1,1,0,1,0,0,Ψυχικό
Αττική,Διαμέρισμα,290000,89.0,2004.0,4ος,2.0,1.0,Καλή,Α,1,0,0,1,0,0,0,0,Μοσχάτο
Θεσσαλονίκη,Διαμέρισμα,130000,80.0,1974.0,1ος,2.0,1.0,,,0,0,1,0,0,0,0,1,Αμπελόκηποι
Αττική,Διαμέρισμα,70000,40.0,1970.0,Ισόγειο,1.0,1.0,Ανακαινισμένο,Γ,0,0,0,1,0,0,0,0,"Μαρούσι,Νέα Φιλοθέη"
Αττική,Μονοκατοικία,1000000,300.0,2005.0,Ισόγειο,2.0,2.0,Νεόδμητο,,1,1,1,1,0,0,0,0,Other
Αττική,Διαμέρισμα,100000,66.0,1966.0,2ος,2.0,1.0,Χρήζει ανακαίνισης,Εκρεμμεί,0,0,0,1,0,0,0,0,"Αθήνα,Ελληνορώσων"
Θεσσαλονίκη,Διαμέρισμα,75000,44.0,1965.0,2ος,1.0,1.0,Ανακαινισμένο,Εκρεμμεί,0,0,1,1,0,0,1,1,"Θεσσαλονίκη,Βαρδάρη"
Αττική,Μεζονέτα,560000,359.0,2022.0,"Υπόγειο,Ισόγειο,1ος,2ος",3.0,4.0,Υπο κατασκευή,Α+,1,0,0,1,0,0,0,0,Other
Αττική,Διαμέρισμα,90000,94.0,,4ος,2.0,1.0,Χρήζει ανακαίνισης,Εκρεμμεί,1,0,0,0,1,0,0,0,"Αθήνα,Αγία Παρασκευή"
Αττική,Διαμέρισμα,180000,95.0,2001.0,3ος,2.0,1.0,Άριστη,Γ,0,1,0,1,0,0,0,0,"Κορυδαλλός,Πλατεία Ελευθερίας"
Αττική,Μεζονέτα,550000,397.0,2010.0,Ισόγειο,4.0,3.0,Ημιτελές,Εκρεμμεί,1,0,1,1,0,1,0,0,Other
Θεσσαλονίκη,Διαμέρισμα,250000,100.0,2021.0,1ος,3.0,1.0,Νεόδμητο,Εκρεμμεί,0,1,1,1,0,1,0,0,Πυλαία
Αττική,Διαμέρισμα,73000,87.0,1970.0,1ος,2.0,1.0,Καλή,Ε,0,0,1,1,0,0,0,0,"Αθήνα,Πλατεία Βικτωρίας"
Αττική,Διαμέρισμα,130000,145.0,1966.0,4ος,3.0,1.0,Καλή,Εκρεμμεί,0,0,0,0,0,0,0,0,"Αθήνα,Άγιος Νικόλαος"
Αττική,Μονοκατοικία,140000,116.0,1971.0,Ισόγειο,3.0,1.0,Ανακαινισμένο,Ζ,1,0,0,0,0,0,0,0,Other
Αττική,Διαμέρισμα,160000,78.0,1978.0,4ος,2.0,1.0,Καλή,Ζ,1,0,0,0,0,0,0,0,"Αθήνα,Άνω Κυψέλη"
Αττική,Διαμέρισμα,58000,70.0,1970.0,2ος,,,Καλή,,1,0,0,0,0,0,0,0,"Αθήνα,Άγιος Νικόλαος"
Αττική,Διαμέρισμα,105000,75.0,2008.0,2ος,2.0,1.0,Άλλη κατάσταση,Δ,1,0,0,1,0,1,0,0,"Άνω Λιόσια,Άγιος Γεώργιος"
Αττική,Διαμέρισμα,350000,130.0,1991.0,"Ισόγειο,Υπερυψωμένο",2.0,1.0,Άριστη,Ε,1,1,0,1,0,1,0,0,"Κηφισιά,Νέα Κηφισιά"
Αττική,Διαμέρισμα,120000,138.0,2005.0,2ος,3.0,2.0,Άριστη,Γ,1,0,0,1,0,0,0,0,Other
Αττική,Διαμέρισμα,67000,79.0,1961.0,3ος,1.0,1.0,,,1,0,1,0,0,0,0,0,"Αθήνα,Πλατεία Αμερικής"
Αττική,Διαμέρισμα,115000,68.0,1979.0,3ος,1.0,1.0,Άριστη,Ε,1,0,1,1,0,0,1,0,Other
Αττική,Μονοκατοικία,600000,285.0,2008.0,Ισόγειο,6.0,4.0,Καλή,Δ,1,0,0,1,0,1,0,0,Other
Αττική,Μεζονέτα,700000,330.0,2010.0,5ος,,,Καλή,Μη αποδοτικό,1,0,0,0,0,1,0,0,Ραφήνα
Αττική,Διαμέρισμα,2000000,600.0,1975.0,Ισόγειο,,,Άλλη κατάσταση,Εκρεμμεί,0,0,0,0,0,0,0,0,"Κηφισιά,Κεφαλάρι"
Αττική,Διαμέρισμα,350000,180.0,2000.0,3ος,3.0,2.0,Καλή,Εκρεμμεί,0,0,0,1,0,0,0,0,"Ηράκλειο,Αγία Τριάδα"
Θεσσαλονίκη,Μεζονέτα,145000,174.0,2010.0,Ισόγειο,4.0,1.0,Άριστη,Β,1,0,0,1,0,1,0,0,Περαία
Αττική,Μονοκατοικία,850000,400.0,2010.0,"Ισόγειο,1ος,2ος,3ος",5.0,4.0,Νεόδμητο,Α+,1,1,1,1,0,1,1,0,Παιανία
Αττική,Μονοκατοικία,420000,180.0,1982.0,Ισόγειο,3.0,1.0,Άριστη,Ζ,1,0,0,0,0,0,0,0,Πεντέλη
Θεσσαλονίκη,Διαμέρισμα,1800000,240.0,1960.0,5ος,4.0,3.0,Ανακαινισμένο,Γ,0,0,1,1,0,0,0,0,"Θεσσαλονίκη,Κέντρο"
Αττική,Μονοκατοικία,130000,75.0,1982.0,Υπερυψωμένο,2.0,2.0,,,0,1,1,1,0,0,1,0,Other
Αττική,Διαμέρισμα,160000,65.0,1965.0,3ος,1.0,1.0,Ανακαινισμένο,Εκρεμμεί,0,0,1,1,0,0,0,1,"Αθήνα,Παγκράτι"
Θεσσαλονίκη,Διαμέρισμα,108000,80.0,1975.0,2ος,2.0,1.0,Καλή,Εκρεμμεί,1,0,1,1,1,0,0,0,"Θεσσαλονίκη,Κέντρο"
Αττική,Διαμέρισμα,390000,94.0,1978.0,4ος,2.0,1.0,Ανακαινισμένο,Γ,0,1,1,1,0,0,0,0,Other
Αττική,Διαμέρισμα,220000,85.0,1970.0,3ος,2.0,1.0,Ανακαινισμένο,Ζ,1,0,1,1,1,0,0,0,Other
Θεσσαλονίκη,Διαμέρισμα,90000,65.0,2007.0,1ος,2.0,1.0,Άλλη κατάσταση,Β+,1,1,1,1,0,0,0,1,Other
Αττική,Διαμέρισμα,110000,33.0,1962.0,4ος,,1.0,Καλή,Εκρεμμεί,0,0,0,0,0,0,0,0,"Αθήνα,Ιλίσια"
Θεσσαλονίκη,Διαμέρισμα,30000,65.0,2005.0,Ισόγειο,2.0,,Ημιτελές,Εκρεμμεί,0,0,0,0,0,0,0,0,Other
Αττική,Μονοκατοικία,530000,505.0,1986.0,"Υπόγειο,Ισόγειο,1ος,2ος",8.0,1.0,Ημιτελές,Μη αποδοτικό,1,0,0,0,0,1,0,0,Other
Θεσσαλονίκη,Μονοκατοικία,85000,125.0,1968.0,1ος,2.0,1.0,Χρήζει ανακαίνισης,Ζ,0,0,1,0,0,0,0,0,Other
Αττική,Μεζονέτα,250000,203.0,2011.0,"Ημιυπόγειο,Υπερυψωμένο,1ος",3.0,2.0,Ημιτελές,Μη αποδοτικό,0,0,0,0,0,0,0,0,Νέα Πεντέλη
Αττική,Μεζονέτα,330000,192.0,2009.0,"Ημιυπόγειο,Ισόγειο,1ος",4.0,3.0,Νεόδμητο,Β,1,1,0,1,0,1,0,0,Άρτεμις
Αττική,Διαμέρισμα,150000,59.0,2004.0,1ος,1.0,1.0,Ανακαινισμένο,Δ,0,0,1,1,0,0,1,1,"Αθήνα,Κυψέλη"
Θεσσαλονίκη,Διαμέρισμα,65000,25.0,1975.0,3ος,1.0,1.0,Ανακαινισμένο,Δ,0,0,1,1,0,0,1,1,"Θεσσαλονίκη,Πυλαία"
Θεσσαλονίκη,Διαμέρισμα,245000,90.0,1972.0,4ος,2.0,1.0,Ανακαινισμένο,Β,0,0,1,1,0,0,0,0,"Θεσσαλονίκη,Ανάληψη"
Αττική,Διαμέρισμα,250000,135.0,1971.0,3ος,3.0,1.0,Ανακαινισμένο,Γ,1,0,1,1,0,0,0,0,Other
Αττική,Μονοκατοικία,580000,340.0,2008.0,"Ισόγειο,1ος,2ος",8.0,3.0,Νεόδμητο,Δ,1,0,1,1,0,1,0,0,Other
Αττική,Μονοκατοικία,350000,85.0,1960.0,Ισόγειο,2.0,,,Ζ,1,0,0,0,0,1,1,0,Other
Αττική,Διαμέρισμα,65000,63.0,1967.0,1ος,2.0,1.0,Καλή,Ζ,1,0,0,1,0,0,0,0,"Αθήνα,Νιρβάνα"
Αττική,Διαμέρισμα,120000,85.0,1964.0,3ος,1.0,1.0,Καλή,Ζ,0,0,0,0,0,0,0,0,Other
Αττική,Μεζονέτα,1200000,450.0,2008.0,"Ημιυπόγειο,Ισόγειο,1ος,2ος",6.0,2.0,Ημιτελές,,0,0,1,1,0,1,0,0,Εκάλη
Αττική,Μεζονέτα,380000,180.0,2010.0,Ισόγειο,3.0,1.0,Άλλη κατάσταση,Δ,0,0,0,0,0,0,0,0,Other
Θεσσαλονίκη,Διαμέρισμα,195000,83.0,1955.0,5ος,2.0,1.0,Άριστη,Α,0,0,0,1,0,0,1,0,"Θεσσαλονίκη,Ντεπώ"
Θεσσαλονίκη,Διαμέρισμα,145000,96.0,1985.0,3ος,2.0,1.0,Καλή,Εκρεμμεί,1,0,0,0,0,0,0,0,"Θεσσαλονίκη,Πυλαία"
Θεσσαλονίκη,Διαμέρισμα,65000,75.0,1967.0,1ος,2.0,1.0,,,0,0,0,0,0,0,0,1,Αμπελόκηποι
Αττική,Μονοκατοικία,162000,230.0,1960.0,Ισόγειο,,1.0,Άριστη,Εκρεμμεί,0,0,0,1,0,0,0,0,"Αθήνα,Πλατεία Αμερικής"
Αττική,Κτίριο,300000,260.0,1963.0,Ισόγειο,7.0,5.0,Καλή,Η,1,0,0,0,0,0,0,0,"Ηράκλειο,Άνω Ψαλίδι"
Αττική,Κτίριο,100000,129.0,1980.0,Ισόγειο,,,Άλλη κατάσταση,Δ,0,0,0,0,0,0,0,0,Ζεφύρι
Αττική,Διαμέρισμα,130000,72.0,1965.0,Ισόγειο,1.0,1.0,Καλή,Εκρεμμεί,1,0,0,0,0,1,0,0,Other
Αττική,Διαμέρισμα,75000,49.0,1970.0,1ος,1.0,1.0,Χρήζει ανακαίνισης,Ζ,0,0,0,0,0,0,0,1,"Αθήνα,Πανόρμου"
Αττική,Οικία,398000,128.0,2022.0,"5ος,6ος",3.0,1.0,Υπο κατασκευή,Εκρεμμεί,0,1,0,1,0,1,0,0,"Καλλιθέα,Χρυσάκη"
Θεσσαλονίκη,Μεζονέτα,75000,168.0,2010.0,1ος,4.0,2.0,Ημιτελές,Η,0,0,0,0,0,0,0,0,Other
Θεσσαλονίκη,Διαμέρισμα,350000,92.0,1935.0,3ος,2.0,1.0,Καλή,Εκρεμμεί,0,0,0,1,0,0,0,0,"Θεσσαλονίκη,Κέντρο"
Θεσσαλονίκη,Διαμέρισμα,205000,110.0,2021.0,1ος,2.0,2.0,Καλή,Α,0,0,0,1,0,1,0,0,Θέρμη
Θεσσαλονίκη,Διαμέρισμα,115000,98.0,1989.0,4ος,2.0,1.0,Άριστη,Γ,0,0,0,1,0,0,0,0,"Θεσσαλονίκη,Ξηροκρήνη"
Θεσσαλονίκη,Διαμέρισμα,85000,55.0,1980.0,1ος,2.0,1.0,,Ε,1,0,1,0,0,0,0,0,"Θεσσαλονίκη,Ανω Πόλη"
Θεσσαλονίκη,Διαμέρισμα,220000,106.0,2007.0,2ος,3.0,1.0,Νεόδμητο,Δ,1,0,0,1,1,1,0,0,Πυλαία
Θεσσαλονίκη,Διαμέρισμα,70000,49.0,2008.0,4ος,1.0,1.0,Άριστη,Μη αποδοτικό,1,0,1,1,1,0,0,0,"Θεσσαλονίκη,Ξηροκρήνη"
Αττική,Διαμέρισμα,225000,80.0,1920.0,1ος,2.0,1.0,Καλή,Η,1,0,0,0,1,0,0,0,Other
Αττική,Μεζονέτα,750000,368.0,2011.0,"Ισόγειο,1ος,2ος",3.0,3.0,Νεόδμητο,Δ,1,0,1,1,0,1,0,0,Other
Αττική,Διαμέρισμα,107000,76.0,2008.0,3ος,1.0,1.0,Καλή,Β,0,0,0,0,0,0,0,0,Other
Θεσσαλονίκη,Μονοκατοικία,700000,360.0,,1ος,4.0,2.0,Άριστη,Γ,0,0,0,1,0,1,0,0,"Θεσσαλονίκη,Ανω Πόλη"
Αττική,Διαμέρισμα,240000,100.0,2007.0,3ος,3.0,1.0,Καλή,Μη αποδοτικό,1,1,1,1,0,1,0,0,Σπάτα
Αττική,Διαμέρισμα,565000,116.0,1980.0,2ος,2.0,1.0,Ανακαινισμένο,Ε,0,1,1,1,0,1,1,0,"Άλιμος,Καλαμάκι"
Αττική,Διαμέρισμα,95000,74.0,1980.0,1ος,3.0,1.0,Καλή,Εκρεμμεί,0,0,0,0,0,0,0,0,"Αθήνα,Πεδίον Άρεως"
Θεσσαλονίκη,Διαμέρισμα,155000,53.0,2022.0,5ος,1.0,1.0,Νεόδμητο,Β,0,0,0,1,0,0,0,1,"Θεσσαλονίκη,Παπάφειο"
Αττική,Διαμέρισμα,125000,40.0,2006.0,2ος,1.0,1.0,Άριστη,Εκρεμμεί,1,0,0,1,0,0,0,0,Other
Αττική,Διαμέρισμα,250000,98.0,2011.0,4ος,3.0,1.0,Νεόδμητο,,1,0,0,1,1,1,0,0,"Καλλιθέα,Τζιτζιφιές"
Αττική,Διαμέρισμα,110000,50.0,1975.0,3ος,1.0,1.0,Καλή,Γ,0,0,1,1,0,0,1,0,Other
Θεσσαλονίκη,Μεζονέτα,170000,180.0,2006.0,Ισόγειο,4.0,2.0,Νεόδμητο,Β+,0,0,0,1,0,0,0,0,Other
Θεσσαλονίκη,Μεζονέτα,270000,220.0,1980.0,"Ισόγειο,1ος,2ος",4.0,1.0,,Μη αποδοτικό,1,0,1,1,1,0,1,0,Ωραιόκαστρο
Θεσσαλονίκη,Διαμέρισμα,135000,70.0,2022.0,1ος,1.0,1.0,Νεόδμητο,Α,0,0,0,1,0,0,0,0,"Θεσσαλονίκη,Ντεπώ"
Αττική,Κτίριο,350000,278.0,1955.0,"Ισόγειο,1ος",10.0,,Χρήζει ανακαίνισης,Ζ,0,0,0,0,0,0,0,0,"Αθήνα,Πλατεία Αμερικής"
Θεσσαλονίκη,Διαμέρισμα,100000,50.0,2022.0,1ος,1.0,1.0,Υπο κατασκευή,Α+,0,1,0,1,0,0,0,0,Θέρμη
Αττική,Διαμέρισμα,358680,107.0,1970.0,4ος,3.0,1.0,Ανακαινισμένο,Μη αποδοτικό,1,0,1,0,0,0,0,0,"Καλλιθέα,Κέντρο"
Αττική,Διαμέρισμα,350000,174.0,1980.0,Ισόγειο,3.0,2.0,,,1,0,0,1,0,0,0,0,Δροσιά
Αττική,Κτίριο,800000,460.0,2007.0,1ος,8.0,4.0,,,1,0,0,1,0,0,0,0,Ραφήνα
Αττική,Διαμέρισμα,42000,60.0,1970.0,Ισόγειο,2.0,1.0,Ημιτελές,Ζ,0,0,0,0,0,0,0,0,"Νέα Ιωνία,Λαζάρου"
Αττική,Μονοκατοικία,1400000,380.0,1920.0,"1ος,2ος,3ος",10.0,6.0,Χρήζει ανακαίνισης,Η,1,0,0,0,0,0,0,0,Other
Αττική,Μονοκατοικία,280000,280.0,2005.0,Ισόγειο,4.0,3.0,Άριστη,Α+,1,0,1,1,0,1,0,0,Καματερό
Αττική,Κτίριο,350000,322.0,1960.0,1ος,5.0,,,,0,0,0,0,0,0,0,0,"Νέα Ιωνία,Λαζάρου"
Αττική,Διαμέρισμα,140000,101.0,1981.0,5ος,2.0,1.0,Καλή,Ε,1,1,1,1,0,0,0,1,Other
Αττική,Διαμέρισμα,85000,57.0,1973.0,Ισόγειο,1.0,1.0,Ανακαινισμένο,Εκρεμμεί,0,0,0,1,0,0,0,0,Other
Αττική,Κτίριο,1850000,505.0,1920.0,Ημιυπόγειο,,,Άριστη,Η,1,0,0,0,0,0,0,0,"Αθήνα,Πεδίον Άρεως"
Αττική,Διαμέρισμα,60000,36.0,1978.0,2ος,1.0,1.0,,,1,0,1,1,0,0,0,1,"Νέο Ψυχικό,Πλατεία Ελευθερίας"
Αττική,Διαμέρισμα,70000,58.0,1972.0,Υπερυψωμένο,1.0,1.0,,,1,1,1,1,0,0,0,1,Other
Αττική,Μονοκατοικία,283000,136.0,2010.0,"Ισόγειο,1ος,2ος",4.0,1.0,Άριστη,Δ,0,1,0,1,0,1,0,0,Παλλήνη
Αττική,Μονοκατοικία,300000,110.0,1985.0,Ισόγειο,3.0,2.0,Καλή,Ζ,1,1,1,1,0,0,0,0,Other
Αττική,Διαμέρισμα,190000,86.0,1970.0,1ος,2.0,2.0,Ανακαινισμένο,Γ,1,0,0,1,1,0,1,0,"Αθήνα,Καλλιρρόης"
Αττική,Διαμέρισμα,1550000,303.0,1986.0,3ος,4.0,3.0,Καλή,,0,0,0,0,0,1,0,0,Φιλοθέη
Αττική,Κτίριο,280000,123.0,1981.0,Ισόγειο,1.0,1.0,,,0,0,0,0,0,0,0,0,"Κηφισιά,Κάτω Κηφισιά"
Αττική,Διαμέρισμα,215000,100.0,1995.0,1ος,,2.0,Καλή,Δ,0,0,1,0,0,1,0,0,Σαλαμίνα
Αττική,Διαμέρισμα,170000,99.0,1970.0,2ος,3.0,1.0,Ανακαινισμένο,Δ,0,0,0,0,0,0,0,0,Other
Αττική,Κτίριο,325000,448.0,1980.0,"Ισόγειο,1ος,2ος,3ος",8.0,,Καλή,Ε,0,1,0,0,1,0,0,0,Other
Αττική,Διαμέρισμα,600000,205.0,2004.0,1ος,3.0,2.0,Άλλη κατάσταση,Γ,1,0,0,0,0,0,0,0,"Κηφισιά,Νέα Κηφισιά"
Αττική,Διαμέρισμα,57000,21.0,1968.0,Ισόγειο,1.0,1.0,Καλή,Η,0,0,0,1,0,0,0,0,"Αθήνα,Κολωνάκι"
Αττική,Διαμέρισμα,364000,97.0,2022.0,3ος,2.0,2.0,Υπο κατασκευή,Α+,0,0,0,1,0,0,0,0,"Αθήνα,Παγκράτι"
Αττική,Μονοκατοικία,83000,100.0,1960.0,Ισόγειο,2.0,1.0,Άλλη κατάσταση,Η,1,1,0,0,0,0,0,0,Καματερό
Θεσσαλονίκη,Διαμέρισμα,83000,33.0,1987.0,2ος,1.0,1.0,Άριστη,Α,0,0,1,1,0,0,1,0,"Θεσσαλονίκη,Ανω Πόλη"
Αττική,Διαμέρισμα,145000,52.0,1939.0,1ος,1.0,1.0,Ανακαινισμένο,Η,0,0,1,1,0,0,1,0,"Αθήνα,Κολωνάκι"
Αττική,Διαμέρισμα,135000,78.0,1970.0,3ος,2.0,,Καλή,Ζ,1,0,0,0,1,0,1,0,"Αθήνα,Νιρβάνα"
Αττική,Διαμέρισμα,156000,87.0,2009.0,1ος,3.0,1.0,Νεόδμητο,Ζ,0,0,1,1,0,0,0,0,"Αθήνα,Ακαδημία Πλάτωνος"
Θεσσαλονίκη,Διαμέρισμα,59000,32.0,2005.0,4ος,1.0,1.0,Άλλη κατάσταση,Β+,1,0,1,1,0,0,1,1,"Θεσσαλονίκη,Ξηροκρήνη"
Αττική,Διαμέρισμα,150000,70.0,1973.0,Ισόγειο,,1.0,Ανακαινισμένο,Η,0,0,1,1,0,0,0,0,"Αθήνα,Καλλιρρόης"
Αττική,Μονοκατοικία,1800000,520.0,2019.0,"Υπόγειο,Ισόγειο,1ος",6.0,6.0,Άριστη,Α+,1,1,1,1,0,1,0,0,Other
Θεσσαλονίκη,Μονοκατοικία,490000,220.0,1987.0,Ισόγειο,6.0,2.0,,Μη αποδοτικό,0,0,0,0,0,1,0,0,Other
Θεσσαλονίκη,Μονοκατοικία,500000,287.0,2000.0,Ισόγειο,4.0,3.0,Ανακαινισμένο,Α,0,0,1,1,0,1,0,0,Other
Αττική,Διαμέρισμα,130000,50.0,1969.0,1ος,1.0,1.0,Καλή,Ε,0,0,1,1,0,0,0,0,"Αθήνα,Ιλίσια"
Αττική,Διαμέρισμα,69000,58.0,1970.0,1ος,1.0,1.0,Καλή,Εκρεμμεί,1,0,0,1,0,0,0,0,"Αθήνα,Άνω Κυψέλη"
Αττική,Διαμέρισμα,250000,89.0,1962.0,2ος,1.0,1.0,Άριστη,Α+,1,1,1,0,0,1,1,0,"Αθήνα,Νέα Φιλοθέη"
Αττική,Διαμέρισμα,288000,95.0,2009.0,1ος,2.0,1.0,Άριστη,Δ,1,0,1,1,1,0,0,0,Other
Αττική,Μεζονέτα,340000,220.0,2009.0,Ισόγειο,3.0,1.0,Άλλη κατάσταση,Δ,0,0,0,0,0,0,0,0,Δ. Μεγάρων
Θεσσαλονίκη,Μεζονέτα,300000,150.0,2022.0,2ος,4.0,2.0,Άριστη,Β+,0,1,1,1,0,1,0,0,Θέρμη
Αττική,Κτίριο,70000,135.0,,"Ισόγειο,1ος",3.0,,Χρήζει ανακαίνισης,Η,0,0,0,0,0,0,0,0,Other
Αττική,Διαμέρισμα,190000,110.0,,3ος,3.0,1.0,Καλή,Β,0,1,0,0,0,0,0,0,Other
Αττική,Διαμέρισμα,280000,260.0,2000.0,2ος,,,Καλή,Δ,0,0,0,0,0,0,0,0,"Νέα Ιωνία,Λαζάρου"
Θεσσαλονίκη,Οικία,360000,240.0,1993.0,1ος,4.0,2.0,Καλή,Μη αποδοτικό,1,0,0,1,0,1,0,0,Other
Θεσσαλονίκη,Διαμέρισμα,280000,140.0,2021.0,2ος,3.0,2.0,Υπο κατασκευή,Α+,0,0,1,1,0,1,0,0,Θέρμη
Αττική,Διαμέρισμα,110000,90.0,1920.0,Ημιώροφος,2.0,1.0,Καλή,Η,1,0,0,0,0,0,0,0,"Λυκόβρυση,Κέντρο"
Αττική,Διαμέρισμα,140000,100.0,1975.0,2ος,3.0,1.0,Καλή,Ζ,1,0,0,0,0,0,0,0,Other
Θεσσαλονίκη,Διαμέρισμα,87000,50.0,1967.0,Ημιώροφος,1.0,1.0,Ανακαινισμένο,Β,0,0,0,1,0,0,0,0,"Θεσσαλονίκη,Κάτω Τούμπα"
Αττική,Μεζονέτα,450000,150.0,2003.0,"Ισόγειο,1ος,2ος",4.0,2.0,Άριστη,Α,1,1,1,1,0,1,1,0,"Κηφισιά,Νέα Κηφισιά"
Θεσσαλονίκη,Διαμέρισμα,350000,150.0,2002.0,5ος,4.0,2.0,Άλλη κατάσταση,Α,1,0,0,1,1,0,0,0,Καλαμαριά
Αττική,Διαμέρισμα,105000,62.0,1980.0,Ισόγειο,1.0,1.0,Ανακαινισμένο,,1,0,0,1,0,0,0,0,"Ηράκλειο,Αγία Τριάδα"
Αττική,Μεζονέτα,300000,366.0,1992.0,Ισόγειο,4.0,2.0,Ημιτελές,,1,0,0,0,0,0,0,0,Νέα Πεντέλη
Αττική,Μονοκατοικία,200000,250.0,1997.0,Ισόγειο,2.0,1.0,Νεόδμητο,,1,1,0,1,0,0,0,0,"Άνω Λιόσια,Δροσούπολη"
Αττική,Διαμέρισμα,100000,90.0,1982.0,Ισόγειο,2.0,,Άλλη κατάσταση,Εκρεμμεί,0,0,0,0,0,0,0,0,Other
Αττική,Διαμέρισμα,565000,132.0,2020.0,5ος,3.0,2.0,Υπο κατασκευή,,1,0,1,0,0,0,0,0,"Νέο Ψυχικό,Πλατεία Ελευθερίας"
Θεσσαλονίκη,Διαμέρισμα,60000,40.0,1980.0,Ισόγειο,1.0,1.0,Νεόδμητο,Α+,0,0,0,1,0,0,1,0,"Θεσσαλονίκη,Ανω Πόλη"
Θεσσαλονίκη,Διαμέρισμα,200000,147.0,1980.0,3ος,3.0,1.0,Καλή,,0,1,0,1,0,1,0,1,Καλαμαριά
Αττική,Μονοκατοικία,600000,172.0,2006.0,"Ημιυπόγειο,Ισόγειο,1ος",5.0,3.0,,Μη αποδοτικό,1,0,0,0,0,0,0,0,Other
Αττική,Διαμέρισμα,60000,61.0,1967.0,Υπερυψωμένο,2.0,1.0,Άριστη,Ε,0,0,0,0,0,0,0,1,"Αθήνα,Ακαδημία Πλάτωνος"
Αττική,Διαμέρισμα,295000,143.0,1978.0,8ος,3.0,,Ανακαινισμένο,Α,0,0,0,1,0,0,0,0,Other
Θεσσαλονίκη,Μονοκατοικία,150000,170.0,2010.0,Ισόγειο,3.0,1.0,Άλλη κατάσταση,Α,1,0,0,1,0,0,0,0,Other
Αττική,Διαμέρισμα,350000,125.0,2015.0,1ος,3.0,2.0,Νεόδμητο,Εκρεμμεί,0,0,0,1,0,0,0,0,Other
Αττική,Μονοκατοικία,350000,600.0,2007.0,"Ισόγειο,Υπερυψωμένο,1ος",5.0,3.0,Ημιτελές,Μη αποδοτικό,0,0,0,0,0,0,0,0,Other
Αττική,Διαμέρισμα,198000,83.0,1990.0,1ος,2.0,1.0,Άριστη,Εκρεμμεί,0,0,0,1,0,0,0,0,Other
Θεσσαλονίκη,Διαμέρισμα,120000,50.0,1970.0,3ος,1.0,1.0,Καλή,Εκρεμμεί,0,0,0,1,0,0,0,0,"Θεσσαλονίκη,Κάτω Τούμπα"
Αττική,Διαμέρισμα,140000,74.0,1972.0,3ος,1.0,1.0,Καλή,Ζ,0,0,1,0,0,0,0,0,Other
Αττική,Διαμέρισμα,310000,80.0,2005.0,2ος,1.0,1.0,Καλή,Γ,0,0,0,0,0,1,0,0,"Μαρούσι,Νέα Φιλοθέη"
Αττική,Μονοκατοικία,58000,100.0,1975.0,Ισόγειο,2.0,1.0,Καλή,Εκρεμμεί,0,0,0,0,0,1,0,0,Σαλαμίνα
Αττική,Διαμέρισμα,150000,94.0,1974.0,4ος,2.0,1.0,Καλή,Μη αποδοτικό,0,1,1,1,0,0,0,0,"Αθήνα,Νιρβάνα"
Θεσσαλονίκη,Μεζονέτα,270000,184.0,2002.0,"Ισόγειο,1ος",4.0,1.0,Ανακαινισμένο,Δ,0,0,0,1,0,1,0,0,Πυλαία
Αττική,Μονοκατοικία,110000,85.0,1975.0,1ος,,,Καλή,Ε,0,0,0,0,0,0,0,0,"Νέα Ιωνία,Σαφράμπολη"
Αττική,Μονοκατοικία,300000,540.0,,"Ημιυπόγειο,1ος,2ος",,,,Μη αποδοτικό,0,0,0,0,0,0,0,0,Other
Θεσσαλονίκη,Διαμέρισμα,100000,40.0,1967.0,1ος,1.0,1.0,Ανακαινισμένο,Δ,0,0,1,1,0,0,1,1,"Θεσσαλονίκη,Κέντρο"
Αττική,Διαμέρισμα,169000,90.0,1960.0,4ος,2.0,1.0,Καλή,Εξαιρείται,0,0,0,0,0,0,0,0,"Αθήνα,Πανόρμου"
Αττική,Μονοκατοικία,380000,325.0,,"Ισόγειο,1ος,2ος",5.0,4.0,Άριστη,Μη αποδοτικό,1,1,0,1,0,1,0,0,Other
Αττική,Διαμέρισμα,195000,106.0,1980.0,1ος,2.0,1.0,Άλλη κατάσταση,Εκρεμμεί,1,0,0,0,0,0,0,0,Other
Θεσσαλονίκη,Μεζονέτα,140000,80.0,2006.0,Ισόγειο,2.0,1.0,Καλή,Εκρεμμεί,0,0,1,1,0,0,0,0,Πυλαία
Αττική,Μεζονέτα,550000,220.0,2012.0,"Υπόγειο,Ισόγειο,1ος",4.0,3.0,Ημιτελές,Β,1,0,1,1,0,1,0,0,Δροσιά
Αττική,Κτίριο,800000,350.0,1910.0,Ισόγειο,7.0,2.0,,,0,0,1,0,0,0,1,0,"Αθήνα,Πλατεία Αττικής"
Αττική,Κτίριο,185000,170.0,1960.0,Υπόγειο,6.0,3.0,Χρήζει ανακαίνισης,Η,0,0,0,0,0,0,0,0,"Αθήνα,Κάτω Πετράλωνα"
Αττική,Διαμέρισμα,240000,95.0,2019.0,3ος,3.0,1.0,Άριστη,Β,1,0,0,1,0,0,0,0,"Κορυδαλλός,Πλατεία Ελευθερίας"
Αττική,Μεζονέτα,1450000,442.0,2007.0,"Υπόγειο,Ισόγειο,1ος",6.0,5.0,Νεόδμητο,,0,0,1,0,0,1,0,0,"Κηφισιά,Πολιτεία"
Αττική,Οικία,108000,180.0,1970.0,Ισόγειο,3.0,2.0,,,1,0,0,1,0,0,0,0,Νέα Πέραμος
Θεσσαλονίκη,Μονοκατοικία,250000,175.0,2010.0,Ισόγειο,3.0,2.0,Νεόδμητο,Γ,1,1,1,1,0,1,0,0,Περαία
Αττική,Μονοκατοικία,500000,511.0,1993.0,"Ημιυπόγειο,Υπερυψωμένο,1ος",6.0,,Άριστη,Γ,1,1,1,0,0,1,1,0,Other
Αττική,Μονοκατοικία,350000,330.0,1992.0,Ισόγειο,4.0,5.0,Ημιτελές,Μη αποδοτικό,0,0,0,0,0,0,0,0,Other
Αττική,Διαμέρισμα,165000,86.0,2002.0,3ος,3.0,1.0,Νεόδμητο,,0,1,0,1,0,0,0,0,"Κορυδαλλός,Πλατεία Ελευθερίας"
Αττική,Διαμέρισμα,85000,70.0,1970.0,1ος,2.0,1.0,Ανακαινισμένο,Δ,0,0,1,1,0,0,0,0,"Αθήνα,Πλατεία Αττικής"
Αττική,Μονοκατοικία,190000,190.0,2022.0,"Υπόγειο,Ισόγειο,1ος,2ος",3.0,5.0,Ημιτελές,Α+,0,0,0,0,0,0,0,0,Other
Αττική,Μονοκατοικία,1300000,525.0,1990.0,Υπερυψωμένο,10.0,4.0,,,1,1,1,1,0,0,1,0,Ντράφι
Θεσσαλονίκη,Διαμέρισμα,42000,55.0,1975.0,1ος,1.0,1.0,Καλή,Εκρεμμεί,0,0,0,0,0,0,0,1,Συκιές
Αττική,Διαμέρισμα,75000,80.0,1988.0,2ος,2.0,1.0,Νεόδμητο,Ζ,1,0,1,1,0,0,0,0,Other
Αττική,Μονοκατοικία,850000,283.0,1984.0,Ισόγειο,6.0,4.0,Άριστη,Ζ,1,0,0,0,0,1,0,0,"Κηφισιά,Κάτω Κηφισιά"
Αττική,Διαμέρισμα,135000,105.0,1960.0,4ος,3.0,1.0,,,0,0,1,1,0,0,0,1,Other
Αττική,Διαμέρισμα,65000,90.0,1974.0,1ος,2.0,1.0,Καλή,Εκρεμμεί,0,0,1,0,0,0,0,0,"Αθήνα,Νιρβάνα"
Αττική,Διαμέρισμα,159000,53.0,,3ος,2.0,1.0,Υπο κατασκευή,Εκρεμμεί,0,1,0,1,0,0,0,0,"Καλλιθέα,Κέντρο"
Αττική,Μονοκατοικία,2000000,450.0,1990.0,"Ισόγειο,1ος,2ος",7.0,6.0,Καλή,Εκρεμμεί,1,0,0,0,0,1,0,0,Πεντέλη
Αττική,Διαμέρισμα,250000,119.0,1995.0,3ος,2.0,1.0,,,1,0,0,1,0,0,0,0,Other
Αττική,Μεζονέτα,290000,121.0,2005.0,2ος,3.0,2.0,Άριστη,Δ,1,1,1,1,0,1,0,0,Ραφήνα
Αττική,Μονοκατοικία,200000,84.0,1978.0,Ισόγειο,2.0,1.0,Καλή,Ζ,1,0,0,0,0,1,0,0,Other
Αττική,Διαμέρισμα,290000,89.0,2022.0,8ος,2.0,1.0,Υπο κατασκευή,Α+,1,1,1,1,1,0,0,0,"Καλλιθέα,Λόφος Φιλαρέτου"
Αττική,Διαμέρισμα,170000,104.0,1962.0,2ος,3.0,1.0,Ανακαινισμένο,Ε,1,0,0,1,0,0,0,0,"Αθήνα,Γκύζη"
Θεσσαλονίκη,Διαμέρισμα,150000,45.0,1961.0,5ος,1.0,1.0,Άριστη,Μη αποδοτικό,1,0,1,1,0,0,1,0,"Θεσσαλονίκη,Κέντρο"
Αττική,Μονοκατοικία,800000,550.0,1975.0,Υπόγειο,6.0,3.0,Χρήζει ανακαίνισης,Εκρεμμεί,1,0,0,1,0,0,0,0,Other
Αττική,Διαμέρισμα,140000,72.0,1972.0,2ος,2.0,1.0,Καλή,Ζ,1,0,0,0,0,0,0,1,"Αθήνα,Άγιος Νικόλαος"
Αττική,Διαμέρισμα,400000,104.0,2021.0,5ος,3.0,1.0,Υπο κατασκευή,Β+,1,0,0,1,0,1,0,0,"Νέα Σμύρνη,Χρυσάκη"
Αττική,Διαμέρισμα,339000,145.0,1980.0,2ος,3.0,1.0,Άλλη κατάσταση,Εκρεμμεί,0,1,0,0,0,1,0,0,"Καλλιθέα,Χρυσάκη"
Αττική,Μονοκατοικία,2000000,300.0,1980.0,Ισόγειο,4.0,,Άλλη κατάσταση,Ε,0,0,0,0,0,0,0,0,"Κηφισιά,Κεφαλάρι"
Θεσσαλονίκη,Μονοκατοικία,190000,315.0,2010.0,Ισόγειο,4.0,2.0,Ημιτελές,Ε,0,0,0,1,0,1,0,0,Other
Αττική,Διαμέρισμα,273000,110.0,2006.0,3ος,3.0,1.0,Νεόδμητο,Εκρεμμεί,0,0,0,0,0,0,0,0,Μοσχάτο
Αττική,Διαμέρισμα,660000,230.0,1980.0,"4ος,5ος",3.0,2.0,Ανακαινισμένο,Α+,1,1,1,1,0,1,0,0,"Άλιμος,Καλαμάκι"
Θεσσαλονίκη,Μονοκατοικία,800000,280.0,2001.0,Ισόγειο,4.0,3.0,Καλή,Β+,0,0,0,0,0,1,1,0,Περαία
Θεσσαλονίκη,Διαμέρισμα,265000,100.0,2010.0,2ος,3.0,,,Μη αποδοτικό,0,0,0,0,0,0,0,0,Πυλαία
Θεσσαλονίκη,Μεζονέτα,210000,225.0,2004.0,Ισόγειο,4.0,1.0,Καλή,Δ,0,0,0,1,0,1,0,0,Other
Αττική,Διαμέρισμα,390000,85.0,,Ισόγειο,,,Ανακαινισμένο,,0,0,0,0,0,0,0,0,Other
Αττική,Μεζονέτα,385000,206.0,2006.0,"2ος,3ος",5.0,2.0,Άριστη,Ε,1,0,0,1,0,0,0,0,"Λυκόβρυση,Κέντρο"
Αττική,Διαμέρισμα,150000,79.0,2004.0,1ος,2.0,1.0,Άριστη,Γ,0,0,0,0,0,1,0,0,Σπάτα
Αττική,Μονοκατοικία,260000,150.0,1962.0,Ημιώροφος,5.0,2.0,Χρήζει ανακαίνισης,Η,0,0,0,0,0,0,0,0,"Ηράκλειο,Αγία Τριάδα"
Αττική,Μεζονέτα,400000,200.0,1980.0,"Ισόγειο,1ος",3.0,3.0,Καλή,Ε,1,1,1,0,0,0,0,0,Other
Αττική,Μονοκατοικία,275000,160.0,2000.0,Ισόγειο,3.0,2.0,Ανακαινισμένο,Δ,1,1,1,0,0,1,0,0,Σαλαμίνα
Αττική,Διαμέρισμα,70000,60.0,1960.0,1ος,1.0,1.0,Καλή,Η,1,0,0,0,0,0,0,0,"Αθήνα,Αγία Παρασκευή"
Αττική,Διαμέρισμα,240000,100.0,1985.0,1ος,4.0,1.0,Καλή,Ε,0,0,0,0,0,1,0,0,Νέα Πεντέλη
Αττική,Οικία,690000,270.0,,1ος,8.0,3.0,Ανακαινισμένο,Η,1,0,0,0,0,0,0,0,Other
Αττική,Διαμέρισμα,149500,97.0,1961.0,3ος,2.0,1.0,Ανακαινισμένο,Δ,0,1,1,1,0,0,0,0,"Αθήνα,Πλατεία Αμερικής"
Αττική,Μονοκατοικία,65000,75.0,1984.0,"Ισόγειο,1ος",2.0,1.0,Άριστη,Η,1,0,0,0,0,0,1,0,Σαλαμίνα
Αττική,Κτίριο,980000,300.0,1960.0,Ισόγειο,3.0,1.0,Ημιτελές,,1,0,0,0,0,0,0,0,"Νέο Ψυχικό,Πλατεία Ελευθερίας"
Αττική,Μονοκατοικία,890000,510.0,2004.0,Ισόγειο,5.0,8.0,Άριστη,Β+,1,1,0,1,0,1,0,0,Πεντέλη
Θεσσαλονίκη,Διαμέρισμα,95000,60.0,2011.0,2ος,,1.0,Νεόδμητο,,1,0,1,1,0,0,0,1,Other
Αττική,Διαμέρισμα,70000,52.0,2008.0,Ισόγειο,1.0,1.0,Νεόδμητο,Γ,0,0,0,0,0,0,0,0,Σπάτα
Αττική,Διαμέρισμα,435000,228.0,1974.0,5ος,4.0,2.0,Καλή,Εκρεμμεί,0,0,0,0,0,0,0,0,"Αθήνα,Πανόρμου"
Θεσσαλονίκη,Μεζονέτα,263500,98.0,2022.0,Ισόγειο,3.0,1.0,Νεόδμητο,Α,0,0,0,1,0,0,0,0,Καλαμαριά
Αττική,Μονοκατοικία,292000,209.0,2008.0,"Ισόγειο,1ος,2ος",3.0,1.0,Καλή,Δ,0,0,0,0,0,0,0,0,Other
Αττική,Κτίριο,900000,640.0,1962.0,"Ισόγειο,1ος,2ος,3ος,4ος,5ος,6ος",10.0,9.0,Χρήζει ανακαίνισης,Γ,0,0,0,0,0,0,0,0,Other
Αττική,Διαμέρισμα,150000,51.0,1970.0,4ος,1.0,,,Ζ,0,1,1,1,0,0,0,0,"Αθήνα,Νέος Κόσμος"
Αττική,Διαμέρισμα,78000,82.0,1965.0,1ος,,,Καλή,Η,0,0,0,0,0,0,0,0,"Αθήνα,Πλατεία Αμερικής"
Αττική,Διαμέρισμα,260000,79.0,2004.0,5ος,2.0,1.0,Καλή,Η,0,0,0,1,0,0,0,0,"Αθήνα,Κάτω Πετράλωνα"
Θεσσαλονίκη,Διαμέρισμα,37000,60.0,1975.0,Ισόγειο,1.0,1.0,Καλή,Β,0,0,0,1,0,0,1,0,Other
Αττική,Διαμέρισμα,120000,40.0,1978.0,Ισόγειο,1.0,1.0,Ανακαινισμένο,Α,0,0,0,1,0,0,0,0,"Καλλιθέα,Σταθμός ΗΣΑΠ Ταύρου"
Αττική,Μεζονέτα,625000,205.0,2002.0,Ισόγειο,3.0,2.0,,Δ,0,0,0,1,0,0,0,0,"Νέα Ερυθραία,Καστρί"
Αττική,Μεζονέτα,220000,102.0,2005.0,6ος,2.0,1.0,Άριστη,Α,1,0,1,1,0,1,1,0,"Αθήνα,Κολιάτσου"
Αττική,Μεζονέτα,850000,400.0,2008.0,"Ισόγειο,1ος,2ος,3ος",4.0,4.0,Άλλη κατάσταση,Εκρεμμεί,0,0,0,0,0,0,0,0,Ντράφι
Αττική,Μεζονέτα,1900000,215.0,2009.0,Ισόγειο,4.0,3.0,Άλλη κατάσταση,Εκρεμμεί,1,0,0,1,0,1,0,0,Εκάλη
Αττική,Μονοκατοικία,600000,550.0,2000.0,Ισόγειο,9.0,4.0,Άριστη,Β,1,0,0,1,0,1,0,0,Other
Αττική,Μεζονέτα,650000,484.0,2004.0,"Ημιώροφος,1ος,2ος",5.0,2.0,Νεόδμητο,,1,1,1,1,0,1,0,0,Σαλαμίνα
Αττική,Διαμέρισμα,195000,61.0,2012.0,4ος,2.0,1.0,Νεόδμητο,,1,1,1,1,0,0,0,1,Other
Αττική,Μονοκατοικία,420000,240.0,2007.0,Ισόγειο,3.0,,Άλλη κατάσταση,Δ,0,0,0,0,0,0,0,0,Δ. Μεγάρων
Θεσσαλονίκη,Διαμέρισμα,143000,84.0,2021.0,3ος,2.0,1.0,Νεόδμητο,Α+,0,0,0,1,0,1,0,0,Περαία
Αττική,Διαμέρισμα,180000,66.0,1977.0,3ος,1.0,,Καλή,Ζ,0,0,0,0,0,0,0,0,"Καλλιθέα,Τζιτζιφιές"
Αττική,Μονοκατοικία,590000,405.0,1999.0,"Ισόγειο,1ος,2ος,3ος,4ος,5ος",6.0,3.0,Άριστη,Δ,1,1,1,1,0,1,0,0,Other
Αττική,Διαμέρισμα,310000,96.0,1940.0,3ος,1.0,1.0,Χρήζει ανακαίνισης,Η,1,0,0,0,1,0,0,0,"Αθήνα,Καλλιρρόης"
Αττική,Διαμέρισμα,250000,90.0,1976.0,5ος,2.0,1.0,Ανακαινισμένο,Ε,1,0,1,1,0,0,0,0,Other
Αττική,Διαμέρισμα,250000,117.0,1965.0,5ος,3.0,1.0,Άριστη,Ζ,1,0,0,1,1,0,0,0,"Αθήνα,Άγιος Παντελεήμονας"
Θεσσαλονίκη,Διαμέρισμα,70596,101.0,1983.0,3ος,3.0,1.0,Καλή,Δ,0,0,0,1,0,0,0,0,Συκιές
Αττική,Διαμέρισμα,155000,72.0,1978.0,1ος,1.0,1.0,Καλή,Ε,0,0,1,1,0,0,0,0,Other
Αττική,Διαμέρισμα,430000,100.0,2021.0,4ος,2.0,2.0,Υπο κατασκευή,Α,1,0,0,1,1,1,0,0,"Νέο Ψυχικό,Πλατεία Ελευθερίας"
Αττική,Μονοκατοικία,350000,168.0,1903.0,Ισόγειο,3.0,1.0,,,1,1,0,0,0,0,0,0,Other
Αττική,Διαμέρισμα,125000,100.0,1990.0,1ος,2.0,1.0,,,1,0,0,0,0,0,0,0,Ζεφύρι
Θεσσαλονίκη,Διαμέρισμα,95000,116.0,1970.0,2ος,2.0,1.0,Καλή,Ε,0,0,0,1,0,0,0,0,"Θεσσαλονίκη,Χαριλάου"
Αττική,Διαμέρισμα,235000,108.0,2000.0,7ος,3.0,1.0,Καλή,Ε,1,0,0,1,0,1,0,0,"Καλλιθέα,Τζιτζιφιές"
Αττική,Διαμέρισμα,135000,138.0,1976.0,5ος,3.0,1.0,Καλή,Ζ,1,0,0,0,0,0,0,0,"Αθήνα,Πλατεία Αμερικής"
Αττική,Διαμέρισμα,180000,80.0,1990.0,3ος,2.0,1.0,Καλή,Ζ,0,0,0,0,1,0,0,0,Other
Θεσσαλονίκη,Διαμέρισμα,105000,40.0,1960.0,1ος,1.0,1.0,Ανακαινισμένο,Γ,1,0,1,1,0,0,1,1,"Θεσσαλονίκη,Κέντρο"
Αττική,Διαμέρισμα,145000,55.0,1968.0,Υπόγειο,,1.0,Ανακαινισμένο,Εκρεμμεί,0,0,1,0,0,0,1,1,Other
Αττική,Κτίριο,670000,924.0,1997.0,Ισόγειο,,,Χρήζει ανακαίνισης,Γ,0,0,0,0,0,0,0,0,Other
Αττική,Διαμέρισμα,55000,55.0,,Ημιυπόγειο,1.0,1.0,Καλή,,0,0,0,0,0,0,0,0,"Κορυδαλλός,Πλατεία Ελευθερίας"
Αττική,Διαμέρισμα,220000,123.0,2007.0,Υπερυψωμένο,3.0,1.0,Νεόδμητο,,1,0,1,1,0,0,0,0,Ραφήνα
Αττική,Διαμέρισμα,115000,69.0,1985.0,4ος,1.0,1.0,Νεόδμητο,Β,0,0,0,0,0,0,0,0,"Ταύρος Αττικής,Κέντρο"
Θεσσαλονίκη,Διαμέρισμα,175000,92.0,2021.0,Ισόγειο,2.0,1.0,Νεόδμητο,Α+,0,1,1,1,0,0,0,0,Πανόραμα
Αττική,Μεζονέτα,620000,275.0,2021.0,Ισόγειο,3.0,2.0,Υπο κατασκευή,Α,1,0,0,0,0,0,0,0,Other
Αττική,Μονοκατοικία,420000,350.0,1995.0,Ισόγειο,5.0,4.0,Ημιτελές,,1,1,1,0,0,0,0,0,Παλλήνη
Αττική,Διαμέρισμα,60000,55.0,2006.0,Ισόγειο,1.0,1.0,Άριστη,Ε,1,0,0,1,0,0,0,1,Other
Αττική,Μεζονέτα,590000,406.0,1994.0,"Ισόγειο,1ος,2ος",8.0,5.0,Άριστη,Ε,1,1,1,1,0,1,0,0,Σπάτα
Αττική,Μονοκατοικία,380000,310.0,1994.0,1ος,3.0,1.0,Άριστη,Η,0,0,0,1,0,0,0,0,Other
Αττική,Διαμέρισμα,92000,85.0,1977.0,Ισόγειο,2.0,1.0,Άριστη,Ε,1,0,1,0,0,0,0,0,"Παλλήνη,Κέντρο"
Αττική,Διαμέρισμα,520000,135.0,2009.0,1ος,3.0,3.0,Άλλη κατάσταση,Εκρεμμεί,1,0,0,1,0,1,0,0,Other
Αττική,Διαμέρισμα,220000,53.0,1968.0,1ος,1.0,1.0,Ανακαινισμένο,Γ,0,0,0,1,0,0,0,0,"Αθήνα,Κουκάκι"
Αττική,Διαμέρισμα,180000,93.0,2009.0,6ος,3.0,1.0,Νεόδμητο,Γ,1,1,0,1,0,1,0,0,Other
Αττική,Διαμέρισμα,51000,70.0,1978.0,Ημιυπόγειο,1.0,1.0,Ανακαινισμένο,Ζ,0,0,0,0,0,0,0,0,Other
Θεσσαλονίκη,Μεζονέτα,140000,96.0,2003.0,Ισόγειο,2.0,1.0,Άριστη,Δ,0,0,1,1,0,1,0,0,Ευκαρπία
Αττική,Διαμέρισμα,360000,88.0,2021.0,3ος,2.0,2.0,Νεόδμητο,Α+,0,1,1,1,0,1,0,0,Εθνικιστών και Αναπήρων Πολέμου
Αττική,Διαμέρισμα,120000,60.0,1953.0,3ος,1.0,1.0,,Εκρεμμεί,1,0,0,0,0,0,0,0,"Αθήνα,Πλατεία Βικτωρίας"
Θεσσαλονίκη,Διαμέρισμα,172678,150.0,1979.0,3ος,3.0,1.0,Καλή,Μη αποδοτικό,1,0,0,1,0,0,0,0,Καλαμαριά
Αττική,Διαμέρισμα,205000,115.0,2010.0,5ος,3.0,2.0,Νεόδμητο,Δ,0,1,0,1,0,1,0,0,"Αθήνα,Άνω Κυψέλη"
Θεσσαλονίκη,Διαμέρισμα,52000,26.0,,3ος,1.0,,Ανακαινισμένο,Δ,0,0,1,1,0,0,0,1,"Θεσσαλονίκη,Ανω Πόλη"
Θεσσαλονίκη,Διαμέρισμα,102000,60.0,1967.0,4ος,2.0,1.0,Ανακαινισμένο,Η,0,0,0,1,0,0,1,1,"Θεσσαλονίκη,Ανάληψη"
Αττική,Διαμέρισμα,60000,34.0,1980.0,5ος,1.0,1.0,Καλή,Ζ,0,0,0,1,0,0,0,0,Other
Θεσσαλονίκη,Διαμέρισμα,170000,93.0,1963.0,5ος,3.0,1.0,Καλή,Εκρεμμεί,0,0,0,1,0,0,0,0,Other
Αττική,Διαμέρισμα,200000,131.0,1965.0,Υπερυψωμένο,3.0,1.0,,,0,0,0,0,0,0,0,0,"Νέα Ιωνία,Σαφράμπολη"
Αττική,Διαμέρισμα,135000,80.0,2000.0,2ος,2.0,1.0,Νεόδμητο,Β,0,1,0,1,0,0,0,0,Καματερό
Αττική,Μεζονέτα,600000,295.0,1983.0,2ος,3.0,2.0,,Δ,0,1,1,0,0,0,1,1,Other
Αττική,Διαμέρισμα,279000,90.0,2022.0,2ος,3.0,2.0,Νεόδμητο,Α,0,1,0,1,0,0,0,0,Other
Θεσσαλονίκη,Μεζονέτα,340000,210.0,2005.0,"Ισόγειο,1ος,2ος",3.0,2.0,Ανακαινισμένο,Μη αποδοτικό,1,0,1,1,0,1,1,0,Other
Αττική,Διαμέρισμα,90000,97.0,1965.0,Ισόγειο,2.0,,Χρήζει ανακαίνισης,Ε,0,0,0,0,0,0,0,0,"Νέα Ιωνία,Περισσός"
Αττική,Μεζονέτα,1000000,310.0,2009.0,Ισόγειο,3.0,3.0,Άλλη κατάσταση,Εκρεμμεί,1,0,1,1,0,1,0,0,"Κηφισιά,Νέα Κηφισιά"
Αττική,Διαμέρισμα,70000,68.0,1978.0,3ος,2.0,1.0,Καλή,Ε,1,0,0,0,0,0,0,0,"Αθήνα,Πλατεία Αμερικής"
Θεσσαλονίκη,Διαμέρισμα,220000,125.0,2011.0,1ος,3.0,1.0,Νεόδμητο,Β,0,0,0,1,0,0,0,0,Πυλαία
Θεσσαλονίκη,Διαμέρισμα,195000,80.0,1976.0,3ος,2.0,1.0,Άριστη,Γ,0,0,1,1,0,0,1,1,"Θεσσαλονίκη,Φάληρο"
Θεσσαλονίκη,Διαμέρισμα,255000,88.0,2022.0,5ος,2.0,1.0,Νεόδμητο,Η,0,0,0,1,0,0,0,0,Καλαμαριά
Αττική,Διαμέρισμα,160000,80.0,1978.0,1ος,2.0,1.0,Καλή,Η,0,0,0,0,0,0,0,0,Other
Θεσσαλονίκη,Μεζονέτα,300000,132.0,2010.0,"2ος,3ος,4ος",,1.0,Νεόδμητο,Ε,0,1,1,1,0,1,0,0,"Θεσσαλονίκη,Ανω Πόλη"
Αττική,Διαμέρισμα,85000,54.0,1962.0,1ος,1.0,1.0,Χρήζει ανακαίνισης,Η,0,0,0,0,0,0,0,0,"Αθήνα,Αμπελόκηποι"
Αττική,Διαμέρισμα,60000,58.0,1965.0,Ισόγειο,1.0,1.0,Χρήζει ανακαίνισης,Εκρεμμεί,0,0,1,0,0,0,0,0,"Αθήνα,Κυψέλη"
Αττική,Μονοκατοικία,125000,54.0,1975.0,Ισόγειο,1.0,1.0,,,1,0,1,0,0,0,0,0,Ραφήνα
Αττική,Μεζονέτα,220000,172.0,,"Ισόγειο,1ος",3.0,2.0,,Εκρεμμεί,0,0,0,0,0,0,0,0,Σαλαμίνα
Αττική,Μεζονέτα,450000,340.0,2005.0,Ισόγειο,2.0,2.0,,,1,1,1,0,0,0,1,1,"Νέα Ιωνία,Λαζάρου"
Αττική,Οικία,430000,295.0,2010.0,Ισόγειο,4.0,3.0,Νεόδμητο,Γ,1,1,0,1,0,1,0,0,Other
Αττική,Διαμέρισμα,145000,70.0,1970.0,6ος,2.0,1.0,Ανακαινισμένο,Γ,1,0,1,1,1,0,0,0,Other
Θεσσαλονίκη,Μονοκατοικία,209000,250.0,1995.0,"Ημιυπόγειο,Ημιώροφος,1ος",3.0,2.0,Καλή,Μη αποδοτικό,1,0,0,0,0,1,0,0,Other
Αττική,Διαμέρισμα,400000,98.0,2022.0,5ος,3.0,1.0,Υπο κατασκευή,Α,1,0,1,1,0,1,0,0,Other
Αττική,Μονοκατοικία,540000,230.0,2000.0,Ισόγειο,4.0,3.0,Καλή,Γ,1,0,0,0,0,1,0,0,Παιανία
Αττική,Διαμέρισμα,170000,85.0,1965.0,3ος,2.0,1.0,Ανακαινισμένο,Ε,0,0,1,0,0,0,1,0,"Αθήνα,Πλατεία Βικτωρίας"
Αττική,Διαμέρισμα,130000,102.0,1975.0,2ος,2.0,2.0,Καλή,Ζ,1,0,1,0,0,0,0,0,"Αθήνα,Άνω Πατήσια"
Αττική,Μεζονέτα,450000,175.0,2011.0,1ος,2.0,1.0,,,1,1,1,1,0,0,0,0,Ραφήνα
Αττική,Μεζονέτα,690000,350.0,2006.0,Ισόγειο,4.0,3.0,Άριστη,Γ,1,1,1,1,0,1,0,0,Κέντρο
Αττική,Μονοκατοικία,680000,270.0,,"Ισόγειο,1ος,2ος",5.0,3.0,Καλή,Δ,1,0,1,0,0,1,0,0,Other
Θεσσαλονίκη,Διαμέρισμα,65000,59.0,1968.0,Ισόγειο,1.0,1.0,,Ζ,0,0,1,1,0,0,0,0,Other
Θεσσαλονίκη,Διαμέρισμα,145000,90.0,1968.0,2ος,2.0,1.0,Άλλη κατάσταση,Α,1,0,1,1,1,0,0,0,"Θεσσαλονίκη,Φάληρο"
Αττική,Μονοκατοικία,370000,288.0,2012.0,"Ισόγειο,1ος",5.0,4.0,Άλλη κατάσταση,Β,1,1,0,0,0,1,1,0,Other
Αττική,Διαμέρισμα,140000,70.0,1970.0,Ισόγειο,2.0,1.0,Ανακαινισμένο,Γ,0,0,0,1,0,0,1,0,Other
Αττική,Διαμέρισμα,50000,26.0,1956.0,Ισόγειο,1.0,1.0,Καλή,Η,0,0,0,0,0,0,0,0,"Αθήνα,Πλατεία Βικτωρίας"
Αττική,Διαμέρισμα,455000,115.0,,2ος,3.0,2.0,Υπο κατασκευή,Α+,0,0,0,0,0,0,0,0,Other
Θεσσαλονίκη,Διαμέρισμα,48000,38.0,1970.0,3ος,1.0,1.0,Ανακαινισμένο,Ε,0,0,1,1,0,0,0,1,"Θεσσαλονίκη,Βαρδάρη"
Αττική,Μεζονέτα,1100000,400.0,2003.0,"Ισόγειο,1ος,2ος",4.0,2.0,Άριστη,Δ,1,0,1,1,0,1,0,0,Δροσιά
Αττική,Μονοκατοικία,500000,126.0,1991.0,Ισόγειο,3.0,2.0,Άριστη,Ζ,0,0,0,1,0,1,0,0,"Λυκόβρυση,Κέντρο"
Αττική,Μεζονέτα,330000,190.0,2000.0,Ισόγειο,4.0,3.0,Καλή,Δ,1,0,0,0,0,1,0,0,Κέντρο
Αττική,Μεζονέτα,115000,126.0,2002.0,"1ος,2ος",3.0,1.0,Άλλη κατάσταση,Δ,1,1,0,1,0,1,0,0,Ζεφύρι
Αττική,Διαμέρισμα,220000,63.0,2005.0,1ος,1.0,1.0,Καλή,Γ,1,0,0,0,0,1,0,0,Δροσιά
Αττική,Διαμέρισμα,105000,34.0,2005.0,1ος,1.0,1.0,Άριστη,Γ,1,1,1,1,0,1,0,0,Ραφήνα
Αττική,Διαμέρισμα,176000,78.0,2005.0,4ος,2.0,1.0,Ανακαινισμένο,Γ,1,1,1,1,0,0,0,0,Other
Αττική,Διαμέρισμα,120000,100.0,,1ος,2.0,1.0,Ανακαινισμένο,Μη αποδοτικό,1,0,1,0,0,0,0,0,Other
Θεσσαλονίκη,Μεζονέτα,630000,280.0,2021.0,"Ισόγειο,1ος,2ος",4.0,2.0,Νεόδμητο,Α+,0,0,0,1,0,1,0,0,Πυλαία
Αττική,Διαμέρισμα,74000,74.0,1977.0,2ος,2.0,1.0,Καλή,Ζ,1,0,0,1,1,0,0,0,"Αθήνα,Κυψέλη"
Αττική,Μονοκατοικία,75000,78.0,1980.0,Υπερυψωμένο,2.0,1.0,,,1,1,0,0,0,0,0,0,Other
Θεσσαλονίκη,Διαμέρισμα,48000,40.0,1963.0,Ισόγειο,1.0,1.0,Καλή,Η,0,0,0,1,0,0,0,0,"Θεσσαλονίκη,Κέντρο"
Αττική,Διαμέρισμα,115000,52.0,1985.0,2ος,1.0,1.0,,,1,0,1,1,0,0,0,1,"Νέο Ψυχικό,Πλατεία Ελευθερίας"
Αττική,Μεζονέτα,200000,200.0,2014.0,"Ισόγειο,1ος,2ος",4.0,1.0,Άριστη,Δ,1,1,0,1,0,1,0,0,Other
Αττική,Μονοκατοικία,180000,71.0,,Ισόγειο,2.0,1.0,Χρήζει ανακαίνισης,Δ,1,1,0,0,0,1,0,0,Ραφήνα
Αττική,Μονοκατοικία,170000,300.0,1985.0,"Ισόγειο,1ος,2ος",4.0,2.0,Ημιτελές,Ζ,0,0,0,0,0,0,0,0,Other
Θεσσαλονίκη,Μεζονέτα,310000,236.0,1990.0,"Ισόγειο,1ος,2ος,3ος",4.0,2.0,Άριστη,Β+,0,1,1,1,0,1,0,0,Πανόραμα
Θεσσαλονίκη,Διαμέρισμα,58000,57.0,1967.0,Ισόγειο,1.0,1.0,,Μη αποδοτικό,0,0,0,0,0,0,0,1,"Θεσσαλονίκη,Φάληρο"
Αττική,Μονοκατοικία,290000,146.0,2003.0,Ισόγειο,,5.0,Άριστη,Ε,1,1,1,0,0,1,0,0,Other
Αττική,Διαμέρισμα,780000,114.0,,5ος,2.0,1.0,Ανακαινισμένο,Εκρεμμεί,0,0,0,0,0,0,0,0,"Αθήνα,Κολωνάκι"
Θεσσαλονίκη,Διαμέρισμα,235000,60.0,1963.0,6ος,2.0,1.0,Ανακαινισμένο,Ε,0,0,1,1,0,0,1,1,Other
Αττική,Κτίριο,1050000,280.0,2005.0,Ισόγειο,7.0,7.0,Άλλη κατάσταση,Γ,1,0,0,1,0,1,0,0,Other
Αττική,Διαμέρισμα,170000,225.0,1990.0,Ισόγειο,4.0,4.0,Χρήζει ανακαίνισης,Δ,1,0,1,0,0,1,0,0,Ραφήνα
Αττική,Μονοκατοικία,690000,377.0,2004.0,Ισόγειο,3.0,2.0,Άριστη,Δ,1,0,1,1,0,1,0,0,"Νέα Ερυθραία,Καστρί"
Αττική,Μεζονέτα,578000,331.0,2008.0,"Ισόγειο,1ος,2ος,3ος",3.0,2.0,Νεόδμητο,Γ,1,0,1,1,0,0,0,0,"Κηφισιά,Κεφαλάρι"
Αττική,Διαμέρισμα,175000,83.0,2006.0,1ος,3.0,1.0,Νεόδμητο,Γ,0,1,0,1,0,1,0,0,Other
Αττική,Διαμέρισμα,800000,175.0,2009.0,1ος,3.0,1.0,Άριστη,Γ,1,0,1,0,0,1,0,0,Εθνικιστών και Αναπήρων Πολέμου
Αττική,Διαμέρισμα,140000,60.0,2022.0,1ος,2.0,1.0,Υπο κατασκευή,Α+,0,0,1,1,0,1,0,0,Other
Αττική,Διαμέρισμα,177000,100.0,1977.0,5ος,3.0,1.0,Νεόδμητο,Α,1,0,1,1,0,0,0,0,"Αθήνα,Κολιάτσου"
Αττική,Μονοκατοικία,520000,200.0,1970.0,Ισόγειο,3.0,2.0,Χρήζει ανακαίνισης,Γ,0,0,0,0,0,0,0,0,"Νέο Ψυχικό,Πλατεία Ελευθερίας"
Αττική,Μεζονέτα,1500000,560.0,1988.0,Ισόγειο,4.0,1.0,,,1,1,1,1,0,0,1,0,Εκάλη
Θεσσαλονίκη,Μεζονέτα,120000,148.0,2005.0,1ος,3.0,2.0,Ανακαινισμένο,Α+,0,0,0,0,0,1,0,0,Other
Αττική,Διαμέρισμα,44500,33.0,1970.0,2ος,1.0,,Ανακαινισμένο,,0,0,1,0,0,0,0,0,"Αθήνα,Ακαδημία Πλάτωνος"
Θεσσαλονίκη,Μεζονέτα,2200000,494.0,1983.0,Ισόγειο,6.0,,Καλή,Γ,0,0,0,1,0,0,0,0,Πανόραμα
Αττική,Μονοκατοικία,150000,106.0,2000.0,Ισόγειο,3.0,1.0,Νεόδμητο,,1,1,1,1,0,0,0,0,Other
Αττική,Μεζονέτα,340000,128.0,2020.0,"4ος,5ος",3.0,2.0,Υπο κατασκευή,Δ,0,0,0,0,0,0,0,0,Other
Αττική,Διαμέρισμα,170000,75.0,1980.0,3ος,2.0,1.0,Ανακαινισμένο,Γ,1,1,1,1,0,0,0,0,"Καλλιθέα,ΟΤΕ"
Θεσσαλονίκη,Διαμέρισμα,72000,35.0,1970.0,1ος,1.0,,Ανακαινισμένο,Β+,0,0,1,1,0,0,1,1,"Θεσσαλονίκη,Κέντρο"
Θεσσαλονίκη,Μεζονέτα,160000,140.0,2009.0,Ισόγειο,2.0,,Ημιτελές,,0,0,0,0,0,0,0,0,Other
Αττική,Διαμέρισμα,70000,50.0,1978.0,Ημιώροφος,1.0,1.0,Ανακαινισμένο,Δ,0,0,0,1,0,0,0,0,"Αθήνα,Κολιάτσου"
Αττική,Διαμέρισμα,59000,48.0,1960.0,Ημιώροφος,1.0,1.0,Καλή,Ζ,0,0,0,0,0,0,0,1,"Αθήνα,Πλατεία Αμερικής"
Αττική,Μεζονέτα,420000,222.0,2001.0,Ισόγειο,4.0,4.0,Άριστη,Εκρεμμεί,1,0,0,1,0,1,0,0,Other
Θεσσαλονίκη,Διαμέρισμα,270000,130.0,2022.0,2ος,3.0,1.0,Νεόδμητο,Μη αποδοτικό,1,0,0,1,1,1,0,0,Πυλαία
Αττική,Διαμέρισμα,140000,53.0,2004.0,4ος,1.0,1.0,Καλή,Εκρεμμεί,0,0,0,1,0,0,0,0,"Παλλήνη,Κέντρο"
Αττική,Κτίριο,550000,615.0,2006.0,"Ισόγειο,1ος,2ος,3ος",10.0,4.0,Άλλη κατάσταση,Δ,0,0,0,0,0,0,0,0,"Άνω Λιόσια,Άγιος Ιωάννης Θεολόγος"
Αττική,Μονοκατοικία,300000,180.0,2007.0,"Ισόγειο,1ος",3.0,3.0,Άλλη κατάσταση,Γ,1,1,1,0,0,1,0,0,Other
Αττική,Μεζονέτα,490000,150.0,2002.0,1ος,3.0,2.0,,,1,1,1,1,0,0,0,0,Other
Αττική,Κτίριο,550000,298.0,1977.0,"Υπόγειο,Ισόγειο,1ος",2.0,2.0,Καλή,Ζ,0,0,0,0,0,0,0,0,"Αθήνα,Κουκάκι"
Αττική,Μονοκατοικία,790000,420.0,1989.0,Ισόγειο,5.0,3.0,,,1,1,1,1,0,0,0,0,Ντράφι
Αττική,Οικία,290000,158.0,2001.0,1ος,5.0,3.0,,Ζ,0,0,1,1,0,1,0,0,Other
Θεσσαλονίκη,Μονοκατοικία,85000,130.0,1965.0,"Ισόγειο,1ος,2ος",3.0,2.0,Χρήζει ανακαίνισης,Η,0,0,0,0,0,0,0,0,Other
Αττική,Μονοκατοικία,195000,60.0,2000.0,Ισόγειο,2.0,1.0,Άλλη κατάσταση,Εκρεμμεί,1,0,1,0,0,1,0,0,Other
Αττική,Διαμέρισμα,180000,57.0,,1ος,1.0,1.0,Νεόδμητο,Α,0,0,0,1,0,0,0,0,"Αθήνα,Πανόρμου"
Αττική,Διαμέρισμα,350000,155.0,1992.0,2ος,2.0,1.0,Άριστη,Δ,0,0,0,1,0,0,0,0,"Κηφισιά,Νέα Κηφισιά"
Αττική,Διαμέρισμα,90000,52.0,2011.0,1ος,1.0,1.0,Καλή,Δ,0,0,0,1,0,0,0,0,Other
Θεσσαλονίκη,Μεζονέτα,250000,248.0,1996.0,"Υπόγειο,1ος",4.0,3.0,,Μη αποδοτικό,0,0,1,1,0,0,0,0,Θέρμη
Αττική,Μονοκατοικία,120000,75.0,1975.0,Ισόγειο,2.0,1.0,Χρήζει ανακαίνισης,,0,0,0,0,0,0,0,0,Παλλήνη
Αττική,Διαμέρισμα,90000,52.0,1971.0,4ος,1.0,1.0,,Ζ,0,0,0,0,0,0,0,0,"Αθήνα,Άνω Κυψέλη"
Αττική,Διαμέρισμα,80000,28.0,1970.0,Ισόγειο,1.0,1.0,Νεόδμητο,Β,0,0,1,1,0,0,1,1,Ψυχικό
Αττική,Κτίριο,320000,220.0,1965.0,Ισόγειο,5.0,3.0,Καλή,Η,1,0,0,0,0,0,0,0,"Καλλιθέα,Χρυσάκη"
Θεσσαλονίκη,Διαμέρισμα,140000,140.0,2005.0,1ος,3.0,2.0,Άριστη,Γ,0,0,1,1,0,0,0,0,Other
Αττική,Μεζονέτα,600000,220.0,2012.0,Ισόγειο,3.0,,Άριστη,Β,1,0,0,0,0,0,0,0,Other
Αττική,Διαμέρισμα,200000,75.0,1964.0,6ος,1.0,1.0,Άριστη,Η,0,1,1,0,0,1,0,0,"Αθήνα,Μουσείο"
Θεσσαλονίκη,Διαμέρισμα,53000,23.0,1975.0,Ισόγειο,1.0,1.0,Άλλη κατάσταση,Β,1,0,1,1,0,0,0,1,"Θεσσαλονίκη,Κέντρο"
Θεσσαλονίκη,Διαμέρισμα,120000,46.0,1958.0,Ημιώροφος,1.0,1.0,Ανακαινισμένο,Ε,0,0,0,1,0,0,0,1,"Θεσσαλονίκη,Κέντρο"
Αττική,Μεζονέτα,139000,106.0,1997.0,Ισόγειο,3.0,1.0,,Εκρεμμεί,1,0,0,0,0,1,0,0,Άρτεμις
Θεσσαλονίκη,Διαμέρισμα,135000,78.0,1963.0,3ος,2.0,1.0,Καλή,Μη αποδοτικό,0,0,1,1,0,0,0,0,"Θεσσαλονίκη,Ανω Πόλη"
Αττική,Διαμέρισμα,100000,128.0,1966.0,1ος,3.0,1.0,Καλή,Η,0,0,0,0,0,0,0,0,Other
Αττική,Κτίριο,550000,270.0,1968.0,Ισόγειο,8.0,8.0,Άριστη,Δ,1,0,0,1,0,0,0,0,Κέντρο
Αττική,Διαμέρισμα,200000,97.0,1979.0,4ος,2.0,1.0,,,1,0,1,1,0,0,0,0,"Καλλιθέα,Σταθμός ΗΣΑΠ Ταύρου"
Αττική,Διαμέρισμα,135000,86.0,2012.0,4ος,2.0,1.0,Νεόδμητο,Γ,1,0,0,1,0,0,0,0,"Πέραμα,Κέντρο"
Αττική,Διαμέρισμα,30000,45.0,1968.0,Υπόγειο,1.0,1.0,Καλή,Η,0,0,0,0,0,0,0,0,"Αθήνα,Νέα Κυψέλη"
Αττική,Διαμέρισμα,700000,140.0,2011.0,4ος,3.0,2.0,Νεόδμητο,Γ,1,1,1,1,1,1,0,0,Other
Αττική,Μεζονέτα,212000,104.0,2005.0,4ος,3.0,1.0,Νεόδμητο,Γ,0,0,0,0,0,0,0,1,Other
Αττική,Μεζονέτα,610000,176.0,2022.0,8ος,4.0,2.0,Υπο κατασκευή,Α,1,1,1,1,0,1,0,0,"Αθήνα,Ελληνορώσων"
Αττική,Διαμέρισμα,150000,81.0,1969.0,4ος,2.0,,Καλή,Η,0,0,0,0,0,0,0,0,"Αθήνα,Νιρβάνα"
Θεσσαλονίκη,Διαμέρισμα,85000,73.0,1972.0,1ος,2.0,1.0,Χρήζει ανακαίνισης,Εκρεμμεί,0,0,0,1,0,0,0,0,"Θεσσαλονίκη,Ανω Πόλη"
Θεσσαλονίκη,Μεζονέτα,58000,150.0,2006.0,Ισόγειο,3.0,,Καλή,Δ,0,0,0,0,0,0,0,0,Other
Θεσσαλονίκη,Διαμέρισμα,115000,75.0,1939.0,2ος,2.0,1.0,Ανακαινισμένο,Γ,0,0,1,1,0,0,1,0,"Θεσσαλονίκη,Ανω Πόλη"
Αττική,Διαμέρισμα,150000,80.0,1976.0,4ος,2.0,1.0,,Εκρεμμεί,0,0,1,1,0,0,0,0,Other
Αττική,Μονοκατοικία,1000000,343.0,2008.0,Υπόγειο,5.0,3.0,Άριστη,Δ,1,0,1,1,0,1,0,0,Ραφήνα
Αττική,Διαμέρισμα,250000,140.0,1977.0,3ος,3.0,2.0,Ανακαινισμένο,Ε,0,0,1,1,0,0,1,1,Other
Αττική,Μονοκατοικία,1785000,350.0,2000.0,Ισόγειο,5.0,3.0,Ανακαινισμένο,Δ,1,0,0,0,0,1,0,0,Πεντέλη
Αττική,Μονοκατοικία,540000,400.0,2007.0,Ισόγειο,4.0,3.0,Άριστη,Δ,1,1,0,1,0,1,0,0,Other
Αττική,Οικία,950000,300.0,,3ος,,,,,0,0,0,0,0,0,0,0,Other
Θεσσαλονίκη,Διαμέρισμα,100000,70.0,1965.0,2ος,2.0,1.0,Ανακαινισμένο,Η,0,1,1,0,0,0,1,0,"Θεσσαλονίκη,Ξηροκρήνη"
Αττική,Μονοκατοικία,550000,250.0,2013.0,1ος,4.0,1.0,Νεόδμητο,Γ,0,0,1,1,0,0,0,0,Other
Αττική,Διαμέρισμα,100000,81.0,1977.0,1ος,2.0,,Άλλη κατάσταση,Η,1,0,0,0,0,0,0,0,"Καλλιθέα,Κέντρο"
Θεσσαλονίκη,Διαμέρισμα,86500,72.0,1965.0,3ος,2.0,1.0,Άλλη κατάσταση,Β,1,0,0,0,1,0,0,1,"Θεσσαλονίκη,Ανω Πόλη"
Αττική,Διαμέρισμα,150000,165.0,1966.0,2ος,4.0,1.0,Καλή,Ζ,1,0,0,0,0,0,0,0,"Αθήνα,Κυψέλη"
Αττική,Διαμέρισμα,43000,30.0,1971.0,Ημιυπόγειο,1.0,1.0,Καλή,Μη αποδοτικό,0,0,1,0,0,0,0,0,Other
Θεσσαλονίκη,Διαμέρισμα,108800,124.0,1979.0,4ος,3.0,1.0,,Εξαιρείται,0,0,0,0,0,0,0,0,Καλαμαριά
Θεσσαλονίκη,Διαμέρισμα,130000,90.0,1965.0,3ος,2.0,1.0,Ανακαινισμένο,Β+,0,0,1,0,0,0,1,1,"Θεσσαλονίκη,Ανάληψη"
Αττική,Διαμέρισμα,165000,75.0,2008.0,Ισόγειο,2.0,1.0,Νεόδμητο,Γ,1,0,0,1,0,0,0,0,"Ηράκλειο,Άνω Ψαλίδι"
Αττική,Διαμέρισμα,116000,65.0,1973.0,3ος,1.0,1.0,Ανακαινισμένο,Ζ,1,0,1,1,0,0,0,0,"Καλλιθέα,Λόφος Φιλαρέτου"
Αττική,Μεζονέτα,611000,400.0,1990.0,"Ισόγειο,1ος,2ος",4.0,3.0,Άριστη,Εκρεμμεί,1,1,1,1,0,0,0,0,"Κηφισιά,Κεφαλάρι"
Αττική,Μονοκατοικία,500000,300.0,1985.0,"Ισόγειο,1ος",3.0,2.0,Καλή,Ε,0,1,1,1,0,1,0,0,Other
Αττική,Διαμέρισμα,220000,110.0,2004.0,2ος,3.0,1.0,Άριστη,Δ,1,0,1,1,0,1,0,0,Σπάτα
Αττική,Διαμέρισμα,220000,85.0,2010.0,4ος,3.0,1.0,Νεόδμητο,Α,1,0,0,1,1,0,0,0,"Αθήνα,Ακαδημία Πλάτωνος"
Αττική,Διαμέρισμα,250000,95.0,,1ος,3.0,1.0,Ανακαινισμένο,Β+,0,1,0,1,0,0,1,1,"Αθήνα,Πανόρμου"
Αττική,Διαμέρισμα,115000,130.0,1972.0,3ος,4.0,1.0,Άριστη,Ζ,1,1,1,1,0,0,0,0,Other
Αττική,Διαμέρισμα,43000,40.0,1973.0,2ος,1.0,1.0,Χρήζει ανακαίνισης,Η,0,0,0,0,0,0,0,0,"Νέα Ιωνία,Περισσός"
Αττική,Διαμέρισμα,86000,54.0,,1ος,,,Καλή,,0,0,0,0,0,0,0,0,"Αθήνα,Αμπελόκηποι"
Θεσσαλονίκη,Διαμέρισμα,220000,85.0,1952.0,7ος,3.0,1.0,,,0,0,0,0,0,0,0,0,"Θεσσαλονίκη,Κέντρο"
Αττική,Μεζονέτα,220000,200.0,2016.0,"Ισόγειο,1ος,2ος",3.0,2.0,Ανακαινισμένο,,1,1,0,1,1,0,0,0,"Νέα Ιωνία,Λαζάρου"
Θεσσαλονίκη,Διαμέρισμα,125000,52.0,1967.0,4ος,1.0,1.0,Ανακαινισμένο,Α+,0,0,1,1,0,0,1,1,"Θεσσαλονίκη,Ανάληψη"
Αττική,Μεζονέτα,150000,125.0,2005.0,Ισόγειο,3.0,1.0,Άλλη κατάσταση,Δ,1,1,0,0,0,1,0,0,Other
Αττική,Διαμέρισμα,109000,65.0,2004.0,5ος,1.0,1.0,Άριστη,Γ,0,0,0,1,0,0,0,0,Other
Αττική,Διαμέρισμα,125000,45.0,1961.0,2ος,1.0,1.0,Ανακαινισμένο,Δ,1,1,1,1,0,1,1,0,"Αθήνα,Ελληνορώσων"
Αττική,Μονοκατοικία,70000,75.0,1964.0,Ισόγειο,2.0,1.0,Καλή,Η,0,0,1,0,0,0,0,0,"Νέα Ιωνία,Σαφράμπολη"
Θεσσαλονίκη,Διαμέρισμα,100000,70.0,1965.0,2ος,2.0,1.0,Ανακαινισμένο,Γ,0,0,1,1,0,0,0,0,"Θεσσαλονίκη,Χαριλάου"
Αττική,Διαμέρισμα,55000,48.0,1965.0,1ος,1.0,1.0,Καλή,Δ,1,0,1,1,0,0,0,1,Other
Θεσσαλονίκη,Διαμέρισμα,97000,75.0,2021.0,2ος,2.0,1.0,Νεόδμητο,Α,0,0,0,1,0,0,0,0,Other
Αττική,Κτίριο,550000,288.0,1958.0,"Ισόγειο,1ος",2.0,2.0,Ανακαινισμένο,Γ,1,0,0,0,0,0,0,0,Other
Θεσσαλονίκη,Διαμέρισμα,63000,60.0,1970.0,Ημιυπόγειο,1.0,1.0,Άριστη,Γ,0,0,1,1,0,0,0,0,Other
Αττική,Μονοκατοικία,100000,98.0,1960.0,Ισόγειο,1.0,1.0,Καλή,Ε,0,0,0,0,0,0,0,0,Other
Αττική,Διαμέρισμα,310000,100.0,2011.0,1ος,2.0,1.0,Νεόδμητο,Α,1,1,0,0,1,1,0,0,"Αθήνα,Κάτω Πετράλωνα"
Αττική,Διαμέρισμα,265000,150.0,1971.0,2ος,3.0,2.0,,Β,0,1,1,0,0,0,0,0,Ψυχικό
Αττική,Διαμέρισμα,800000,290.0,1980.0,Ισόγειο,4.0,4.0,Ανακαινισμένο,Ε,1,0,0,0,0,1,0,0,Εκάλη
Αττική,Μεζονέτα,400000,135.0,,"6ος,7ος",3.0,1.0,Υπο κατασκευή,Α+,0,0,0,0,0,0,0,0,Other
Αττική,Μεζονέτα,295000,130.0,1982.0,Ισόγειο,3.0,1.0,Άριστη,Ε,1,0,0,1,0,0,0,0,Other
Αττική,Διαμέρισμα,45000,56.0,1965.0,Υπόγειο,1.0,1.0,Καλή,Μη αποδοτικό,0,0,0,0,0,0,0,0,"Αθήνα,Άνω Κυψέλη"
Αττική,Διαμέρισμα,220000,91.0,1996.0,1ος,2.0,1.0,Άριστη,Δ,1,0,0,1,0,1,0,0,Other
Αττική,Διαμέρισμα,330000,140.0,2000.0,3ος,3.0,2.0,Άριστη,Δ,0,0,0,1,0,1,0,0,"Ηράκλειο,Άνω Ψαλίδι"
Αττική,Μεζονέτα,250000,235.0,2006.0,1ος,3.0,2.0,,Γ,1,0,0,0,0,0,1,0,Δ. Μεγάρων
Αττική,Διαμέρισμα,250000,70.0,1990.0,3ος,1.0,,Ανακαινισμένο,Β,1,0,0,1,0,0,1,0,"Καλλιθέα,Λόφος Φιλαρέτου"
Αττική,Μονοκατοικία,260000,180.0,1980.0,1ος,4.0,2.0,,,0,1,1,0,0,0,0,0,Other
Αττική,Διαμέρισμα,300000,135.0,1968.0,4ος,3.0,2.0,Ανακαινισμένο,Ζ,0,0,0,1,0,0,0,0,"Αθήνα,Κυψέλη"
Αττική,Μονοκατοικία,650000,200.0,1983.0,Ισόγειο,,,Καλή,Ζ,0,0,0,0,0,0,0,0,Κέντρο
Αττική,Μονοκατοικία,390000,57.0,1980.0,2ος,,1.0,Ανακαινισμένο,Ζ,1,0,0,0,0,0,0,0,Πεντέλη
Αττική,Μονοκατοικία,90000,85.0,,Ισόγειο,2.0,1.0,,,0,0,0,0,0,0,0,0,Σαλαμίνα
Θεσσαλονίκη,Διαμέρισμα,130000,70.0,1900.0,1ος,2.0,1.0,Ανακαινισμένο,Η,0,0,1,1,0,0,1,1,"Θεσσαλονίκη,Ντεπώ"
Αττική,Διαμέρισμα,75000,72.0,1969.0,1ος,1.0,,Ανακαινισμένο,Δ,0,0,0,0,0,0,0,0,Other
Αττική,Διαμέρισμα,50000,41.0,1971.0,Ημιυπόγειο,1.0,1.0,Ανακαινισμένο,Γ,1,0,1,0,0,0,0,0,"Αθήνα,Ελληνορώσων"
Αττική,Διαμέρισμα,250000,140.0,2003.0,2ος,4.0,1.0,Άριστη,Δ,1,0,1,1,0,0,0,0,Μοσχάτο
Θεσσαλονίκη,Διαμέρισμα,325000,143.0,2021.0,2ος,3.0,2.0,Νεόδμητο,Α,0,0,0,1,0,1,0,0,Θέρμη
Θεσσαλονίκη,Μεζονέτα,240000,110.0,2007.0,2ος,3.0,1.0,Καλή,Εκρεμμεί,0,0,1,1,0,0,0,0,Πανόραμα
Αττική,Διαμέρισμα,58000,42.0,1967.0,Ισόγειο,1.0,1.0,,Β,0,1,0,0,0,0,0,1,"Αθήνα,Κυψέλη"
Αττική,Διαμέρισμα,140000,127.0,1968.0,5ος,2.0,1.0,Χρήζει ανακαίνισης,Εκρεμμεί,1,0,0,1,0,0,0,0,"Αθήνα,Άγιος Νικόλαος"
Αττική,Μεζονέτα,400000,311.0,2006.0,Ισόγειο,,1.0,Καλή,Γ,0,0,0,1,0,1,0,0,Δροσιά
Θεσσαλονίκη,Διαμέρισμα,95000,40.0,2022.0,3ος,1.0,1.0,Υπο κατασκευή,Α+,0,0,1,1,0,0,0,0,Θέρμη
Αττική,Μονοκατοικία,270000,220.0,1968.0,"Ισόγειο,1ος",4.0,2.0,Χρήζει ανακαίνισης,Ζ,0,0,0,0,0,0,0,0,Other
Θεσσαλονίκη,Μεζονέτα,244000,264.0,1997.0,Ισόγειο,4.0,3.0,Καλή,Μη αποδοτικό,0,0,0,0,0,0,0,0,Πανόραμα
Αττική,Διαμέρισμα,190000,127.0,1970.0,3ος,2.0,1.0,Καλή,Εκρεμμεί,1,0,0,0,0,0,0,0,"Αθήνα,Ελληνορώσων"
Αττική,Μονοκατοικία,115000,173.0,2008.0,"Ισόγειο,1ος",2.0,1.0,Ημιτελές,Μη αποδοτικό,0,0,0,0,0,1,0,0,Άρτεμις
Αττική,Διαμέρισμα,420000,125.0,2005.0,1ος,3.0,2.0,Ανακαινισμένο,Δ,0,1,1,1,0,1,0,0,"Νέο Ψυχικό,Πλατεία Ελευθερίας"
Αττική,Διαμέρισμα,95000,41.0,,"Ισόγειο,1ος",1.0,1.0,Άλλη κατάσταση,Εκρεμμεί,0,0,0,1,0,0,0,0,"Καλλιθέα,Κέντρο"
Θεσσαλονίκη,Διαμέρισμα,410000,165.0,2022.0,2ος,3.0,2.0,Νεόδμητο,Α+,0,1,0,1,0,1,0,0,"Θεσσαλονίκη,Πυλαία"
Αττική,Διαμέρισμα,70000,75.0,1960.0,2ος,2.0,1.0,Χρήζει ανακαίνισης,Μη αποδοτικό,0,0,0,0,0,0,0,0,"Αθήνα,Άγιος Παντελεήμονας"
Αττική,Διαμέρισμα,130000,78.0,1970.0,2ος,2.0,1.0,Ανακαινισμένο,Ζ,0,0,1,1,0,0,0,0,"Αθήνα,Γκύζη"
Θεσσαλονίκη,Διαμέρισμα,95000,63.0,2006.0,3ος,1.0,1.0,Ανακαινισμένο,Γ,0,0,1,1,0,0,1,0,"Θεσσαλονίκη,Ξηροκρήνη"
Θεσσαλονίκη,Διαμέρισμα,30000,27.0,1970.0,1ος,,,,Ζ,0,0,0,0,0,0,0,1,"Θεσσαλονίκη,Βαρδάρη"
Αττική,Διαμέρισμα,110000,54.0,1990.0,2ος,1.0,,Καλή,Δ,1,0,1,0,0,0,0,0,Other
Αττική,Διαμέρισμα,190000,80.0,2010.0,Ισόγειο,2.0,,,Δ,1,1,0,1,0,1,0,0,Other
Αττική,Μεζονέτα,350000,261.0,2022.0,"Ημιυπόγειο,Ισόγειο,Υπερυψωμένο,1ος",5.0,2.0,Νεόδμητο,Α+,0,1,1,1,0,1,0,0,Άρτεμις
Αττική,Διαμέρισμα,65000,48.0,1970.0,1ος,1.0,1.0,Καλή,Η,0,0,0,0,0,0,0,0,Ραφήνα
Αττική,Μεζονέτα,80000,80.0,2011.0,"Ισόγειο,1ος,2ος",2.0,1.0,Ημιτελές,Μη αποδοτικό,0,0,0,0,0,0,0,0,Νέα Πέραμος
Αττική,Διαμέρισμα,46000,53.0,1967.0,Ημιυπόγειο,1.0,,,Εξαιρείται,0,0,0,0,0,0,0,0,"Καλλιθέα,Κέντρο"
Θεσσαλονίκη,Μεζονέτα,295000,118.0,2021.0,5ος,3.0,1.0,Υπο κατασκευή,Α,0,0,0,1,0,0,0,0,"Θεσσαλονίκη,Κάτω Τούμπα"
Αττική,Διαμέρισμα,145000,126.0,1999.0,1ος,3.0,1.0,Άριστη,Δ,1,1,0,1,0,1,0,0,"Άνω Λιόσια,Άγιος Γεώργιος"
Αττική,Διαμέρισμα,76000,80.0,1972.0,Υπερυψωμένο,2.0,2.0,Άριστη,Α+,0,0,0,0,0,0,0,0,"Αθήνα,Κυψέλη"
Αττική,Μεζονέτα,280000,230.0,,"Ημιυπόγειο,Υπερυψωμένο,1ος",3.0,3.0,Ημιτελές,,0,0,0,0,0,1,0,0,"Νέα Ερυθραία,Μορτερό"
Θεσσαλονίκη,Διαμέρισμα,82000,26.0,1970.0,6ος,1.0,1.0,Καλή,Δ,0,0,1,1,0,0,1,1,"Θεσσαλονίκη,Κέντρο"
Αττική,Διαμέρισμα,30000,29.0,1965.0,1ος,1.0,1.0,Χρήζει ανακαίνισης,Ζ,0,0,0,0,0,0,0,0,"Αθήνα,Πλατεία Αττικής"
Αττική,Διαμέρισμα,150000,55.0,2012.0,3ος,1.0,1.0,Ημιτελές,Β,1,0,0,0,0,0,0,0,Other
Αττική,Μονοκατοικία,615000,260.0,1960.0,Υπερυψωμένο,4.0,3.0,Νεόδμητο,,1,1,1,1,0,0,0,0,Παιανία
Αττική,Διαμέρισμα,700000,185.0,2002.0,Ισόγειο,4.0,4.0,Άριστη,Η,1,0,0,1,0,1,1,0,"Αθήνα,Μουσείο"
Αττική,Μεζονέτα,340000,210.0,2008.0,Ισόγειο,4.0,3.0,Νεόδμητο,Γ,0,0,0,1,0,1,0,0,Παιανία
Θεσσαλονίκη,Διαμέρισμα,193000,100.0,2021.0,1ος,3.0,1.0,,Μη αποδοτικό,0,0,1,1,0,0,0,0,Ωραιόκαστρο
Αττική,Κτίριο,990000,280.0,1978.0,"1ος,2ος,3ος",6.0,6.0,Ανακαινισμένο,Ε,1,0,0,1,1,0,0,0,"Αθήνα,Παγκράτι"
Αττική,Μονοκατοικία,100000,210.0,1990.0,Ισόγειο,3.0,1.0,,,1,0,1,0,0,0,0,0,Other
Αττική,Κτίριο,1200000,570.0,1970.0,Ημιυπόγειο,,,,Ζ,0,0,0,0,0,0,0,0,"Καλλιθέα,Χρυσάκη"
Αττική,Διαμέρισμα,168000,92.0,1981.0,2ος,2.0,1.0,,,1,1,0,1,0,0,0,1,"Καλλιθέα,Σταθμός ΗΣΑΠ Ταύρου"
Αττική,Διαμέρισμα,190000,95.0,1965.0,3ος,2.0,1.0,Καλή,Εκρεμμεί,0,1,1,0,0,0,0,0,"Αθήνα,Νέος Κόσμος"
Αττική,Μονοκατοικία,350000,72.0,1975.0,Ισόγειο,2.0,1.0,Χρήζει ανακαίνισης,Ζ,0,0,0,0,0,0,0,0,Other
Αττική,Μεζονέτα,460000,140.0,2001.0,"1ος,2ος",3.0,1.0,Άριστη,Γ,0,1,1,1,0,1,0,0,Other
Θεσσαλονίκη,Διαμέρισμα,330000,157.0,1999.0,1ος,3.0,1.0,Καλή,Δ,0,0,1,0,0,0,0,0,Πανόραμα
Αττική,Μονοκατοικία,190000,68.0,,"Ισόγειο,1ος",,,,Εκρεμμεί,0,0,0,0,0,0,0,0,Μοσχάτο
Αττική,Διαμέρισμα,140000,30.0,2018.0,1ος,1.0,1.0,Νεόδμητο,Β+,0,1,1,0,0,0,1,1,"Αθήνα,Κυψέλη"
Αττική,Μεζονέτα,310000,182.0,,Ισόγειο,2.0,1.0,Άλλη κατάσταση,Εκρεμμεί,1,0,1,1,0,1,0,0,Other
Αττική,Διαμέρισμα,585000,235.0,1938.0,4ος,4.0,2.0,Ανακαινισμένο,Ζ,1,0,0,0,1,0,1,0,"Αθήνα,Μουσείο"
Αττική,Μεζονέτα,311000,178.0,1936.0,2ος,2.0,2.0,Ανακαινισμένο,Η,0,0,0,0,0,0,0,0,"Αθήνα,Κυψέλη"
Αττική,Μεζονέτα,460000,171.0,2005.0,"5ος,6ος",3.0,2.0,Άριστη,Α+,1,1,1,1,1,1,0,0,"Νέα Σμύρνη,Χρυσάκη"
Αττική,Μονοκατοικία,650000,270.0,1997.0,Ισόγειο,5.0,3.0,Ημιτελές,,1,0,0,0,0,0,0,0,Παιανία
Αττική,Μονοκατοικία,550000,275.0,1990.0,Ισόγειο,4.0,1.0,Καλή,Δ,1,0,0,0,0,1,0,0,Other
Αττική,Διαμέρισμα,220000,94.0,2002.0,"3ος,4ος",2.0,1.0,Νεόδμητο,Μη αποδοτικό,1,0,1,0,0,0,0,0,Ραφήνα
Αττική,Διαμέρισμα,650000,179.0,2006.0,Ισόγειο,2.0,2.0,Άριστη,Δ,1,0,1,1,0,1,0,0,Πεντέλη
Αττική,Διαμέρισμα,42000,33.0,1971.0,1ος,1.0,1.0,Χρήζει ανακαίνισης,Η,1,0,0,1,0,0,0,1,Other
Αττική,Μονοκατοικία,1200000,450.0,2012.0,"Ισόγειο,1ος,2ος,3ος",8.0,7.0,Άριστη,Α,1,0,1,1,0,1,0,0,Πεντέλη
Αττική,Μεζονέτα,250000,100.0,2021.0,"Ισόγειο,1ος",3.0,1.0,Υπο κατασκευή,Α+,1,1,0,1,0,1,0,0,"Παλλήνη,Κέντρο"
Αττική,Μεζονέτα,230000,100.0,2009.0,Ισόγειο,3.0,2.0,Νεόδμητο,Γ,1,1,1,1,0,0,0,0,Ραφήνα
Αττική,Διαμέρισμα,363000,88.0,2021.0,3ος,2.0,1.0,Υπο κατασκευή,Α,0,1,0,1,1,1,0,0,Other
Θεσσαλονίκη,Διαμέρισμα,82000,85.0,1978.0,2ος,3.0,1.0,Χρήζει ανακαίνισης,Δ,1,0,1,1,0,0,0,0,"Θεσσαλονίκη,Ξηροκρήνη"
Αττική,Μεζονέτα,700000,202.0,2009.0,Ισόγειο,4.0,,Νεόδμητο,,1,0,0,0,0,1,0,0,Other
Αττική,Διαμέρισμα,90000,33.0,1980.0,1ος,1.0,1.0,Ανακαινισμένο,Δ,1,0,1,1,0,0,0,0,Other
Θεσσαλονίκη,Διαμέρισμα,165000,97.0,1968.0,1ος,3.0,1.0,Καλή,Γ,0,0,1,1,0,0,0,0,"Θεσσαλονίκη,Κέντρο"
Αττική,Διαμέρισμα,35000,35.0,1968.0,Υπόγειο,,1.0,Ανακαινισμένο,Ζ,1,0,0,0,1,0,0,0,Other
Αττική,Διαμέρισμα,43000,40.0,1980.0,Υπερυψωμένο,,,Ανακαινισμένο,Δ,1,0,1,0,0,0,0,0,"Κορυδαλλός,Πλατεία Ελευθερίας"
Αττική,Διαμέρισμα,113000,58.0,2005.0,3ος,1.0,1.0,Καλή,Εκρεμμεί,1,1,0,1,0,1,0,0,"Πέραμα,Κέντρο"
Αττική,Κτίριο,550000,330.0,1970.0,1ος,8.0,3.0,,,1,1,0,0,0,0,0,0,Other
Αττική,Διαμέρισμα,188000,114.0,1970.0,3ος,3.0,1.0,Ανακαινισμένο,Ε,0,0,0,1,0,0,1,0,"Αθήνα,Πλατεία Αμερικής"
Αττική,Διαμέρισμα,120000,93.0,1973.0,"1ος,5ος",2.0,1.0,Καλή,Ζ,1,0,0,0,0,0,0,0,Other
Αττική,Διαμέρισμα,120000,93.0,1963.0,5ος,,,,,0,0,1,1,0,0,0,0,"Αθήνα,Κολιάτσου"
Αττική,Μεζονέτα,750000,500.0,2001.0,Ισόγειο,4.0,3.0,Άριστη,Γ,1,0,1,1,0,1,0,0,"Νέα Ερυθραία,Καστρί"
Αττική,Διαμέρισμα,150000,105.0,1965.0,3ος,3.0,1.0,Καλή,Εκρεμμεί,0,0,0,1,0,0,0,0,"Αθήνα,Πλατεία Αμερικής"
Αττική,Μονοκατοικία,285000,250.0,2006.0,"Υπόγειο,Ισόγειο,1ος,2ος",3.0,1.0,Άριστη,Α+,1,1,0,1,0,1,0,0,Other
Αττική,Μεζονέτα,850000,143.0,,5ος,,,Υπο κατασκευή,,1,0,0,1,1,1,0,0,"Άλιμος,Καλαμάκι"
Αττική,Διαμέρισμα,87000,76.0,1975.0,Ισόγειο,2.0,1.0,Καλή,Δ,0,0,0,0,0,0,0,0,"Αθήνα,Κυψέλη"
Αττική,Μονοκατοικία,350000,60.0,1960.0,Ισόγειο,1.0,1.0,Νεόδμητο,,0,0,0,0,0,0,0,0,"Καλλιθέα,Τζιτζιφιές"
Θεσσαλονίκη,Διαμέρισμα,220000,85.0,2010.0,1ος,2.0,1.0,Νεόδμητο,,0,0,1,1,0,0,0,1,Πυλαία
Αττική,Διαμέρισμα,530000,133.0,2022.0,6ος,4.0,2.0,Υπο κατασκευή,Α,1,0,0,1,0,0,0,0,"Νέα Σμύρνη,Χρυσάκη"
Αττική,Διαμέρισμα,120000,60.0,2009.0,1ος,2.0,,Νεόδμητο,Γ,0,0,0,1,0,0,0,0,"Αθήνα,Νέα Κυψέλη"
Αττική,Μονοκατοικία,1900000,310.0,1992.0,"Ισόγειο,1ος,2ος",4.0,3.0,Ανακαινισμένο,Δ,0,0,1,1,0,1,0,0,Other
Αττική,Διαμέρισμα,352176,101.0,,3ος,3.0,2.0,Νεόδμητο,Α+,0,0,0,0,0,0,0,0,Other
Αττική,Μονοκατοικία,500000,300.0,1995.0,"Ισόγειο,1ος,2ος",5.0,2.0,Ανακαινισμένο,Δ,0,0,0,1,0,1,0,0,Other
Αττική,Διαμέρισμα,130000,67.0,2005.0,2ος,2.0,1.0,Άριστη,Β+,1,1,0,1,0,0,0,0,"Αθήνα,Γκύζη"
Αττική,Διαμέρισμα,360000,117.0,2021.0,3ος,3.0,1.0,Νεόδμητο,Α,0,0,0,1,0,0,0,0,Μοσχάτο
Αττική,Κτίριο,1430000,447.0,2017.0,Ισόγειο,,,Νεόδμητο,Γ,1,0,1,0,1,1,0,0,Other
Αττική,Μονοκατοικία,1700000,520.0,1987.0,Ισόγειο,6.0,4.0,Καλή,Γ,1,0,0,1,0,1,0,0,"Νέα Ερυθραία,Μορτερό"
Θεσσαλονίκη,Μονοκατοικία,300000,220.0,2005.0,Ισόγειο,5.0,1.0,Άριστη,Δ,0,1,0,1,0,1,0,0,Other
Θεσσαλονίκη,Διαμέρισμα,120000,120.0,1982.0,Ισόγειο,3.0,1.0,Καλή,Η,0,0,0,0,0,0,0,0,Other
Αττική,Διαμέρισμα,240000,95.0,1977.0,1ος,2.0,1.0,Καλή,Ε,0,0,1,0,1,1,0,0,Εθνικιστών και Αναπήρων Πολέμου
Θεσσαλονίκη,Μονοκατοικία,250000,200.0,2015.0,Ισόγειο,4.0,2.0,Νεόδμητο,Μη αποδοτικό,0,0,0,0,0,1,0,0,"Θεσσαλονίκη,Ανω Πόλη"
Αττική,Διαμέρισμα,150000,100.0,1978.0,Υπερυψωμένο,2.0,1.0,,Ζ,0,0,0,0,0,0,0,0,Other
Αττική,Διαμέρισμα,130000,85.0,1975.0,2ος,2.0,1.0,Ανακαινισμένο,Β+,0,0,0,1,0,0,0,0,Other
Αττική,Διαμέρισμα,786500,143.0,2021.0,3ος,3.0,2.0,Νεόδμητο,Α+,0,0,1,1,0,1,0,0,Other
Αττική,Διαμέρισμα,490000,90.0,1955.0,3ος,2.0,2.0,Άριστη,Α,0,0,1,1,0,0,0,0,"Αθήνα,Λυκαβηττός"
Αττική,Διαμέρισμα,330000,85.0,1970.0,1ος,2.0,2.0,Ανακαινισμένο,Γ,1,0,1,1,1,0,0,0,Other
Αττική,Μονοκατοικία,200000,150.0,1985.0,Ισόγειο,2.0,1.0,,,1,0,0,0,0,0,0,0,"Νέα Ιωνία,Λαζάρου"
Αττική,Οικία,295000,166.0,1959.0,Ισόγειο,4.0,2.0,Ανακαινισμένο,Ε,0,0,1,0,0,1,0,0,Other
Αττική,Κτίριο,370000,400.0,1985.0,Ισόγειο,7.0,3.0,Άλλη κατάσταση,,1,0,0,0,0,0,0,0,"Πέραμα,Κέντρο"
Αττική,Διαμέρισμα,165000,96.0,1970.0,3ος,2.0,1.0,Ανακαινισμένο,Η,0,0,0,0,0,0,0,0,"Αθήνα,Άγιος Νικόλαος"
Αττική,Μονοκατοικία,110000,82.0,,Ισόγειο,2.0,1.0,Καλή,Ζ,1,0,1,0,0,0,0,0,Other
Αττική,Διαμέρισμα,330000,80.0,1980.0,1ος,2.0,1.0,Ανακαινισμένο,Γ,0,0,1,1,0,0,0,0,"Αθήνα,Παγκράτι"
Αττική,Κτίριο,450000,412.0,1970.0,Ισόγειο,10.0,8.0,,,1,0,0,0,0,0,0,1,"Αθήνα,Πλατεία Αττικής"
Αττική,Μονοκατοικία,550000,474.0,1990.0,Ισόγειο,5.0,3.0,Καλή,Η,1,0,0,0,0,1,0,0,Ντράφι
Αττική,Διαμέρισμα,273000,100.0,1995.0,5ος,2.0,1.0,Άριστη,Ε,1,1,1,1,0,1,0,0,Μοσχάτο
Θεσσαλονίκη,Διαμέρισμα,195000,97.0,2022.0,1ος,3.0,1.0,Νεόδμητο,Β,0,0,1,1,0,0,0,0,Θέρμη
Αττική,Μονοκατοικία,800000,350.0,2010.0,"Ισόγειο,1ος",3.0,2.0,Νεόδμητο,Εκρεμμεί,1,1,0,0,0,1,0,0,"Νέα Ερυθραία,Μορτερό"
Αττική,Κτίριο,174000,94.0,1966.0,1ος,2.0,1.0,Χρήζει ανακαίνισης,Εκρεμμεί,0,0,0,0,0,0,0,0,"Αθήνα,Παγκράτι"
Αττική,Διαμέρισμα,175000,93.0,1969.0,4ος,2.0,1.0,Ανακαινισμένο,Β,0,0,1,1,0,0,0,0,"Καλλιθέα,Τζιτζιφιές"
Θεσσαλονίκη,Διαμέρισμα,171000,57.0,2022.0,4ος,1.0,1.0,Νεόδμητο,Α,0,0,0,1,0,0,0,0,Καλαμαριά
Θεσσαλονίκη,Διαμέρισμα,110000,40.0,1974.0,3ος,1.0,1.0,,Εξαιρείται,0,0,1,1,0,0,0,0,"Θεσσαλονίκη,Ντεπώ"
Θεσσαλονίκη,Διαμέρισμα,295000,137.0,1990.0,3ος,3.0,1.0,Άλλη κατάσταση,Α,1,0,0,0,1,0,0,0,"Θεσσαλονίκη,Κέντρο"
Αττική,Μονοκατοικία,410000,260.0,2003.0,Ισόγειο,4.0,1.0,Άλλη κατάσταση,Δ,0,0,0,0,0,0,0,0,Other
Αττική,Διαμέρισμα,480000,180.0,1975.0,3ος,3.0,,,Ζ,0,0,0,0,0,1,0,0,"Κηφισιά,Κεφαλάρι"
Αττική,Μονοκατοικία,250000,173.0,1970.0,Ισόγειο,,,Καλή,Ζ,0,0,0,0,0,0,0,0,"Αθήνα,Τρεις Γέφυρες"
Αττική,Διαμέρισμα,95000,105.0,1960.0,2ος,3.0,1.0,Καλή,Ζ,0,0,0,0,0,0,0,0,"Αθήνα,Πλατεία Αμερικής"
Αττική,Διαμέρισμα,84000,130.0,1978.0,1ος,3.0,1.0,Άριστη,Δ,1,0,0,0,0,0,0,0,Other
Αττική,Μονοκατοικία,255000,135.0,1923.0,Ημιώροφος,1.0,1.0,Καλή,Η,0,0,0,0,0,0,0,0,Other
Αττική,Κτίριο,650000,415.0,1993.0,Ισόγειο,6.0,,Άριστη,Ζ,0,0,0,0,0,1,0,0,"Λυκόβρυση,Κέντρο"
Αττική,Διαμέρισμα,210000,90.0,,8ος,2.0,,Καλή,,0,0,0,0,0,0,0,0,"Νέο Ψυχικό,Πλατεία Ελευθερίας"
Αττική,Διαμέρισμα,780000,128.0,2022.0,2ος,3.0,4.0,Υπο κατασκευή,Α+,0,1,1,1,0,1,0,0,Other
Αττική,Διαμέρισμα,245000,87.0,1979.0,1ος,3.0,1.0,Ανακαινισμένο,Ζ,0,1,0,1,0,0,0,0,"Αθήνα,Κουκάκι"
Αττική,Μονοκατοικία,1000000,300.0,2007.0,"Υπόγειο,Ισόγειο,1ος,2ος",4.0,4.0,,Β+,1,1,0,1,0,1,0,0,Πεντέλη
Αττική,Διαμέρισμα,80000,38.0,2011.0,6ος,1.0,1.0,Καλή,Ε,0,0,0,1,0,1,0,0,Other
Αττική,Διαμέρισμα,330000,95.0,2013.0,4ος,3.0,1.0,,,1,1,0,1,0,0,0,0,"Νέα Ιωνία,Σαφράμπολη"
Αττική,Διαμέρισμα,340000,153.0,1999.0,1ος,3.0,1.0,Άριστη,Δ,1,1,0,1,0,1,0,0,Other
Αττική,Μονοκατοικία,1200000,650.0,2008.0,"Ισόγειο,1ος,2ος",4.0,4.0,Άριστη,Γ,1,0,1,1,0,1,0,0,Νέα Πεντέλη
Θεσσαλονίκη,Διαμέρισμα,41000,40.0,1967.0,Ισόγειο,1.0,,Καλή,Εκρεμμεί,0,0,0,0,0,0,0,0,"Θεσσαλονίκη,Κέντρο"
Αττική,Διαμέρισμα,230000,144.0,1975.0,4ος,2.0,1.0,Καλή,Ζ,0,0,1,0,1,1,0,0,"Μαρούσι,Νέο Τέρμα"
Αττική,Διαμέρισμα,240000,135.0,2006.0,1ος,3.0,1.0,Άλλη κατάσταση,Δ,0,1,0,0,0,1,0,0,Other
Αττική,Μονοκατοικία,125000,137.0,1970.0,Ισόγειο,2.0,1.0,Άλλη κατάσταση,Ζ,0,0,0,0,0,0,0,0,Other
Θεσσαλονίκη,Διαμέρισμα,205000,97.0,2010.0,2ος,2.0,1.0,Νεόδμητο,,0,0,1,1,0,0,0,0,Other
Αττική,Διαμέρισμα,222600,79.0,,6ος,2.0,1.0,Νεόδμητο,Α+,0,0,0,0,0,0,0,0,Other
Αττική,Μονοκατοικία,700000,350.0,2000.0,Ισόγειο,6.0,3.0,Καλή,Δ,1,0,0,0,0,1,0,0,Ραφήνα
Αττική,Διαμέρισμα,240000,118.0,2003.0,"Ημιυπόγειο,Ισόγειο",3.0,2.0,Άλλη κατάσταση,Γ,1,0,0,1,0,0,0,0,"Κηφισιά,Κεφαλάρι"
Αττική,Διαμέρισμα,235000,94.0,1978.0,Υπερυψωμένο,2.0,1.0,,Β,0,1,0,1,0,0,0,0,Μοσχάτο
Αττική,Κτίριο,200000,200.0,1980.0,Ισόγειο,,,Χρήζει ανακαίνισης,Ε,1,0,0,0,0,0,0,0,"Αθήνα,Νιρβάνα"
Αττική,Διαμέρισμα,200000,93.0,2000.0,3ος,3.0,2.0,,Γ,1,0,0,0,0,0,0,0,"Παλλήνη,Κέντρο"
Αττική,Διαμέρισμα,75000,60.0,1975.0,4ος,2.0,1.0,Καλή,Ζ,0,0,0,0,0,0,0,0,"Αθήνα,Νέα Κυψέλη"
Αττική,Διαμέρισμα,77000,57.0,2002.0,2ος,2.0,1.0,Νεόδμητο,Δ,1,0,0,0,1,0,0,0,Κέντρο
Αττική,Μονοκατοικία,85000,93.0,1980.0,Ισόγειο,2.0,1.0,Νεόδμητο,,0,1,1,1,0,0,1,0,Other
Αττική,Διαμέρισμα,80000,80.0,1971.0,1ος,2.0,1.0,Νεόδμητο,Ζ,0,0,0,0,0,0,0,1,Other
Αττική,Διαμέρισμα,63000,28.0,2011.0,3ος,1.0,1.0,Άριστη,,1,1,0,1,0,0,0,0,"Παλλήνη,Κέντρο"
Αττική,Μεζονέτα,180000,220.0,2009.0,"1ος,2ος",3.0,,Άριστη,Γ,0,0,1,1,0,0,0,0,Other
Θεσσαλονίκη,Διαμέρισμα,390000,124.0,1964.0,2ος,3.0,1.0,Ανακαινισμένο,Εκρεμμεί,0,0,1,1,0,0,0,0,"Θεσσαλονίκη,Κέντρο"
Αττική,Διαμέρισμα,95000,92.0,2009.0,2ος,2.0,1.0,Ημιτελές,,1,1,0,1,0,0,0,0,"Άνω Λιόσια,Άγιος Γεώργιος"
Αττική,Διαμέρισμα,52000,90.0,1972.0,1ος,2.0,1.0,Άλλη κατάσταση,Η,0,0,0,0,0,0,0,0,Other
Θεσσαλονίκη,Μονοκατοικία,35000,90.0,1980.0,Ημιώροφος,3.0,2.0,,Μη αποδοτικό,0,0,0,0,0,0,0,0,Other
Αττική,Διαμέρισμα,185000,79.0,1970.0,Ημιώροφος,2.0,1.0,Καλή,Ζ,0,0,0,1,0,0,0,0,"Αθήνα,Παγκράτι"
Θεσσαλονίκη,Διαμέρισμα,80000,96.0,1999.0,2ος,2.0,1.0,Άριστη,Εκρεμμεί,0,0,1,1,0,0,0,0,Ευκαρπία
Αττική,Μονοκατοικία,350000,194.0,2007.0,"Ημιυπόγειο,Υπερυψωμένο,1ος",4.0,3.0,Νεόδμητο,Β,0,0,1,1,0,1,0,0,Άρτεμις
Θεσσαλονίκη,Διαμέρισμα,55000,35.0,1965.0,Ισόγειο,1.0,1.0,Ανακαινισμένο,Α+,0,0,1,1,0,0,1,1,"Θεσσαλονίκη,Παπάφειο"
Αττική,Διαμέρισμα,185000,61.0,2012.0,3ος,1.0,1.0,,,1,0,0,1,0,0,0,0,Other
Αττική,Διαμέρισμα,150000,74.0,1995.0,2ος,2.0,1.0,Καλή,Δ,0,0,1,0,0,0,0,0,"Αθήνα,Καλλιρρόης"
Αττική,Διαμέρισμα,130000,54.0,1977.0,3ος,1.0,1.0,,Ζ,0,0,1,1,0,0,1,1,Other
Αττική,Διαμέρισμα,225000,79.0,1967.0,3ος,3.0,1.0,Ανακαινισμένο,Γ,0,0,1,1,0,0,0,1,"Αθήνα,Παγκράτι"
Αττική,Διαμέρισμα,300000,85.0,1970.0,6ος,1.0,1.0,Ανακαινισμένο,Β+,0,1,1,1,0,0,1,0,Other
Αττική,Μονοκατοικία,1350000,320.0,2000.0,"Ισόγειο,1ος,2ος",5.0,4.0,Νεόδμητο,Ζ,1,1,1,1,0,1,0,0,Other
Αττική,Διαμέρισμα,90000,75.0,2004.0,1ος,2.0,1.0,Άλλη κατάσταση,Δ,1,1,0,1,0,0,0,0,Other
Αττική,Διαμέρισμα,220000,85.0,2021.0,2ος,2.0,1.0,Υπο κατασκευή,Α,1,0,0,0,0,0,0,0,"Αθήνα,Άνω Πατήσια"
Θεσσαλονίκη,Διαμέρισμα,30000,45.0,1965.0,Υπόγειο,1.0,1.0,Ανακαινισμένο,Η,0,0,1,1,0,0,0,0,"Θεσσαλονίκη,Βαρδάρη"
Αττική,Μονοκατοικία,1300000,495.0,2010.0,Ισόγειο,4.0,3.0,Καλή,Γ,1,0,1,0,0,1,0,0,Other
Θεσσαλονίκη,Μεζονέτα,370000,270.0,2007.0,Υπόγειο,4.0,2.0,Άριστη,Μη αποδοτικό,0,0,1,0,0,1,0,0,Ωραιόκαστρο
Θεσσαλονίκη,Μονοκατοικία,300000,180.0,1948.0,Ισόγειο,4.0,2.0,Χρήζει ανακαίνισης,Μη αποδοτικό,0,0,0,0,0,1,0,0,"Θεσσαλονίκη,Ανω Πόλη"
Αττική,Διαμέρισμα,180000,90.0,2009.0,3ος,2.0,1.0,Άλλη κατάσταση,Δ,0,0,0,0,0,0,0,0,Δ. Μεγάρων
Θεσσαλονίκη,Διαμέρισμα,139000,75.0,1975.0,1ος,2.0,1.0,Ανακαινισμένο,Εκρεμμεί,0,0,0,1,0,0,0,0,"Θεσσαλονίκη,Ανω Πόλη"
Θεσσαλονίκη,Διαμέρισμα,58000,60.0,1959.0,3ος,1.0,1.0,Άλλη κατάσταση,Ε,1,0,0,1,1,0,0,0,"Θεσσαλονίκη,Ανάληψη"
Θεσσαλονίκη,Διαμέρισμα,205000,103.0,1992.0,1ος,2.0,1.0,Άλλη κατάσταση,Α,1,1,1,1,1,1,0,1,Συκιές
Αττική,Μονοκατοικία,800000,300.0,2000.0,"Ημιυπόγειο,Υπερυψωμένο,1ος",5.0,3.0,Καλή,Γ,1,1,1,1,0,1,0,0,Other
Αττική,Διαμέρισμα,1300000,300.0,1978.0,2ος,4.0,3.0,Ανακαινισμένο,Ζ,1,1,1,1,1,1,0,0,Φιλοθέη
Αττική,Μονοκατοικία,1000000,430.0,2000.0,Ισόγειο,6.0,5.0,Άριστη,Γ,1,1,1,1,0,1,0,0,Other
Αττική,Διαμέρισμα,310000,120.0,1991.0,4ος,3.0,2.0,Καλή,Γ,1,1,1,1,0,0,0,0,Πεντέλη
Αττική,Διαμέρισμα,290000,102.0,1995.0,3ος,2.0,1.0,Άλλη κατάσταση,Εκρεμμεί,1,1,0,0,0,0,0,0,"Καλλιθέα,Τζιτζιφιές"
Αττική,Μονοκατοικία,60000,35.0,1935.0,Ισόγειο,1.0,1.0,Άλλη κατάσταση,Η,0,0,0,0,0,0,0,0,Other
Αττική,Διαμέρισμα,175000,117.0,1978.0,4ος,3.0,1.0,Καλή,Η,0,1,0,0,0,0,0,0,Other
Αττική,Διαμέρισμα,130000,86.0,2010.0,3ος,2.0,1.0,Νεόδμητο,Εκρεμμεί,1,0,0,1,0,0,0,0,"Πέραμα,Κέντρο"
Αττική,Κτίριο,1000000,500.0,2005.0,Ισόγειο,,,,,1,0,0,0,0,0,0,0,Other
Θεσσαλονίκη,Μεζονέτα,350000,200.0,2004.0,Ισόγειο,4.0,1.0,Άριστη,Β,0,1,0,1,0,1,0,0,Πανόραμα
Αττική,Διαμέρισμα,135000,58.0,1963.0,3ος,2.0,1.0,Ανακαινισμένο,,0,0,1,1,0,0,0,0,Other
Αττική,Μονοκατοικία,200000,180.0,1970.0,Ισόγειο,4.0,2.0,Ημιτελές,,1,1,0,0,0,0,0,0,Other
Αττική,Διαμέρισμα,246400,77.0,2021.0,3ος,2.0,1.0,Υπο κατασκευή,Α+,1,0,1,1,1,0,0,0,"Αθήνα,Ιλίσια"
Αττική,Διαμέρισμα,650000,210.0,2010.0,1ος,3.0,2.0,Καλή,Β+,1,0,0,1,0,1,0,0,Ντράφι
Θεσσαλονίκη,Διαμέρισμα,135000,106.0,1977.0,1ος,2.0,1.0,Καλή,Δ,0,0,0,1,0,0,0,0,"Θεσσαλονίκη,Ανω Τούμπα"
Αττική,Διαμέρισμα,300000,170.0,1979.0,"Ισόγειο,1ος",4.0,2.0,Καλή,Ε,1,0,0,0,0,0,0,0,"Κηφισιά,Νέα Κηφισιά"
Θεσσαλονίκη,Μονοκατοικία,174000,156.0,2008.0,Ισόγειο,4.0,1.0,Νεόδμητο,Μη αποδοτικό,1,0,0,0,0,0,0,0,Ωραιόκαστρο
Αττική,Διαμέρισμα,350000,250.0,1980.0,4ος,3.0,1.0,,Δ,0,0,0,0,0,0,0,0,Other
Αττική,Οικία,490000,270.0,2002.0,1ος,6.0,1.0,Καλή,Δ,0,0,0,0,0,0,0,0,"Άνω Λιόσια,Άγιος Γεώργιος"
Αττική,Μεζονέτα,330084,104.0,2021.0,1ος,3.0,2.0,Υπο κατασκευή,Α+,0,0,0,1,0,1,0,0,Other
Θεσσαλονίκη,Μονοκατοικία,350000,310.0,2012.0,Ισόγειο,4.0,2.0,Καλή,Μη αποδοτικό,1,0,0,1,0,1,0,0,Περαία
Αττική,Μεζονέτα,1800000,525.0,2009.0,Ισόγειο,7.0,,Άλλη κατάσταση,Γ,0,0,0,0,0,0,0,0,Εκάλη
Αττική,Διαμέρισμα,200000,106.0,1992.0,1ος,3.0,1.0,Καλή,Δ,1,0,0,0,0,0,0,0,"Λυκόβρυση,Κέντρο"
Αττική,Μονοκατοικία,2450000,960.0,2005.0,Ισόγειο,4.0,2.0,Άριστη,Γ,0,1,1,1,0,0,1,0,Other
Αττική,Διαμέρισμα,220000,75.0,2021.0,1ος,2.0,1.0,Υπο κατασκευή,Β+,1,0,0,1,1,0,0,0,Other
Αττική,Διαμέρισμα,70000,60.0,1980.0,1ος,1.0,1.0,Καλή,Ζ,0,0,0,0,0,0,0,0,"Αθήνα,Τρεις Γέφυρες"
Θεσσαλονίκη,Διαμέρισμα,54000,72.0,1960.0,3ος,2.0,1.0,Καλή,Εκρεμμεί,0,1,1,1,0,0,0,0,"Θεσσαλονίκη,Βαρδάρη"
Θεσσαλονίκη,Διαμέρισμα,500000,125.0,2010.0,1ος,3.0,1.0,Νεόδμητο,Εκρεμμεί,0,1,1,1,0,0,0,0,Συκιές
Θεσσαλονίκη,Διαμέρισμα,98000,53.0,1968.0,1ος,1.0,1.0,Καλή,Β,0,0,1,1,0,0,1,0,"Θεσσαλονίκη,Ανάληψη"
Αττική,Μεζονέτα,490000,230.0,2004.0,Ισόγειο,4.0,3.0,Άριστη,Δ,1,1,1,1,0,1,0,0,Εκάλη
Θεσσαλονίκη,Μεζονέτα,247000,85.0,2022.0,2ος,2.0,2.0,Υπο κατασκευή,Α+,0,0,1,1,0,0,0,0,"Θεσσαλονίκη,Χαριλάου"
Αττική,Διαμέρισμα,135000,62.0,2005.0,4ος,,,Άριστη,Ε,1,0,0,0,0,0,0,0,Other
Αττική,Διαμέρισμα,160000,163.0,1994.0,1ος,3.0,1.0,Καλή,Α,0,1,0,1,0,1,0,0,Ζεφύρι
Θεσσαλονίκη,Διαμέρισμα,56500,21.0,1970.0,2ος,,1.0,Ανακαινισμένο,Ζ,1,0,1,1,0,0,1,1,"Θεσσαλονίκη,Κέντρο"
Αττική,Διαμέρισμα,185000,87.0,1980.0,4ος,2.0,1.0,,Εκρεμμεί,1,1,0,1,1,1,0,0,"Ηράκλειο,Αγία Τριάδα"
Αττική,Διαμέρισμα,160000,60.0,2021.0,1ος,2.0,1.0,Νεόδμητο,Β,1,0,0,1,1,1,0,0,Other
Αττική,Μονοκατοικία,420000,120.0,1990.0,Υπερυψωμένο,3.0,1.0,Ανακαινισμένο,Α,1,1,1,1,0,0,0,0,Ραφήνα
Αττική,Μεζονέτα,600000,130.0,1994.0,"Ισόγειο,1ος,2ος",2.0,2.0,Καλή,Ε,1,1,1,0,0,1,0,0,"Νέα Ερυθραία,Καστρί"
Αττική,Διαμέρισμα,200000,65.0,2021.0,1ος,2.0,1.0,Νεόδμητο,Α,0,1,0,0,0,0,0,0,"Καλλιθέα,ΟΤΕ"
Αττική,Μονοκατοικία,950000,420.0,1976.0,Ισόγειο,8.0,5.0,,,1,1,1,1,0,0,0,0,"Ηράκλειο,Αγία Τριάδα"
Αττική,Διαμέρισμα,100000,100.0,1968.0,4ος,2.0,1.0,Καλή,Ζ,0,0,0,0,0,0,0,0,"Αθήνα,Άγιος Παντελεήμονας"
Αττική,Μονοκατοικία,125000,129.0,1998.0,Ισόγειο,3.0,3.0,Ημιτελές,,0,0,1,0,0,1,0,0,Other
Αττική,Διαμέρισμα,120000,52.0,1967.0,5ος,1.0,1.0,Ανακαινισμένο,Η,0,0,1,1,0,0,0,0,"Αθήνα,Νιρβάνα"
Αττική,Διαμέρισμα,270000,95.0,1974.0,5ος,2.0,1.0,Χρήζει ανακαίνισης,Ζ,1,0,1,0,1,0,0,0,Other
Θεσσαλονίκη,Διαμέρισμα,250000,113.0,1976.0,1ος,3.0,1.0,Καλή,Δ,0,0,1,1,0,0,0,1,"Θεσσαλονίκη,Ανάληψη"
Αττική,Διαμέρισμα,285000,86.0,2022.0,3ος,2.0,1.0,Υπο κατασκευή,Α+,0,1,1,1,0,0,0,0,Other
Αττική,Μονοκατοικία,320000,295.0,1985.0,"Ισόγειο,1ος,2ος",4.0,2.0,Καλή,Δ,0,1,1,1,0,1,0,0,Other
Θεσσαλονίκη,Διαμέρισμα,89000,55.0,2022.0,2ος,1.0,1.0,Υπο κατασκευή,Μη αποδοτικό,1,0,0,1,1,0,0,0,"Θεσσαλονίκη,Ξηροκρήνη"
Αττική,Μονοκατοικία,180000,200.0,1986.0,Ισόγειο,4.0,1.0,Καλή,Γ,1,0,0,0,0,1,0,0,Other
Αττική,Μονοκατοικία,170000,155.0,1974.0,"Ισόγειο,1ος",1.0,1.0,Άριστη,Δ,1,0,0,0,0,1,0,0,Other
Θεσσαλονίκη,Διαμέρισμα,168000,99.0,2020.0,2ος,3.0,2.0,Νεόδμητο,Β+,0,0,1,1,0,1,0,0,Other
Αττική,Διαμέρισμα,200000,116.0,1961.0,4ος,3.0,2.0,,,1,0,1,1,0,0,1,0,"Αθήνα,Αγία Παρασκευή"
Θεσσαλονίκη,Διαμέρισμα,102000,58.0,1980.0,3ος,1.0,1.0,Ανακαινισμένο,Εκρεμμεί,0,0,1,1,0,0,0,1,"Θεσσαλονίκη,Κέντρο"
Αττική,Κτίριο,650000,550.0,1975.0,"Ισόγειο,1ος",,,Καλή,,0,0,0,0,0,0,0,0,Μοσχάτο
Αττική,Διαμέρισμα,211000,80.0,2022.0,5ος,2.0,1.0,Νεόδμητο,Α+,0,0,1,1,0,0,0,0,Other
Αττική,Διαμέρισμα,135000,72.0,1956.0,4ος,2.0,1.0,,Α,1,1,0,1,0,0,1,1,"Αθήνα,Άνω Κυψέλη"
Αττική,Μεζονέτα,675000,382.0,2009.0,"Ισόγειο,1ος,2ος",5.0,3.0,Νεόδμητο,Α,1,0,1,1,0,1,0,0,Εκάλη
Αττική,Διαμέρισμα,250000,160.0,1960.0,1ος,4.0,1.0,Ανακαινισμένο,Ε,1,0,0,0,0,0,0,0,"Αθήνα,Πλατεία Αττικής"
Αττική,Διαμέρισμα,70000,50.0,1978.0,Ισόγειο,1.0,1.0,Άλλη κατάσταση,Α,1,0,0,1,1,0,0,1,"Αθήνα,Άγιος Νικόλαος"
Αττική,Διαμέρισμα,190000,101.0,1967.0,2ος,3.0,2.0,Καλή,Ζ,0,0,0,0,0,0,0,0,Other
Αττική,Μεζονέτα,270000,180.0,2005.0,Ισόγειο,4.0,3.0,Νεόδμητο,,1,1,0,1,0,0,0,0,Καματερό
Θεσσαλονίκη,Διαμέρισμα,130000,70.0,1974.0,3ος,2.0,1.0,Ανακαινισμένο,Η,0,0,1,1,0,0,0,0,"Θεσσαλονίκη,Ανω Τούμπα"
Αττική,Διαμέρισμα,142000,92.0,1978.0,4ος,2.0,1.0,Ανακαινισμένο,Ε,1,1,1,1,0,1,0,0,"Αθήνα,Άνω Κυψέλη"
Αττική,Διαμέρισμα,120000,45.0,1968.0,2ος,1.0,1.0,Ανακαινισμένο,Εκρεμμεί,0,0,0,1,0,0,0,0,"Αθήνα,Παγκράτι"
Αττική,Μεζονέτα,320000,250.0,2008.0,Ισόγειο,3.0,2.0,Άριστη,Δ,0,1,1,1,0,1,0,0,Other
Αττική,Κτίριο,750000,675.0,1997.0,Ισόγειο,,,Καλή,Ζ,1,0,0,0,0,0,0,0,"Αθήνα,Μουσείο"
Θεσσαλονίκη,Μεζονέτα,360000,155.0,2022.0,5ος,3.0,2.0,Νεόδμητο,Α+,1,0,1,1,1,1,0,0,"Θεσσαλονίκη,Ντεπώ"
Αττική,Μεζονέτα,680000,295.0,1991.0,Ισόγειο,5.0,5.0,Άριστη,,1,1,1,1,0,1,0,0,Other
Αττική,Διαμέρισμα,175000,87.0,2004.0,3ος,3.0,1.0,Καλή,Γ,0,1,0,1,0,1,0,0,Σπάτα
Αττική,Διαμέρισμα,145000,74.0,1980.0,4ος,2.0,1.0,Ανακαινισμένο,Ε,0,1,0,1,1,0,0,0,"Καλλιθέα,Λόφος Φιλαρέτου"
Αττική,Μεζονέτα,750000,255.0,2006.0,"2ος,3ος",3.0,,,Δ,1,0,0,1,0,1,0,0,Other
Αττική,Μεζονέτα,800000,350.0,2010.0,"Ισόγειο,1ος,2ος,3ος",3.0,3.0,Άριστη,Γ,1,0,0,1,0,1,0,0,"Νέα Ερυθραία,Μορτερό"
Αττική,Διαμέρισμα,37000,36.0,1965.0,Ισόγειο,1.0,1.0,Καλή,Ζ,0,0,0,0,0,0,0,0,"Αθήνα,Πλατεία Αμερικής"
Αττική,Μονοκατοικία,350000,213.0,1971.0,Ισόγειο,4.0,,Καλή,Γ,0,0,0,0,0,0,0,0,Νέα Πέραμος
Αττική,Κτίριο,2100000,950.0,2000.0,Ισόγειο,22.0,8.0,Καλή,Δ,1,0,0,1,0,1,0,0,Other
Θεσσαλονίκη,Διαμέρισμα,160000,64.0,2011.0,1ος,1.0,1.0,Καλή,Β,0,0,1,1,0,0,0,0,"Θεσσαλονίκη,Κέντρο"
Αττική,Διαμέρισμα,250000,117.0,1955.0,2ος,3.0,,,Ζ,0,0,1,0,0,0,0,0,Other
Αττική,Διαμέρισμα,250000,190.0,1965.0,4ος,3.0,2.0,Ανακαινισμένο,Η,1,0,1,1,1,1,0,0,"Αθήνα,Πλατεία Βικτωρίας"
Αττική,Διαμέρισμα,60000,38.0,1967.0,3ος,1.0,1.0,Ανακαινισμένο,Η,1,0,1,1,0,0,0,1,"Αθήνα,Κυψέλη"
Θεσσαλονίκη,Διαμέρισμα,350000,130.0,2022.0,1ος,3.0,1.0,Άριστη,Β+,1,1,1,1,1,1,0,0,Καλαμαριά
Αττική,Διαμέρισμα,48000,52.0,1963.0,Ημιυπόγειο,1.0,1.0,Ανακαινισμένο,Δ,0,0,0,0,0,0,0,1,Other
Αττική,Διαμέρισμα,160000,150.0,1970.0,Ισόγειο,3.0,2.0,Ανακαινισμένο,Γ,1,0,0,1,0,0,0,0,Other
Αττική,Κτίριο,300000,160.0,1960.0,Ισόγειο,,,Καλή,Ε,1,0,0,0,0,0,0,0,"Καλλιθέα,ΟΤΕ"
Θεσσαλονίκη,Διαμέρισμα,135000,98.0,1975.0,1ος,2.0,1.0,Ανακαινισμένο,Η,0,0,1,1,0,0,0,0,"Θεσσαλονίκη,Ντεπώ"
Αττική,Διαμέρισμα,550000,123.0,2022.0,7ος,3.0,2.0,Νεόδμητο,Α,0,0,0,1,0,1,0,0,"Νέα Σμύρνη,Χρυσάκη"
Αττική,Μονοκατοικία,800000,301.0,2018.0,Ισόγειο,4.0,2.0,Νεόδμητο,Α,1,1,1,1,1,1,0,0,Μοσχάτο
Αττική,Μονοκατοικία,65000,63.0,1978.0,Ισόγειο,2.0,,Χρήζει ανακαίνισης,Ζ,0,0,0,0,0,0,0,0,Παλλήνη
Θεσσαλονίκη,Διαμέρισμα,90000,58.0,1970.0,Ημιώροφος,2.0,1.0,Ανακαινισμένο,Ζ,0,0,1,1,0,0,0,0,"Θεσσαλονίκη,Φάληρο"
Αττική,Διαμέρισμα,120000,84.0,1971.0,1ος,2.0,1.0,Καλή,Δ,0,0,1,1,0,0,0,0,"Κορυδαλλός,Πλατεία Ελευθερίας"
Αττική,Διαμέρισμα,129000,100.0,1981.0,1ος,3.0,1.0,Καλή,Ζ,0,0,0,0,0,1,0,0,Other
Αττική,Μονοκατοικία,400000,200.0,1961.0,Ισόγειο,4.0,2.0,,,1,1,0,1,0,0,0,0,Other
Αττική,Μεζονέτα,350000,230.0,1998.0,Ισόγειο,4.0,2.0,Άριστη,Δ,1,0,0,1,0,1,0,0,Δροσιά
Θεσσαλονίκη,Διαμέρισμα,240000,95.0,2022.0,1ος,2.0,1.0,Νεόδμητο,Α+,1,0,0,1,1,0,0,0,Καλαμαριά
Αττική,Διαμέρισμα,150000,81.0,2005.0,Ισόγειο,2.0,1.0,Καλή,Γ,0,1,0,0,0,0,0,0,"Νέα Ιωνία,Περισσός"
Αττική,Μεζονέτα,160000,400.0,2000.0,Ισόγειο,4.0,2.0,Ημιτελές,,0,0,0,0,0,0,0,0,Ραφήνα
Θεσσαλονίκη,Διαμέρισμα,75000,65.0,2007.0,1ος,2.0,1.0,Καλή,Εκρεμμεί,0,0,0,1,0,0,0,0,Ευκαρπία
Αττική,Διαμέρισμα,400000,89.0,1977.0,1ος,1.0,1.0,Καλή,Εκρεμμεί,0,1,1,0,0,1,0,0,Φιλοθέη
Θεσσαλονίκη,Μονοκατοικία,185000,175.0,2004.0,"Ισόγειο,1ος,2ος",3.0,2.0,Άριστη,Μη αποδοτικό,1,0,1,1,0,0,1,0,Other
Θεσσαλονίκη,Διαμέρισμα,106000,81.0,1970.0,5ος,2.0,1.0,,Μη αποδοτικό,0,0,0,1,0,0,0,0,"Θεσσαλονίκη,Βαρδάρη"
Αττική,Διαμέρισμα,650000,270.0,1989.0,2ος,3.0,2.0,,,1,0,0,1,0,1,0,0,"Κηφισιά,Πολιτεία"
Αττική,Μεζονέτα,600000,470.0,1992.0,"Ισόγειο,1ος,2ος",5.0,5.0,Άριστη,Δ,0,0,0,0,0,1,0,0,"Λυκόβρυση,Κέντρο"
Θεσσαλονίκη,Μεζονέτα,260000,168.0,2007.0,Ισόγειο,3.0,2.0,Άλλη κατάσταση,Γ,0,0,0,1,0,1,0,0,Other
Αττική,Διαμέρισμα,270000,214.0,1980.0,1ος,,1.0,Άριστη,Ε,1,0,1,0,0,1,0,0,Παιανία
Αττική,Διαμέρισμα,150000,96.0,1974.0,1ος,3.0,1.0,Καλή,Ζ,0,1,1,1,0,1,0,0,Other
Αττική,Διαμέρισμα,250000,72.0,1972.0,1ος,2.0,1.0,Ανακαινισμένο,Δ,1,0,1,1,0,0,0,0,"Αθήνα,Ιλίσια"
Αττική,Διαμέρισμα,135000,117.0,1983.0,3ος,2.0,1.0,Καλή,,0,0,0,0,0,0,0,0,"Αθήνα,Τρεις Γέφυρες"
Αττική,Μεζονέτα,470000,109.0,2022.0,"2ος,3ος",3.0,1.0,Νεόδμητο,Α,1,1,1,1,1,1,0,0,Other
Θεσσαλονίκη,Διαμέρισμα,55000,63.0,1966.0,2ος,2.0,1.0,Καλή,Ε,0,0,0,1,0,0,0,0,Συκιές
Αττική,Διαμέρισμα,350000,131.0,1981.0,4ος,3.0,1.0,Ανακαινισμένο,Εκρεμμεί,0,0,0,1,0,1,0,0,Other
Αττική,Μονοκατοικία,115000,52.0,1978.0,Ισόγειο,1.0,1.0,Ανακαινισμένο,,0,1,1,0,0,1,1,0,Other
Αττική,Μεζονέτα,870000,300.0,2013.0,Ισόγειο,4.0,2.0,Υπο κατασκευή,Β+,1,0,0,0,0,0,0,0,Other
Αττική,Μονοκατοικία,450000,120.0,1963.0,Ισόγειο,2.0,1.0,Χρήζει ανακαίνισης,Η,0,0,0,0,0,0,0,0,"Νέο Ψυχικό,Πλατεία Ελευθερίας"
Αττική,Διαμέρισμα,180000,124.0,1968.0,5ος,2.0,1.0,Ανακαινισμένο,Δ,1,0,1,1,1,0,0,0,Other
Θεσσαλονίκη,Διαμέρισμα,160000,122.0,1970.0,1ος,3.0,1.0,,,1,0,0,1,0,0,1,1,"Θεσσαλονίκη,Φάληρο"
Θεσσαλονίκη,Μονοκατοικία,360000,210.0,2022.0,Ισόγειο,4.0,2.0,,Β+,0,1,0,1,0,1,0,0,Other
Αττική,Διαμέρισμα,70000,82.0,1965.0,1ος,1.0,1.0,Καλή,Εκρεμμεί,1,0,0,0,0,0,0,0,"Αθήνα,Άγιος Νικόλαος"
Αττική,Μονοκατοικία,750000,340.0,1998.0,Ισόγειο,4.0,3.0,,,1,1,1,1,0,0,1,0,Other
Αττική,Διαμέρισμα,90000,70.0,1977.0,1ος,2.0,1.0,,Η,1,0,0,0,0,0,0,0,"Καλλιθέα,ΟΤΕ"
Αττική,Διαμέρισμα,69000,34.0,1978.0,2ος,1.0,1.0,Χρήζει ανακαίνισης,Ζ,0,1,1,1,0,0,0,0,"Καλλιθέα,Κέντρο"
Αττική,Διαμέρισμα,150000,165.0,1970.0,2ος,6.0,,Καλή,Ε,0,0,0,0,0,0,0,1,Other
Αττική,Διαμέρισμα,400000,320.0,1965.0,"1ος,2ος,3ος",4.0,1.0,Ανακαινισμένο,Ε,1,1,0,0,0,0,0,0,"Αθήνα,Άγιος Νικόλαος"
Αττική,Διαμέρισμα,65000,54.0,1975.0,4ος,1.0,1.0,Ανακαινισμένο,Ζ,0,0,0,0,0,0,0,0,"Αθήνα,Άγιος Παντελεήμονας"
Αττική,Διαμέρισμα,115000,74.0,2005.0,1ος,3.0,1.0,Άριστη,Γ,1,1,1,1,0,0,0,0,Other
Θεσσαλονίκη,Διαμέρισμα,99000,80.0,1972.0,2ος,2.0,1.0,Καλή,Ε,0,0,0,1,0,0,1,0,Other
Αττική,Διαμέρισμα,250000,70.0,1983.0,1ος,2.0,1.0,,,1,0,0,1,0,0,1,0,Other
Αττική,Διαμέρισμα,225000,94.0,2008.0,3ος,2.0,1.0,Άριστη,,1,0,0,1,0,1,0,0,Ραφήνα
Θεσσαλονίκη,Διαμέρισμα,420000,135.0,2022.0,5ος,3.0,1.0,Άριστη,Β+,0,1,1,1,0,0,0,0,"Θεσσαλονίκη,Φάληρο"
Αττική,Διαμέρισμα,70000,35.0,1976.0,2ος,1.0,1.0,Καλή,Δ,0,0,0,0,0,0,0,1,Other
Αττική,Διαμέρισμα,100000,76.0,1975.0,4ος,2.0,1.0,Νεόδμητο,,1,1,1,1,0,0,0,1,"Αθήνα,Πλατεία Αττικής"
Αττική,Διαμέρισμα,420000,182.0,2008.0,2ος,3.0,3.0,Άλλη κατάσταση,Γ,1,0,0,1,0,1,0,0,"Νέα Ερυθραία,Καστρί"
Αττική,Μονοκατοικία,70000,50.0,1992.0,Ισόγειο,2.0,1.0,,,0,1,1,0,0,0,0,0,Παιανία
Θεσσαλονίκη,Διαμέρισμα,82000,45.0,1985.0,3ος,1.0,1.0,Ανακαινισμένο,Γ,0,0,1,1,0,0,1,1,"Θεσσαλονίκη,Παπάφειο"
Αττική,Διαμέρισμα,147000,55.0,,1ος,1.0,1.0,Υπο κατασκευή,Β,1,0,0,1,0,0,0,0,Μοσχάτο
Αττική,Οικία,320000,150.0,,Ισόγειο,4.0,,Άλλη κατάσταση,,0,0,0,0,0,0,0,0,Other
Αττική,Μονοκατοικία,70000,100.0,1970.0,Υπερυψωμένο,3.0,,Χρήζει ανακαίνισης,Η,0,0,0,0,0,0,0,0,Άρτεμις
Αττική,Διαμέρισμα,150000,81.0,2009.0,Ισόγειο,2.0,1.0,Νεόδμητο,Β,1,0,0,1,0,0,0,0,"Νέα Ιωνία,Περισσός"
Αττική,Διαμέρισμα,40000,47.0,1967.0,Ημιυπόγειο,2.0,1.0,Χρήζει ανακαίνισης,Η,0,0,0,0,0,0,0,0,"Αθήνα,Κάτω Πετράλωνα"
Αττική,Μεζονέτα,850000,300.0,1996.0,"Ισόγειο,1ος",3.0,3.0,Καλή,Δ,0,0,0,0,0,1,0,0,"Νέα Ερυθραία,Καστρί"
Θεσσαλονίκη,Μεζονέτα,900000,305.0,1995.0,Ισόγειο,5.0,3.0,Άλλη κατάσταση,Ζ,0,0,0,1,0,1,0,0,Πανόραμα
Αττική,Διαμέρισμα,170000,42.0,2021.0,6ος,1.0,1.0,Νεόδμητο,Μη αποδοτικό,1,0,0,1,1,0,0,0,"Αθήνα,Νέος Κόσμος"
Αττική,Μεζονέτα,275400,102.0,2012.0,"3ος,4ος",2.0,1.0,Νεόδμητο,Β,0,1,0,1,0,1,0,0,"Καλλιθέα,ΟΤΕ"
Αττική,Διαμέρισμα,490000,97.0,2022.0,3ος,3.0,1.0,Νεόδμητο,Α+,1,1,0,1,0,0,0,0,"Καλλιθέα,Τζιτζιφιές"
Θεσσαλονίκη,Διαμέρισμα,83000,45.0,1975.0,2ος,1.0,1.0,Ανακαινισμένο,Γ,0,0,1,1,0,0,1,0,"Θεσσαλονίκη,Χαριλάου"
Αττική,Διαμέρισμα,150000,80.0,1970.0,1ος,1.0,1.0,Καλή,Η,0,0,0,0,0,0,0,0,Other
Αττική,Μονοκατοικία,850000,250.0,2005.0,"Ισόγειο,1ος",3.0,3.0,Άριστη,Γ,1,0,1,0,0,1,0,0,Άρτεμις
Αττική,Κτίριο,650000,320.0,2008.0,"Ημιυπόγειο,1ος,2ος",5.0,2.0,Υπο κατασκευή,,0,0,0,0,0,0,0,0,"Άλιμος,Καλαμάκι"
Θεσσαλονίκη,Μονοκατοικία,500000,300.0,2000.0,Ισόγειο,4.0,3.0,Καλή,Α,0,1,1,1,0,1,0,0,Other
Αττική,Μεζονέτα,280000,90.0,,"6ος,7ος",2.0,1.0,,Δ,0,1,0,0,0,0,0,0,Other
Αττική,Μονοκατοικία,900000,420.0,2005.0,"Ισόγειο,1ος,2ος",6.0,4.0,Άριστη,Γ,1,0,1,1,0,1,0,0,"Κηφισιά,Κεφαλάρι"
Αττική,Διαμέρισμα,170000,115.0,2005.0,2ος,3.0,2.0,Άριστη,Β,1,1,1,1,0,1,0,0,"Άνω Λιόσια,Δροσούπολη"
Αττική,Διαμέρισμα,135000,45.0,2022.0,1ος,1.0,1.0,Νεόδμητο,Α,0,0,0,1,0,0,0,0,Other
Αττική,Διαμέρισμα,74000,74.0,1967.0,2ος,2.0,1.0,Καλή,Η,0,0,0,0,0,0,0,0,"Αθήνα,Άνω Πατήσια"
Αττική,Μεζονέτα,1600000,350.0,2006.0,Ισόγειο,,,Άριστη,Β,1,0,1,1,0,1,0,0,"Κηφισιά,Νέα Κηφισιά"
Αττική,Διαμέρισμα,220000,77.0,1984.0,2ος,2.0,1.0,Άριστη,Ε,0,0,1,0,0,0,0,0,Other
Αττική,Διαμέρισμα,51000,26.0,1978.0,3ος,1.0,1.0,Άριστη,Δ,1,1,1,0,0,0,0,0,"Καλλιθέα,Κέντρο"
Αττική,Διαμέρισμα,1950000,305.0,,1ος,3.0,2.0,Καλή,Εκρεμμεί,0,0,0,0,0,0,0,0,"Αθήνα,Κολωνάκι"
Αττική,Διαμέρισμα,85000,37.0,2009.0,6ος,1.0,1.0,Νεόδμητο,Β,1,0,0,1,0,0,0,1,Other
Αττική,Μονοκατοικία,1700000,450.0,2004.0,1ος,4.0,3.0,Άριστη,Δ,1,0,0,1,0,1,0,0,"Κηφισιά,Πολιτεία"
Θεσσαλονίκη,Οικία,120000,300.0,1990.0,Ημιώροφος,8.0,5.0,Υπο κατασκευή,Μη αποδοτικό,0,0,0,0,0,0,0,0,Other
Αττική,Διαμέρισμα,330000,104.0,2021.0,3ος,3.0,1.0,Νεόδμητο,Α+,1,1,1,1,1,1,0,0,Μοσχάτο
Αττική,Διαμέρισμα,139000,110.0,1960.0,4ος,2.0,1.0,,Ε,0,0,1,1,0,0,1,0,"Αθήνα,Άγιος Παντελεήμονας"
Θεσσαλονίκη,Διαμέρισμα,50000,42.0,1999.0,2ος,1.0,1.0,Καλή,Εκρεμμεί,0,0,0,1,0,0,0,0,Περαία
Αττική,Διαμέρισμα,134000,79.0,1968.0,2ος,1.0,1.0,Καλή,Η,0,0,0,1,0,0,0,0,"Αθήνα,Πλατεία Αττικής"
Αττική,Διαμέρισμα,258000,86.0,2022.0,3ος,2.0,1.0,Νεόδμητο,Β,0,0,0,1,0,0,0,0,Other
Αττική,Διαμέρισμα,35000,40.0,1988.0,1ος,1.0,,Άλλη κατάσταση,Ζ,0,0,0,0,0,0,0,0,Ζεφύρι
Αττική,Μονοκατοικία,120000,100.0,,,2.0,1.0,Καλή,Εκρεμμεί,0,0,1,0,0,1,0,0,Νέα Πέραμος
Αττική,Διαμέρισμα,287000,95.0,2022.0,2ος,3.0,1.0,Νεόδμητο,Α,0,0,0,1,0,1,0,0,"Νέα Ιωνία,Σαφράμπολη"
Αττική,Μονοκατοικία,295000,156.0,2004.0,"Ισόγειο,1ος",2.0,1.0,Άριστη,Γ,1,0,1,0,0,1,0,0,Other
Αττική,Κτίριο,550000,500.0,1970.0,Ισόγειο,1.0,1.0,Καλή,Η,0,0,0,0,0,0,0,0,"Αθήνα,Άγιος Νικόλαος"
Αττική,Διαμέρισμα,99000,135.0,1965.0,2ος,3.0,1.0,Καλή,,1,0,1,1,1,0,0,0,"Αθήνα,Πλατεία Αμερικής"
Θεσσαλονίκη,Διαμέρισμα,105000,70.0,1967.0,2ος,1.0,1.0,Καλή,Εξαιρείται,0,0,0,1,0,0,0,1,"Θεσσαλονίκη,Φάληρο"
Αττική,Διαμέρισμα,260000,85.0,2012.0,1ος,,,Καλή,Β+,1,0,0,0,0,1,0,0,"Μαρούσι,Νέο Τέρμα"
Αττική,Διαμέρισμα,130000,116.0,1960.0,3ος,3.0,1.0,Ανακαινισμένο,Εκρεμμεί,1,0,0,1,1,0,0,0,"Αθήνα,Άγιος Παντελεήμονας"
Αττική,Διαμέρισμα,92000,54.0,1965.0,1ος,1.0,1.0,Χρήζει ανακαίνισης,Μη αποδοτικό,0,0,1,1,0,0,0,0,"Αθήνα,Γκύζη"
Αττική,Διαμέρισμα,250000,100.0,2000.0,4ος,3.0,1.0,Καλή,Δ,0,0,0,1,0,1,0,0,"Παλλήνη,Κέντρο"
Αττική,Διαμέρισμα,48000,75.0,2000.0,3ος,2.0,,Ημιτελές,,0,0,0,0,0,0,0,0,"Αθήνα,Ακαδημία Πλάτωνος"
Αττική,Μονοκατοικία,650000,200.0,1930.0,Ημιώροφος,,,Χρήζει ανακαίνισης,Μη αποδοτικό,0,0,0,0,0,0,0,0,Other
Αττική,Κτίριο,55000,210.0,2018.0,Ισόγειο,,,,Εκρεμμεί,0,0,0,0,0,0,0,0,"Άνω Λιόσια,Άγιος Γεώργιος"
Αττική,Διαμέρισμα,190000,100.0,2007.0,1ος,3.0,1.0,Καλή,Δ,0,0,0,1,0,1,0,0,Other
Θεσσαλονίκη,Διαμέρισμα,60000,71.0,2004.0,Ημιυπόγειο,2.0,1.0,Άριστη,Δ,0,0,0,1,0,0,0,0,Other
Θεσσαλονίκη,Διαμέρισμα,118000,117.0,1976.0,Ημιώροφος,3.0,1.0,Καλή,Δ,0,0,0,1,0,0,0,0,"Θεσσαλονίκη,Χαριλάου"
Αττική,Μονοκατοικία,800000,287.0,2008.0,"Ισόγειο,1ος,2ος,3ος",5.0,4.0,Άλλη κατάσταση,Εκρεμμεί,0,0,0,0,0,0,0,0,Other
Αττική,Διαμέρισμα,76000,93.0,1960.0,Ημιώροφος,2.0,1.0,Χρήζει ανακαίνισης,Η,0,0,0,0,0,0,0,0,Other
Αττική,Διαμέρισμα,230000,86.0,1987.0,3ος,2.0,1.0,Ανακαινισμένο,Β+,0,1,0,0,0,0,0,0,Other
Αττική,Διαμέρισμα,320000,80.0,2022.0,5ος,1.0,1.0,Νεόδμητο,Α,0,0,0,1,0,0,0,0,"Αθήνα,Παγκράτι"
Αττική,Διαμέρισμα,300000,85.0,2005.0,2ος,,1.0,Νεόδμητο,Α+,1,1,0,1,0,0,0,0,"Αθήνα,Κάτω Πετράλωνα"
Θεσσαλονίκη,Διαμέρισμα,62000,60.0,2010.0,Ημιώροφος,2.0,1.0,Καλή,Γ,0,0,0,1,0,0,0,0,Other
Αττική,Διαμέρισμα,80000,52.0,1961.0,2ος,1.0,1.0,Καλή,Ζ,0,0,0,1,0,0,0,0,"Αθήνα,Άγιος Παντελεήμονας"
Αττική,Μεζονέτα,250000,86.0,2009.0,1ος,2.0,1.0,,Β+,1,1,0,1,1,1,0,0,Other
Αττική,Διαμέρισμα,49000,50.0,1980.0,Ισόγειο,1.0,1.0,Άριστη,Δ,0,0,0,0,0,0,0,0,Other
Θεσσαλονίκη,Διαμέρισμα,330000,116.0,2022.0,3ος,3.0,1.0,Υπο κατασκευή,Α,1,0,0,1,1,1,0,0,"Θεσσαλονίκη,Πυλαία"
Αττική,Διαμέρισμα,80000,92.0,2006.0,2ος,3.0,1.0,Άλλη κατάσταση,Δ,1,0,0,0,0,0,0,0,"Άνω Λιόσια,Άγιος Ιωάννης Θεολόγος"
Θεσσαλονίκη,Μονοκατοικία,490000,300.0,2009.0,"Ισόγειο,1ος,2ος,3ος",,,Νεόδμητο,Η,0,0,0,0,0,0,0,0,"Θεσσαλονίκη,Ανω Πόλη"
Αττική,Μονοκατοικία,1500000,520.0,2005.0,"Ισόγειο,1ος,2ος",4.0,,Άριστη,Β+,1,1,1,1,0,1,1,0,Other
Αττική,Διαμέρισμα,610000,134.0,2022.0,5ος,3.0,1.0,Υπο κατασκευή,Α+,0,0,0,1,0,0,0,0,Other
Αττική,Διαμέρισμα,300000,180.0,1970.0,"Ισόγειο,1ος",3.0,1.0,Άριστη,Ε,1,0,0,0,1,1,0,0,"Άλιμος,Καλαμάκι"
Αττική,Μεζονέτα,1100000,515.0,2002.0,Ισόγειο,6.0,2.0,Νεόδμητο,Γ,1,0,1,0,0,1,0,0,Εκάλη
Αττική,Μονοκατοικία,780000,330.0,2000.0,Ισόγειο,3.0,3.0,Άριστη,Εκρεμμεί,1,0,1,1,0,1,0,0,Other
Αττική,Διαμέρισμα,165000,64.0,1971.0,Υπόγειο,1.0,1.0,,Β,0,0,0,0,0,0,0,0,"Αθήνα,Λυκαβηττός"
Αττική,Διαμέρισμα,195000,105.0,,1ος,3.0,,Καλή,,0,0,0,0,0,0,0,0,Other
Αττική,Διαμέρισμα,340000,94.0,2021.0,3ος,2.0,1.0,Υπο κατασκευή,Α,1,0,0,1,1,1,0,0,Other
Αττική,Διαμέρισμα,283440,89.0,2022.0,2ος,3.0,1.0,Υπο κατασκευή,Α+,1,0,0,0,0,0,0,0,"Πεύκη,Άνω Πεύκη"
Αττική,Μονοκατοικία,560000,225.0,2006.0,Ισόγειο,5.0,4.0,Άριστη,Α+,1,1,1,1,0,1,0,0,Other
Αττική,Διαμέρισμα,118000,71.0,1970.0,5ος,2.0,1.0,Ανακαινισμένο,Ζ,1,0,0,1,0,0,0,1,Other
Αττική,Μονοκατοικία,100000,60.0,,Ισόγειο,1.0,1.0,Χρήζει ανακαίνισης,,0,0,0,0,0,0,0,0,Σαλαμίνα
Αττική,Διαμέρισμα,530000,100.0,1970.0,2ος,3.0,1.0,Ανακαινισμένο,Β,1,0,1,1,0,0,0,0,"Αθήνα,Λυκαβηττός"
Αττική,Κτίριο,890000,520.0,1989.0,Ισόγειο,,,Χρήζει ανακαίνισης,Η,0,0,0,1,0,0,0,0,"Καλλιθέα,ΟΤΕ"
Αττική,Διαμέρισμα,320000,81.0,2022.0,2ος,2.0,,Καλή,Β,0,1,0,1,1,0,0,0,"Λυκόβρυση,Κέντρο"
Αττική,Μεζονέτα,565000,137.0,2021.0,Ισόγειο,3.0,1.0,Νεόδμητο,Α,1,1,1,1,1,1,0,0,"Νέο Ψυχικό,Πλατεία Ελευθερίας"
Θεσσαλονίκη,Διαμέρισμα,390000,135.0,2022.0,6ος,3.0,1.0,Άριστη,Β+,0,0,0,1,0,1,0,0,"Θεσσαλονίκη,Ανω Τούμπα"
Αττική,Μονοκατοικία,165000,130.0,1986.0,Ισόγειο,2.0,1.0,Άριστη,Εκρεμμεί,1,0,0,1,0,1,1,0,Other
Αττική,Μονοκατοικία,160000,110.0,1970.0,Ισόγειο,3.0,2.0,Καλή,Δ,1,1,0,0,0,0,0,0,Παλλήνη
Αττική,Μεζονέτα,550000,180.0,2007.0,2ος,3.0,,Άλλη κατάσταση,Γ,0,0,0,0,0,0,0,0,"Νέα Ερυθραία,Καστρί"
Θεσσαλονίκη,Διαμέρισμα,67000,95.0,1969.0,2ος,3.0,,,Μη αποδοτικό,0,0,1,0,0,0,0,0,Συκιές
Αττική,Διαμέρισμα,125000,83.0,1970.0,2ος,2.0,1.0,Καλή,Ζ,1,0,0,0,0,0,0,0,"Καλλιθέα,Κέντρο"
Θεσσαλονίκη,Διαμέρισμα,53000,40.0,1957.0,4ος,1.0,1.0,Καλή,Β,0,0,1,1,0,0,0,1,"Θεσσαλονίκη,Βαρδάρη"
Αττική,Διαμέρισμα,180000,86.0,2005.0,1ος,2.0,1.0,Καλή,Α+,0,0,0,1,0,0,0,0,Καματερό
Αττική,Διαμέρισμα,85000,67.0,1960.0,1ος,2.0,1.0,Καλή,Ζ,1,0,0,1,0,0,0,0,"Αθήνα,Κυψέλη"
Θεσσαλονίκη,Διαμέρισμα,192000,75.0,1975.0,3ος,2.0,1.0,,Μη αποδοτικό,1,0,1,0,1,0,0,0,"Θεσσαλονίκη,Κέντρο"
Αττική,Διαμέρισμα,180000,71.0,2021.0,1ος,2.0,1.0,Νεόδμητο,Γ,1,0,0,1,0,0,0,1,Other
Αττική,Διαμέρισμα,90000,90.0,2008.0,1ος,2.0,1.0,Καλή,Δ,1,0,0,0,0,0,0,0,"Άνω Λιόσια,Δροσούπολη"
Αττική,Μονοκατοικία,800000,530.0,2003.0,Ισόγειο,8.0,4.0,Νεόδμητο,,1,0,0,1,0,0,0,0,Ντράφι
Αττική,Διαμέρισμα,45000,53.0,1978.0,Υπόγειο,1.0,,Καλή,Εκρεμμεί,0,0,0,1,0,0,0,0,Other
Θεσσαλονίκη,Μονοκατοικία,300000,215.0,1997.0,Ισόγειο,4.0,2.0,Καλή,Εκρεμμεί,0,0,0,0,0,1,0,0,Other
Αττική,Διαμέρισμα,460000,195.0,2001.0,2ος,4.0,1.0,Άριστη,Δ,1,1,1,1,0,1,0,0,Other
Θεσσαλονίκη,Μεζονέτα,160000,200.0,1996.0,1ος,3.0,1.0,Καλή,Β+,0,0,1,0,0,1,0,0,Περαία
Θεσσαλονίκη,Μονοκατοικία,120000,140.0,1996.0,Ισόγειο,5.0,2.0,,,0,0,1,0,0,0,1,0,Other
Αττική,Κτίριο,1300000,400.0,2008.0,"Ισόγειο,1ος,2ος,3ος",6.0,6.0,Νεόδμητο,Β,1,1,1,1,0,1,0,0,"Νέο Ψυχικό,Πλατεία Ελευθερίας"
Αττική,Μεζονέτα,450000,142.0,2004.0,Ισόγειο,6.0,3.0,Άριστη,Εκρεμμεί,1,0,1,1,0,1,1,0,Other
Αττική,Μονοκατοικία,285000,230.0,1960.0,Ισόγειο,4.0,3.0,Καλή,Η,1,0,0,0,0,0,0,0,Other
Θεσσαλονίκη,Διαμέρισμα,260000,100.0,2017.0,1ος,3.0,2.0,Νεόδμητο,Γ,0,0,0,1,0,1,0,0,Πυλαία
Θεσσαλονίκη,Διαμέρισμα,65000,90.0,1975.0,1ος,2.0,1.0,Χρήζει ανακαίνισης,Ζ,0,0,0,0,0,0,1,0,Other
Αττική,Διαμέρισμα,74000,95.0,1974.0,Ισόγειο,2.0,1.0,Καλή,Ζ,0,0,1,0,0,1,0,0,"Πέραμα,Κέντρο"
Αττική,Κτίριο,980000,400.0,2006.0,Ισόγειο,6.0,3.0,Νεόδμητο,Δ,1,1,1,1,0,0,0,0,Other
Θεσσαλονίκη,Διαμέρισμα,36000,32.0,1967.0,Ημιυπόγειο,1.0,1.0,Καλή,Β,0,0,1,1,0,0,0,1,"Θεσσαλονίκη,Κέντρο"
Αττική,Διαμέρισμα,144000,104.0,1983.0,5ος,3.0,1.0,Άριστη,Ε,0,1,1,1,0,0,0,0,"Αθήνα,Τρεις Γέφυρες"
Αττική,Διαμέρισμα,140000,56.0,2007.0,1ος,1.0,1.0,Άριστη,Δ,1,0,0,1,0,0,0,1,"Καλλιθέα,Τζιτζιφιές"
Αττική,Διαμέρισμα,180000,58.0,1978.0,4ος,1.0,1.0,,,1,1,1,1,0,0,0,1,"Καλλιθέα,Χρυσάκη"
Αττική,Διαμέρισμα,95000,78.0,1950.0,1ος,3.0,1.0,Καλή,Η,0,0,0,0,0,0,0,0,Other
Αττική,Μεζονέτα,165000,174.0,,"Ισόγειο,1ος",,,,,0,0,0,0,0,0,0,0,Other
Αττική,Διαμέρισμα,190000,130.0,2000.0,2ος,3.0,1.0,Άριστη,Δ,1,0,0,0,0,0,0,0,Other
Αττική,Μεζονέτα,360000,216.0,2007.0,3ος,3.0,2.0,,,1,1,1,1,0,0,0,0,Other
Θεσσαλονίκη,Διαμέρισμα,52000,60.0,1970.0,Ημιώροφος,1.0,1.0,Άλλη κατάσταση,Α,1,0,0,1,0,0,0,1,"Θεσσαλονίκη,Παπάφειο"
Αττική,Διαμέρισμα,400000,118.0,2021.0,1ος,3.0,1.0,Νεόδμητο,,1,1,1,1,0,0,0,0,Other
Θεσσαλονίκη,Μονοκατοικία,380000,260.0,1998.0,Υπερυψωμένο,6.0,4.0,Άριστη,Γ,1,0,0,1,0,1,0,0,Πυλαία
Αττική,Διαμέρισμα,465000,142.0,1970.0,Υπερυψωμένο,4.0,1.0,Καλή,Η,0,0,0,1,1,0,0,0,"Αθήνα,Κολωνάκι"
Θεσσαλονίκη,Διαμέρισμα,160000,135.0,1979.0,2ος,2.0,1.0,Ανακαινισμένο,Δ,0,0,0,1,0,0,0,0,Καλαμαριά
Θεσσαλονίκη,Διαμέρισμα,120000,50.0,1965.0,2ος,1.0,1.0,Άριστη,Β,0,0,1,1,0,0,0,0,"Θεσσαλονίκη,Κέντρο"
Θεσσαλονίκη,Διαμέρισμα,224000,96.0,2000.0,2ος,3.0,1.0,Καλή,Μη αποδοτικό,0,0,0,0,0,0,0,0,Καλαμαριά
Θεσσαλονίκη,Διαμέρισμα,325000,127.0,2022.0,2ος,3.0,1.0,Υπο κατασκευή,Α+,0,0,1,1,0,1,0,0,Πυλαία
Αττική,Μονοκατοικία,230000,77.0,1962.0,Ισόγειο,2.0,1.0,Άλλη κατάσταση,Η,1,0,0,0,0,0,0,0,Other
Αττική,Διαμέρισμα,150000,93.0,1972.0,2ος,2.0,2.0,Καλή,Εκρεμμεί,1,0,0,0,0,0,0,0,Μοσχάτο
Θεσσαλονίκη,Μονοκατοικία,189000,212.0,1989.0,1ος,2.0,1.0,Καλή,Μη αποδοτικό,1,0,1,1,0,1,0,0,Other
Αττική,Διαμέρισμα,800000,80.0,1975.0,5ος,2.0,1.0,Ανακαινισμένο,Β,0,0,1,1,0,0,0,0,Other
Αττική,Διαμέρισμα,415000,85.0,2022.0,4ος,2.0,1.0,Νεόδμητο,Α+,1,0,0,0,0,0,0,0,"Μαρούσι,Νέο Τέρμα"
Αττική,Μονοκατοικία,90000,1150.0,2012.0,Υπερυψωμένο,2.0,1.0,Ανακαινισμένο,Γ,0,0,0,0,0,0,0,0,Νέα Πέραμος
Αττική,Μονοκατοικία,350000,361.0,2009.0,Ισόγειο,,,Καλή,Εκρεμμεί,1,0,0,0,0,1,0,0,Σπάτα
Αττική,Διαμέρισμα,200000,47.0,2022.0,1ος,1.0,1.0,Καλή,Β,0,1,0,1,0,0,0,0,"Λυκόβρυση,Κέντρο"
Θεσσαλονίκη,Διαμέρισμα,152000,102.0,2010.0,1ος,2.0,2.0,Καλή,Ε,0,0,0,0,0,1,0,0,Συκιές
Αττική,Διαμέρισμα,150000,47.0,1974.0,Υπερυψωμένο,1.0,1.0,Ανακαινισμένο,Εκρεμμεί,0,0,0,1,0,0,0,0,"Νέο Ψυχικό,Πλατεία Ελευθερίας"
Αττική,Διαμέρισμα,75000,76.0,1958.0,3ος,2.0,1.0,Ανακαινισμένο,Εκρεμμεί,1,0,1,1,0,0,0,0,"Αθήνα,Κολιάτσου"
Αττική,Διαμέρισμα,120000,69.0,1970.0,2ος,1.0,1.0,,Ζ,0,0,0,0,0,0,0,0,"Αθήνα,Πεδίον Άρεως"
Θεσσαλονίκη,Διαμέρισμα,320000,191.0,1984.0,1ος,4.0,2.0,Άριστη,Η,0,0,0,1,0,0,0,0,"Θεσσαλονίκη,Παπάφειο"
Αττική,Διαμέρισμα,450000,100.0,1975.0,2ος,3.0,2.0,Ανακαινισμένο,Ζ,0,0,1,1,0,0,0,0,"Αθήνα,Κολωνάκι"
Αττική,Διαμέρισμα,120000,114.0,1976.0,6ος,2.0,1.0,Ανακαινισμένο,Ε,1,0,0,1,0,1,0,0,"Αθήνα,Πλατεία Αμερικής"
Αττική,Μεζονέτα,129000,127.0,1991.0,"2ος,3ος",3.0,1.0,Άριστη,Ε,1,0,1,1,0,1,0,0,Other
Αττική,Μονοκατοικία,110000,110.0,1971.0,Ισόγειο,3.0,2.0,Άλλη κατάσταση,Εκρεμμεί,0,0,0,0,0,0,0,0,"Πέραμα,Κέντρο"
Αττική,Μονοκατοικία,400000,100.0,2006.0,Ισόγειο,3.0,,Άλλη κατάσταση,Δ,0,0,0,0,0,0,0,0,Δ. Μεγάρων
Αττική,Μεζονέτα,1100000,320.0,1970.0,"Ημιυπόγειο,Ισόγειο,Υπερυψωμένο",5.0,3.0,Χρήζει ανακαίνισης,Η,1,0,0,0,0,1,0,0,Ψυχικό
Θεσσαλονίκη,Διαμέρισμα,135000,65.0,1967.0,2ος,1.0,1.0,Άλλη κατάσταση,Α,1,0,1,1,1,0,0,1,"Θεσσαλονίκη,Βαρδάρη"
Θεσσαλονίκη,Διαμέρισμα,155000,63.0,2022.0,2ος,1.0,1.0,Υπο κατασκευή,Α+,0,0,0,1,0,0,0,0,Θέρμη
Αττική,Διαμέρισμα,180000,105.0,,4ος,2.0,1.0,Ανακαινισμένο,Ζ,1,1,1,1,0,0,0,0,"Αθήνα,Γκύζη"
Αττική,Διαμέρισμα,131000,80.0,1993.0,2ος,2.0,1.0,,Δ,0,0,0,0,0,0,0,0,Other
Αττική,Μεζονέτα,870000,350.0,1989.0,Ισόγειο,5.0,4.0,Καλή,,0,0,1,1,0,1,1,0,Ψυχικό
Αττική,Διαμέρισμα,270000,93.0,2004.0,3ος,2.0,1.0,Άριστη,Εκρεμμεί,1,1,0,1,0,1,0,0,"Καλλιθέα,Σταθμός ΗΣΑΠ Ταύρου"
Αττική,Διαμέρισμα,220000,105.0,2007.0,1ος,2.0,1.0,,,1,0,1,1,0,0,0,0,Other
Αττική,Μονοκατοικία,350000,190.0,2000.0,1ος,3.0,1.0,Καλή,Γ,1,1,0,1,0,1,1,0,Other
Αττική,Διαμέρισμα,238755,113.0,1998.0,3ος,3.0,1.0,Καλή,Μη αποδοτικό,0,0,0,0,0,0,0,0,Other
Αττική,Διαμέρισμα,230000,90.0,1985.0,1ος,2.0,,Καλή,Ζ,0,0,0,0,0,0,0,0,Other
Αττική,Διαμέρισμα,210000,105.0,1975.0,1ος,3.0,1.0,Καλή,Ε,0,0,0,1,0,0,0,0,"Πεύκη,Άνω Πεύκη"
Αττική,Διαμέρισμα,115000,70.0,1972.0,1ος,2.0,1.0,Καλή,Ε,0,0,0,0,0,0,0,0,"Ταύρος Αττικής,Κέντρο"
Αττική,Διαμέρισμα,78000,65.0,1993.0,6ος,1.0,1.0,Ανακαινισμένο,Ε,1,0,0,1,0,0,0,0,Other
Αττική,Διαμέρισμα,133000,98.0,1980.0,1ος,2.0,1.0,Ανακαινισμένο,Εκρεμμεί,0,1,1,1,0,0,0,0,"Κορυδαλλός,Πλατεία Ελευθερίας"
Θεσσαλονίκη,Διαμέρισμα,370000,141.0,2022.0,3ος,3.0,1.0,Νεόδμητο,,1,0,0,1,1,1,0,0,Πυλαία
Θεσσαλονίκη,Διαμέρισμα,85000,80.0,1978.0,Ημιώροφος,2.0,1.0,Χρήζει ανακαίνισης,Ζ,0,0,0,1,0,0,0,0,"Θεσσαλονίκη,Κάτω Τούμπα"
Θεσσαλονίκη,Διαμέρισμα,108000,50.0,1975.0,2ος,1.0,1.0,Ανακαινισμένο,Γ,0,0,1,1,0,0,0,1,"Θεσσαλονίκη,Ανάληψη"
Αττική,Μονοκατοικία,60000,50.0,1953.0,Ισόγειο,,1.0,Άριστη,Ζ,0,0,0,0,0,0,0,0,"Ταύρος Αττικής,Κέντρο"
Αττική,Διαμέρισμα,245000,78.0,2022.0,1ος,2.0,1.0,Υπο κατασκευή,Α,1,1,1,1,0,0,0,0,Other
Αττική,Διαμέρισμα,315000,114.0,2020.0,3ος,3.0,1.0,Υπο κατασκευή,,1,0,0,1,0,0,0,0,"Νέα Ιωνία,Περισσός"
Αττική,Διαμέρισμα,194000,91.0,1984.0,2ος,2.0,1.0,Άριστη,Η,0,0,0,1,0,0,0,0,"Αθήνα,Ακαδημία Πλάτωνος"
Αττική,Διαμέρισμα,350000,194.0,1971.0,3ος,4.0,2.0,Χρήζει ανακαίνισης,Εκρεμμεί,0,0,0,0,0,0,0,0,Other
Θεσσαλονίκη,Μεζονέτα,200000,190.0,2003.0,Ημιώροφος,3.0,2.0,Καλή,Β+,0,0,1,1,0,1,1,0,Περαία
Αττική,Διαμέρισμα,185000,65.0,2011.0,4ος,2.0,1.0,Νεόδμητο,Γ,1,0,0,0,0,1,0,0,Other
Αττική,Μονοκατοικία,220000,115.0,1970.0,Ισόγειο,2.0,1.0,Καλή,Εκρεμμεί,0,1,1,0,0,0,0,0,"Ηράκλειο,Άνω Ψαλίδι"
Θεσσαλονίκη,Διαμέρισμα,109000,60.0,1970.0,2ος,2.0,1.0,,Η,1,0,1,1,1,0,0,0,"Θεσσαλονίκη,Ανάληψη"
Αττική,Διαμέρισμα,170000,67.0,1962.0,1ος,2.0,2.0,Άριστη,Εκρεμμεί,0,1,0,1,0,0,0,0,Other
Αττική,Διαμέρισμα,340000,66.0,2022.0,5ος,1.0,1.0,Νεόδμητο,Α,1,1,1,1,1,1,0,0,Other
Αττική,Διαμέρισμα,240000,87.0,2010.0,1ος,2.0,1.0,Άριστη,Εκρεμμεί,1,0,0,1,0,1,0,0,Other
Αττική,Μεζονέτα,721000,274.0,2011.0,Ισόγειο,4.0,1.0,Ημιτελές,Εξαιρείται,0,0,0,1,0,1,0,0,Δροσιά
Αττική,Διαμέρισμα,145000,59.0,2018.0,Ισόγειο,1.0,1.0,Άριστη,Γ,0,0,1,1,0,0,0,0,Other
Θεσσαλονίκη,Διαμέρισμα,35000,60.0,1970.0,Ημιυπόγειο,2.0,1.0,Χρήζει ανακαίνισης,Ε,0,0,0,0,0,0,0,0,"Θεσσαλονίκη,Παπάφειο"
Αττική,Διαμέρισμα,230000,85.0,2005.0,7ος,2.0,1.0,Άριστη,Γ,1,1,1,1,0,1,0,0,"Καλλιθέα,Τζιτζιφιές"
Αττική,Διαμέρισμα,135000,45.0,1970.0,2ος,1.0,1.0,Ανακαινισμένο,Δ,1,0,1,1,0,0,0,0,"Αθήνα,Παγκράτι"
Αττική,Διαμέρισμα,90000,109.0,1969.0,1ος,4.0,1.0,,Δ,1,1,0,0,0,0,0,1,"Καλλιθέα,Σταθμός ΗΣΑΠ Ταύρου"
Θεσσαλονίκη,Διαμέρισμα,210000,112.0,2021.0,1ος,3.0,1.0,Νεόδμητο,Α+,0,0,0,1,0,0,0,0,Θέρμη
Θεσσαλονίκη,Διαμέρισμα,270000,130.0,2021.0,2ος,3.0,2.0,Καλή,Α,0,0,1,1,0,1,0,0,Θέρμη
Θεσσαλονίκη,Μονοκατοικία,187000,216.0,2002.0,"Ισόγειο,1ος,2ος,3ος",3.0,1.0,Καλή,Γ,0,0,0,0,0,1,0,0,Other
Αττική,Διαμέρισμα,49000,50.0,1965.0,2ος,1.0,1.0,Καλή,Ζ,1,0,0,1,0,0,1,0,"Αθήνα,Πλατεία Αμερικής"
Αττική,Διαμέρισμα,180000,95.0,2004.0,1ος,2.0,1.0,Άριστη,Γ,1,1,0,0,0,1,0,0,"Άνω Λιόσια,Δροσούπολη"
Αττική,Διαμέρισμα,290000,95.0,2022.0,7ος,3.0,1.0,Υπο κατασκευή,Α+,1,0,0,1,0,0,0,0,Other
Θεσσαλονίκη,Διαμέρισμα,75000,103.0,2010.0,2ος,3.0,1.0,Καλή,Γ,0,0,0,1,0,0,0,0,Other
Αττική,Μονοκατοικία,500000,354.0,1981.0,Ισόγειο,4.0,5.0,Χρήζει ανακαίνισης,Εξαιρείται,0,0,0,0,0,1,0,0,Other
Θεσσαλονίκη,Διαμέρισμα,380000,110.0,1962.0,6ος,3.0,1.0,Ανακαινισμένο,Εκρεμμεί,0,0,1,1,0,0,0,0,"Θεσσαλονίκη,Κέντρο"
Αττική,Διαμέρισμα,160000,50.0,1972.0,5ος,1.0,1.0,Ανακαινισμένο,Δ,1,0,1,1,1,0,1,0,"Αθήνα,Παγκράτι"
Αττική,Διαμέρισμα,630000,570.0,1995.0,"Ισόγειο,1ος,2ος,3ος,4ος",,,Άλλη κατάσταση,Εκρεμμεί,0,0,0,0,0,0,0,0,"Καλλιθέα,Λόφος Φιλαρέτου"
Αττική,Μεζονέτα,1000000,325.0,1990.0,"Ισόγειο,1ος",2.0,2.0,Άριστη,Ε,1,1,0,1,0,1,1,0,Other
Θεσσαλονίκη,Διαμέρισμα,120000,50.0,2020.0,2ος,1.0,1.0,Νεόδμητο,Β,0,0,0,1,0,0,1,0,"Θεσσαλονίκη,Κέντρο"
Αττική,Μεζονέτα,350000,275.0,1990.0,Ισόγειο,3.0,1.0,,Ζ,0,0,0,0,0,0,0,0,Other
Αττική,Μονοκατοικία,550000,393.0,1997.0,Ισόγειο,6.0,5.0,Άριστη,Γ,1,0,0,1,0,1,0,0,Other
Αττική,Μεζονέτα,380000,153.0,1998.0,3ος,3.0,2.0,Καλή,Δ,1,0,1,0,1,1,0,0,"Λυκόβρυση,Κέντρο"
Αττική,Μονοκατοικία,350000,190.0,1955.0,"Ισόγειο,1ος",,,Άλλη κατάσταση,Ζ,1,0,0,0,0,0,0,0,"Αθήνα,Νέα Φιλοθέη"
Αττική,Διαμέρισμα,140000,85.0,1980.0,Ισόγειο,2.0,1.0,Χρήζει ανακαίνισης,Ζ,0,0,0,0,0,0,0,0,Other
Αττική,Μεζονέτα,300000,260.0,,"Ημιυπόγειο,Υπερυψωμένο,1ος",3.0,3.0,Ημιτελές,,0,0,0,0,0,1,0,0,"Νέα Ερυθραία,Μορτερό"
Θεσσαλονίκη,Διαμέρισμα,165000,75.0,2008.0,4ος,2.0,1.0,Καλή,Γ,0,0,0,1,0,0,0,0,Other
Αττική,Διαμέρισμα,140000,120.0,1967.0,6ος,3.0,,Χρήζει ανακαίνισης,Ζ,1,0,0,0,0,0,0,0,"Αθήνα,Πλατεία Βικτωρίας"
Αττική,Κτίριο,580000,445.0,1950.0,"2ος,3ος,4ος,5ος",9.0,,Χρήζει ανακαίνισης,Η,1,0,0,1,0,0,0,0,"Αθήνα,Κυψέλη"
Αττική,Μονοκατοικία,580000,320.0,1997.0,Ισόγειο,4.0,3.0,Καλή,Ζ,0,1,1,1,0,1,0,0,"Νέα Ερυθραία,Μορτερό"
Θεσσαλονίκη,Διαμέρισμα,87642,81.0,1979.0,2ος,2.0,1.0,Καλή,,0,0,0,0,0,0,0,0,Καλαμαριά
Αττική,Μεζονέτα,550000,300.0,1997.0,Ισόγειο,4.0,4.0,,Α,0,0,0,1,0,0,0,0,Εκάλη
Αττική,Διαμέρισμα,550000,80.0,1970.0,3ος,1.0,1.0,Καλή,,0,0,1,0,0,0,0,0,Other
Θεσσαλονίκη,Διαμέρισμα,293000,145.0,2022.0,2ος,3.0,1.0,Υπο κατασκευή,Α+,0,0,0,1,0,1,0,0,Θέρμη
Αττική,Κτίριο,385000,266.0,1965.0,Ισόγειο,5.0,5.0,,,0,0,0,1,0,0,0,0,"Αθήνα,Πλατεία Αττικής"
Θεσσαλονίκη,Μεζονέτα,280000,162.0,2022.0,Ισόγειο,3.0,3.0,Υπο κατασκευή,,0,0,0,1,0,1,0,0,Πανόραμα
Αττική,Διαμέρισμα,135000,105.0,1971.0,Υπερυψωμένο,2.0,1.0,,Εκρεμμεί,0,0,0,0,0,0,0,0,"Αθήνα,Παγκράτι"
Θεσσαλονίκη,Διαμέρισμα,86000,86.0,1969.0,4ος,2.0,1.0,Χρήζει ανακαίνισης,Η,0,0,0,1,0,0,0,1,"Θεσσαλονίκη,Ανάληψη"
Θεσσαλονίκη,Διαμέρισμα,110000,80.0,1975.0,Ισόγειο,2.0,1.0,Καλή,Γ,0,0,1,1,0,0,0,0,Other
Αττική,Μεζονέτα,800000,234.0,2012.0,Ισόγειο,4.0,,Καλή,Β,1,0,0,0,0,0,0,0,Other
Θεσσαλονίκη,Διαμέρισμα,65000,90.0,1978.0,3ος,2.0,1.0,,Μη αποδοτικό,0,0,0,0,0,1,0,0,Other
Θεσσαλονίκη,Διαμέρισμα,330000,180.0,1992.0,1ος,3.0,1.0,Άλλη κατάσταση,Α,1,0,0,1,0,1,0,0,Καλαμαριά
Θεσσαλονίκη,Διαμέρισμα,49000,54.0,1975.0,5ος,1.0,1.0,Καλή,Γ,1,0,0,1,1,0,0,1,"Θεσσαλονίκη,Ξηροκρήνη"
Αττική,Διαμέρισμα,135000,70.0,1984.0,1ος,2.0,1.0,Ανακαινισμένο,Ζ,0,0,0,0,0,0,0,0,"Αθήνα,Νέα Κυψέλη"
Αττική,Διαμέρισμα,170000,72.0,2019.0,5ος,2.0,1.0,Ανακαινισμένο,Ε,1,0,0,1,1,0,0,0,"Αθήνα,Άγιος Παντελεήμονας"
Αττική,Διαμέρισμα,150000,98.0,1973.0,5ος,2.0,1.0,Καλή,Ζ,0,0,0,0,0,1,0,0,Other
Αττική,Διαμέρισμα,570000,136.0,2022.0,5ος,3.0,1.0,Υπο κατασκευή,Α,1,0,0,1,0,1,0,0,"Άλιμος,Καλαμάκι"
Αττική,Μονοκατοικία,90000,278.0,1950.0,Ισόγειο,1.0,1.0,,Μη αποδοτικό,0,0,0,0,0,0,0,0,"Άνω Λιόσια,Άγιος Ιωάννης Θεολόγος"
Θεσσαλονίκη,Μονοκατοικία,470000,430.0,2008.0,Ισόγειο,5.0,3.0,Καλή,Α+,0,0,0,1,0,1,0,0,Ευκαρπία
Αττική,Μεζονέτα,360000,214.0,,"Ισόγειο,1ος",4.0,3.0,Ημιτελές,Μη αποδοτικό,1,0,0,0,0,1,0,0,"Νέα Ερυθραία,Καστρί"
Αττική,Μονοκατοικία,1000000,400.0,2008.0,Ισόγειο,4.0,4.0,Άριστη,Γ,1,1,1,1,0,1,0,0,Other
Αττική,Μονοκατοικία,250000,48.0,1980.0,Ισόγειο,2.0,1.0,Καλή,Η,0,0,0,0,0,0,0,0,Other
Αττική,Μονοκατοικία,1290000,250.0,1954.0,"Ημιυπόγειο,Ισόγειο,1ος",3.0,2.0,Χρήζει ανακαίνισης,Ε,0,0,0,0,0,0,0,0,"Κηφισιά,Κάτω Κηφισιά"
Αττική,Μονοκατοικία,600000,360.0,2001.0,"Υπόγειο,Ισόγειο,1ος,2ος",5.0,,Καλή,,0,1,1,1,0,1,0,0,Παλλήνη
Αττική,Μονοκατοικία,145000,102.0,1993.0,Ισόγειο,3.0,1.0,Άλλη κατάσταση,Δ,0,0,0,0,0,0,0,0,Δ. Μεγάρων
Θεσσαλονίκη,Διαμέρισμα,70000,51.0,1980.0,Ισόγειο,1.0,1.0,Νεόδμητο,Α+,0,0,0,1,0,0,1,0,"Θεσσαλονίκη,Ανω Πόλη"
Αττική,Διαμέρισμα,1400000,351.0,1990.0,"Ισόγειο,1ος",3.0,4.0,Καλή,Εκρεμμεί,0,0,0,0,0,1,0,0,Φιλοθέη
Αττική,Μεζονέτα,240000,200.0,1990.0,"Ισόγειο,1ος",3.0,1.0,Ημιτελές,Μη αποδοτικό,0,0,0,0,0,0,0,0,Other
Θεσσαλονίκη,Διαμέρισμα,39000,32.0,1970.0,6ος,1.0,1.0,Καλή,Α,0,0,0,1,0,0,0,1,"Θεσσαλονίκη,Ξηροκρήνη"
Αττική,Μεζονέτα,240000,105.0,2022.0,3ος,3.0,2.0,Νεόδμητο,Α,1,0,0,0,1,0,0,0,Καματερό
Θεσσαλονίκη,Διαμέρισμα,75000,65.0,2004.0,2ος,2.0,1.0,Άριστη,Εκρεμμεί,0,1,0,1,0,0,0,0,Other
Θεσσαλονίκη,Διαμέρισμα,85000,50.0,1960.0,4ος,1.0,1.0,Ανακαινισμένο,Μη αποδοτικό,0,0,1,1,0,0,1,1,"Θεσσαλονίκη,Ανω Πόλη"
Αττική,Διαμέρισμα,195000,108.0,,5ος,,1.0,Καλή,Ε,0,0,0,1,0,0,0,0,Other
Αττική,Διαμέρισμα,145000,94.0,1970.0,1ος,2.0,2.0,Ανακαινισμένο,Β,1,1,1,0,1,0,0,0,Other
Αττική,Διαμέρισμα,80000,78.0,1983.0,1ος,2.0,1.0,Χρήζει ανακαίνισης,Εκρεμμεί,1,0,0,0,0,0,0,0,Other
Θεσσαλονίκη,Διαμέρισμα,240000,90.0,2021.0,4ος,2.0,1.0,Νεόδμητο,Β+,0,1,1,1,0,1,0,0,"Θεσσαλονίκη,Κάτω Τούμπα"
Αττική,Διαμέρισμα,32000,25.0,1980.0,Ισόγειο,,1.0,Ανακαινισμένο,Δ,0,0,0,1,0,0,0,0,"Αθήνα,Κυψέλη"
Αττική,Διαμέρισμα,120000,98.0,1985.0,2ος,2.0,1.0,Άλλη κατάσταση,Ζ,0,0,0,0,0,0,0,0,Δ. Μεγάρων
Αττική,Μεζονέτα,270000,101.0,2012.0,"3ος,4ος",3.0,1.0,Νεόδμητο,Β,1,1,0,1,0,1,0,0,Other
Αττική,Διαμέρισμα,50000,57.0,1981.0,3ος,2.0,1.0,Καλή,Ε,0,0,0,0,0,0,0,0,"Αθήνα,Νιρβάνα"
Αττική,Διαμέρισμα,260000,78.0,2020.0,4ος,2.0,1.0,Νεόδμητο,Ε,0,0,0,0,0,0,0,0,Other
Αττική,Μεζονέτα,520000,153.0,2021.0,"5ος,6ος",4.0,1.0,Υπο κατασκευή,Α,0,1,1,1,0,1,0,0,Other
Θεσσαλονίκη,Διαμέρισμα,120000,102.0,2010.0,1ος,3.0,1.0,Ανακαινισμένο,Γ,0,0,0,1,0,0,0,0,Other
Θεσσαλονίκη,Διαμέρισμα,160000,400.0,2010.0,Ισόγειο,3.0,2.0,Άριστη,Ε,0,0,0,1,0,1,0,0,Other
Αττική,Διαμέρισμα,80000,95.0,1965.0,5ος,,1.0,Άλλη κατάσταση,Ε,0,0,0,0,0,0,0,0,"Αθήνα,Άγιος Παντελεήμονας"
Αττική,Μεζονέτα,350000,200.0,2010.0,"Ισόγειο,1ος,2ος,3ος",3.0,3.0,Νεόδμητο,Ε,1,0,1,1,0,1,0,0,Other
Θεσσαλονίκη,Διαμέρισμα,215000,83.0,2021.0,7ος,2.0,1.0,,Μη αποδοτικό,1,0,0,1,1,0,0,1,"Θεσσαλονίκη,Χαριλάου"
Αττική,Διαμέρισμα,140000,47.0,1967.0,1ος,1.0,1.0,Ανακαινισμένο,Ε,0,0,1,1,0,0,0,1,Other
Θεσσαλονίκη,Διαμέρισμα,75000,34.0,1980.0,3ος,,1.0,Άριστη,Εκρεμμεί,0,0,1,1,0,0,0,1,"Θεσσαλονίκη,Χαριλάου"
Θεσσαλονίκη,Διαμέρισμα,114000,47.0,1975.0,3ος,1.0,1.0,Ανακαινισμένο,Μη αποδοτικό,1,0,1,1,1,0,1,0,"Θεσσαλονίκη,Ανάληψη"
Θεσσαλονίκη,Διαμέρισμα,128000,140.0,1985.0,Ισόγειο,2.0,1.0,Ανακαινισμένο,Γ,0,0,1,1,0,0,0,1,"Θεσσαλονίκη,Ανω Πόλη"
Αττική,Διαμέρισμα,250000,100.0,1995.0,1ος,2.0,1.0,,,1,0,1,1,0,0,0,0,"Λυκόβρυση,Κέντρο"
Αττική,Διαμέρισμα,278000,96.0,2022.0,3ος,3.0,1.0,Νεόδμητο,Α+,0,0,0,0,0,1,0,0,Other
Αττική,Μονοκατοικία,1000000,570.0,2008.0,Ισόγειο,5.0,4.0,Νεόδμητο,Α,1,0,1,1,0,1,1,0,Ντράφι
Θεσσαλονίκη,Διαμέρισμα,65000,62.0,2005.0,1ος,2.0,1.0,,,0,0,0,0,0,0,0,0,"Θεσσαλονίκη,Ξηροκρήνη"
Αττική,Διαμέρισμα,600000,166.0,2021.0,7ος,4.0,1.0,Νεόδμητο,Μη αποδοτικό,1,0,0,1,1,0,0,0,"Νέα Σμύρνη,Χρυσάκη"
Αττική,Διαμέρισμα,55000,50.0,,3ος,1.0,,Καλή,,0,0,0,0,0,0,0,0,"Κορυδαλλός,Πλατεία Ελευθερίας"
Αττική,Διαμέρισμα,115000,75.0,1935.0,"Ισόγειο,Υπερυψωμένο",2.0,1.0,Ανακαινισμένο,Γ,0,0,1,1,0,0,0,0,Other
Θεσσαλονίκη,Μεζονέτα,250000,185.0,1997.0,Ισόγειο,4.0,1.0,Καλή,Β,1,0,1,0,1,1,0,0,Πυλαία
Θεσσαλονίκη,Διαμέρισμα,118000,44.0,1972.0,4ος,1.0,1.0,Ανακαινισμένο,Γ,0,0,1,1,0,0,0,1,"Θεσσαλονίκη,Ανάληψη"
Αττική,Διαμέρισμα,120000,74.0,2007.0,1ος,2.0,1.0,Άλλη κατάσταση,Δ,1,0,0,1,0,1,0,0,"Άνω Λιόσια,Άγιος Ιωάννης Θεολόγος"
Αττική,Διαμέρισμα,70000,71.0,1995.0,Ημιυπόγειο,,1.0,Καλή,Δ,0,0,0,0,0,0,0,0,Νέα Πεντέλη
Αττική,Μεζονέτα,2000000,530.0,2008.0,"Ημιυπόγειο,Ισόγειο,1ος",4.0,3.0,,,0,0,0,0,0,0,0,0,"Κηφισιά,Πολιτεία"
Αττική,Διαμέρισμα,1500000,246.0,2010.0,2ος,3.0,,Άλλη κατάσταση,Γ,0,0,0,0,0,0,0,0,"Νέα Ερυθραία,Καστρί"
Θεσσαλονίκη,Διαμέρισμα,320000,106.0,1967.0,7ος,2.0,1.0,Ανακαινισμένο,,0,0,0,0,0,0,0,0,"Θεσσαλονίκη,Ανάληψη"
Αττική,Διαμέρισμα,144000,80.0,2000.0,4ος,2.0,,Καλή,Εξαιρείται,0,0,0,0,0,0,0,0,"Αθήνα,Παγκράτι"
Αττική,Διαμέρισμα,190000,70.0,2007.0,2ος,2.0,1.0,,,1,0,1,1,0,0,0,1,Παιανία
Αττική,Διαμέρισμα,195000,55.0,2002.0,5ος,1.0,1.0,Ανακαινισμένο,Ε,0,0,1,1,0,1,0,0,"Άλιμος,Καλαμάκι"
Θεσσαλονίκη,Διαμέρισμα,75500,63.0,1970.0,6ος,1.0,1.0,,Μη αποδοτικό,0,0,1,0,0,0,0,0,"Θεσσαλονίκη,Ανάληψη"
Θεσσαλονίκη,Διαμέρισμα,75000,34.0,1973.0,Ισόγειο,1.0,1.0,Ανακαινισμένο,Δ,0,0,1,1,0,0,0,1,Other
Αττική,Διαμέρισμα,170000,90.0,1976.0,5ος,2.0,1.0,Καλή,Δ,0,0,1,0,0,0,0,0,Other
Αττική,Μονοκατοικία,1500000,535.0,1965.0,Ισόγειο,6.0,5.0,Ανακαινισμένο,Ε,0,0,1,1,0,1,0,0,Εκάλη
Αττική,Διαμέρισμα,125000,38.0,2021.0,4ος,1.0,1.0,Νεόδμητο,Α,0,0,0,0,0,0,0,0,"Αθήνα,Παγκράτι"
Θεσσαλονίκη,Μονοκατοικία,300000,230.0,2007.0,Ισόγειο,3.0,1.0,Καλή,Εκρεμμεί,0,1,1,0,0,1,0,0,Other
Αττική,Διαμέρισμα,300000,110.0,2005.0,4ος,2.0,1.0,Νεόδμητο,,1,0,1,1,0,0,0,1,Other
Αττική,Μεζονέτα,550000,92.0,2021.0,3ος,3.0,2.0,Νεόδμητο,Α+,0,1,1,1,0,1,0,0,"Άλιμος,Καλαμάκι"
Αττική,Διαμέρισμα,450000,90.0,2021.0,4ος,2.0,2.0,Νεόδμητο,Β+,1,1,1,1,1,0,0,0,"Άλιμος,Καλαμάκι"
Αττική,Μεζονέτα,450000,265.0,,"Ημιυπόγειο,Υπερυψωμένο,1ος",4.0,3.0,Άριστη,Β+,1,0,1,0,0,1,0,0,"Νέα Ερυθραία,Καστρί"
Αττική,Μεζονέτα,1000000,400.0,2008.0,Υπόγειο,7.0,3.0,Καλή,Γ,0,0,0,1,0,1,0,0,"Κηφισιά,Πολιτεία"
Αττική,Διαμέρισμα,103500,87.0,2007.0,1ος,2.0,1.0,,,1,1,1,1,0,0,0,0,"Άνω Λιόσια,Δροσούπολη"
Θεσσαλονίκη,Διαμέρισμα,165000,80.0,1960.0,1ος,2.0,1.0,Χρήζει ανακαίνισης,Η,0,0,0,0,0,0,0,0,"Θεσσαλονίκη,Κέντρο"
Θεσσαλονίκη,Μονοκατοικία,350000,324.0,1992.0,"Υπόγειο,Ισόγειο,1ος",4.0,2.0,,Εκρεμμεί,1,0,0,0,0,1,1,0,Other
Θεσσαλονίκη,Διαμέρισμα,67000,65.0,1968.0,2ος,2.0,1.0,Ανακαινισμένο,Εκρεμμεί,0,0,0,1,0,0,0,1,Αμπελόκηποι
Αττική,Διαμέρισμα,120000,58.0,1960.0,2ος,1.0,1.0,Ανακαινισμένο,Εκρεμμεί,1,0,1,1,1,0,0,0,"Αθήνα,Κυψέλη"
Αττική,Διαμέρισμα,70000,80.0,1970.0,Ισόγειο,2.0,1.0,Άλλη κατάσταση,Η,0,0,0,0,0,0,0,0,"Αθήνα,Κάτω Πετράλωνα"
Αττική,Μεζονέτα,170000,170.0,2007.0,1ος,3.0,1.0,Νεόδμητο,,1,0,0,1,0,0,0,0,Other
Αττική,Μονοκατοικία,300000,90.0,1961.0,"Ισόγειο,1ος",3.0,1.0,Άλλη κατάσταση,Εκρεμμεί,0,0,1,0,0,0,0,0,Other
Αττική,Μεζονέτα,680000,330.0,2011.0,Ισόγειο,4.0,3.0,Άριστη,Γ,1,1,1,1,0,1,0,0,Ραφήνα
Θεσσαλονίκη,Διαμέρισμα,87000,40.0,1978.0,Ημιώροφος,1.0,1.0,Ανακαινισμένο,Εκρεμμεί,0,0,1,1,0,0,0,1,"Θεσσαλονίκη,Κάτω Τούμπα"
Αττική,Μονοκατοικία,80000,68.0,1960.0,Ισόγειο,2.0,1.0,,Μη αποδοτικό,0,0,0,0,0,0,0,0,Other
Αττική,Μεζονέτα,455000,131.0,2022.0,7ος,3.0,1.0,Υπο κατασκευή,Α+,0,0,0,0,0,0,0,0,"Αθήνα,Παγκράτι"
Αττική,Διαμέρισμα,300000,105.0,1992.0,1ος,2.0,1.0,Ανακαινισμένο,Δ,1,1,1,1,0,0,0,0,Other
Αττική,Διαμέρισμα,270000,128.0,1991.0,1ος,3.0,1.0,Ανακαινισμένο,Δ,1,1,0,1,1,0,0,0,Other
Αττική,Διαμέρισμα,157000,92.0,1976.0,3ος,2.0,1.0,Άριστη,Ζ,1,0,1,1,0,0,0,0,Other
Θεσσαλονίκη,Μεζονέτα,420000,275.0,2006.0,Ισόγειο,3.0,1.0,,Γ,0,0,0,1,0,0,1,0,Ωραιόκαστρο
Αττική,Διαμέρισμα,70000,48.0,1960.0,1ος,,,Καλή,Εκρεμμεί,0,0,0,1,0,0,0,0,Other
Αττική,Μονοκατοικία,140000,102.0,2015.0,Ισόγειο,3.0,1.0,Νεόδμητο,Δ,1,0,0,1,0,0,0,0,Other
Αττική,Κτίριο,400000,240.0,1955.0,"Ισόγειο,1ος,2ος,3ος",7.0,3.0,Καλή,Εκρεμμεί,0,0,0,0,0,0,0,0,Other
Θεσσαλονίκη,Διαμέρισμα,95000,57.0,1964.0,6ος,1.0,1.0,Ανακαινισμένο,Ζ,0,0,1,1,0,0,0,0,"Θεσσαλονίκη,Βαρδάρη"
Αττική,Διαμέρισμα,36000,28.0,1964.0,Ημιυπόγειο,1.0,1.0,Ανακαινισμένο,Α,1,1,0,1,0,0,1,1,"Αθήνα,Πλατεία Αμερικής"
Αττική,Διαμέρισμα,1000000,280.0,1975.0,1ος,4.0,,,Ε,0,0,0,0,0,1,0,0,Other
Αττική,Διαμέρισμα,245000,91.0,2007.0,2ος,2.0,1.0,Άριστη,Β,1,1,1,1,0,1,0,0,"Καλλιθέα,Τζιτζιφιές"
Αττική,Διαμέρισμα,110000,66.0,2017.0,Ισόγειο,2.0,1.0,Νεόδμητο,Δ,1,1,1,1,0,0,0,0,Other
Αττική,Διαμέρισμα,165000,96.0,1965.0,Ισόγειο,3.0,2.0,Καλή,Η,1,0,1,0,0,0,1,0,"Αθήνα,Πλατεία Αμερικής"
Αττική,Διαμέρισμα,162500,130.0,1968.0,Ισόγειο,2.0,1.0,Καλή,Μη αποδοτικό,0,0,0,1,0,0,0,0,Other
Θεσσαλονίκη,Διαμέρισμα,175000,130.0,1970.0,1ος,3.0,1.0,Ανακαινισμένο,Η,0,0,0,1,0,0,0,1,"Θεσσαλονίκη,Φάληρο"
Αττική,Μονοκατοικία,600000,430.0,2000.0,"Ημιυπόγειο,Ισόγειο,Υπερυψωμένο,1ος",5.0,2.0,,,0,0,0,1,0,0,0,0,Άρτεμις
Αττική,Διαμέρισμα,175000,100.0,2006.0,Ισόγειο,2.0,1.0,Άλλη κατάσταση,Δ,1,1,1,0,0,1,0,0,Other
Αττική,Διαμέρισμα,250000,110.0,1976.0,Ισόγειο,3.0,1.0,Καλή,Ε,0,0,0,0,0,1,0,0,"Λυκόβρυση,Κέντρο"
Αττική,Διαμέρισμα,93000,84.0,,3ος,2.0,1.0,Ανακαινισμένο,Ε,1,0,0,1,0,0,0,0,"Αθήνα,Άγιος Νικόλαος"
Θεσσαλονίκη,Μεζονέτα,278000,415.0,2005.0,"Υπόγειο,Ισόγειο,1ος",,,,,0,0,0,0,0,0,0,0,Other
Αττική,Διαμέρισμα,850000,165.0,1970.0,2ος,2.0,1.0,Καλή,Γ,0,0,1,1,0,0,0,0,"Αθήνα,Παγκράτι"
Αττική,Διαμέρισμα,250000,110.0,2003.0,6ος,2.0,1.0,Άριστη,Ε,1,0,0,0,0,1,0,0,"Αθήνα,Νιρβάνα"
Αττική,Διαμέρισμα,205000,96.0,1968.0,1ος,2.0,1.0,Χρήζει ανακαίνισης,Εκρεμμεί,0,0,0,0,0,0,0,0,Ψυχικό
Θεσσαλονίκη,Διαμέρισμα,650000,135.0,2022.0,7ος,3.0,2.0,Νεόδμητο,Εκρεμμεί,1,0,0,1,1,0,0,0,"Θεσσαλονίκη,Πυλαία"
Αττική,Διαμέρισμα,72000,55.0,1972.0,5ος,2.0,1.0,Καλή,Η,0,0,0,1,0,0,0,0,Other
Αττική,Μονοκατοικία,780000,390.0,1985.0,Ισόγειο,4.0,4.0,Ανακαινισμένο,Ε,1,1,1,1,0,1,0,0,Other
Αττική,Μονοκατοικία,850000,350.0,1999.0,"Ισόγειο,1ος,2ος",5.0,2.0,Άριστη,Ζ,1,0,0,1,0,1,0,0,Δροσιά
Αττική,Κτίριο,1580000,577.0,1987.0,"Υπερυψωμένο,1ος,2ος",8.0,4.0,Ανακαινισμένο,Β,0,0,1,1,0,1,0,0,Other
Αττική,Διαμέρισμα,115000,97.0,1982.0,Ισόγειο,2.0,1.0,,,1,0,0,0,0,0,0,1,Other
Αττική,Διαμέρισμα,170000,91.0,1980.0,2ος,2.0,1.0,Ανακαινισμένο,Γ,1,0,1,1,0,0,0,0,Other
Αττική,Διαμέρισμα,210000,93.0,1999.0,6ος,2.0,1.0,Καλή,Δ,1,0,0,1,1,1,0,0,Other
Θεσσαλονίκη,Διαμέρισμα,70000,65.0,1960.0,5ος,1.0,1.0,Άριστη,Εκρεμμεί,0,0,1,1,0,0,0,0,"Θεσσαλονίκη,Κέντρο"
Αττική,Διαμέρισμα,67000,65.0,1969.0,2ος,1.0,1.0,Ανακαινισμένο,Ε,1,0,0,0,1,0,1,1,"Αθήνα,Άγιος Παντελεήμονας"
Αττική,Μεζονέτα,640000,150.0,2022.0,"Ισόγειο,1ος",3.0,2.0,Νεόδμητο,Α+,0,1,1,1,0,1,0,0,Other
Αττική,Διαμέρισμα,280000,92.0,1972.0,5ος,3.0,1.0,,Ε,0,0,0,1,0,0,0,0,Other
Θεσσαλονίκη,Μεζονέτα,395000,180.0,2022.0,Ισόγειο,3.0,1.0,Νεόδμητο,Α,1,0,0,1,0,1,0,0,Θέρμη
Αττική,Μεζονέτα,270000,111.0,2011.0,3ος,3.0,2.0,,Β,1,0,0,1,0,0,0,0,Ραφήνα
Αττική,Διαμέρισμα,570000,119.0,2021.0,5ος,3.0,2.0,Νεόδμητο,Α+,0,1,1,1,0,1,0,0,Εθνικιστών και Αναπήρων Πολέμου
Αττική,Μεζονέτα,1250000,327.0,2008.0,Ισόγειο,5.0,3.0,Καλή,Η,1,0,0,1,0,1,0,0,"Κηφισιά,Κεφαλάρι"
Αττική,Μονοκατοικία,300000,400.0,2022.0,Ισόγειο,,,Υπο κατασκευή,Η,0,0,0,0,0,0,0,0,Κέντρο
Θεσσαλονίκη,Κτίριο,320000,270.0,1965.0,Ισόγειο,7.0,1.0,,Μη αποδοτικό,0,0,0,0,0,0,0,0,Other
Αττική,Διαμέρισμα,205000,90.0,2000.0,3ος,3.0,,Άριστη,Γ,0,1,0,1,0,1,0,0,Other
Θεσσαλονίκη,Διαμέρισμα,110000,102.0,1990.0,3ος,3.0,1.0,Καλή,Εκρεμμεί,0,0,1,1,0,0,0,0,Other
Θεσσαλονίκη,Διαμέρισμα,235000,118.0,2020.0,Ισόγειο,3.0,1.0,Καλή,Α+,0,0,0,1,0,1,0,0,Other
Αττική,Κτίριο,370000,420.0,1960.0,Ισόγειο,1.0,1.0,Χρήζει ανακαίνισης,Εκρεμμεί,1,0,0,0,0,0,0,0,"Αθήνα,Νέα Κυψέλη"
Αττική,Διαμέρισμα,192000,121.0,2000.0,3ος,4.0,1.0,Άριστη,Β+,1,1,1,1,0,1,0,0,Καματερό
Θεσσαλονίκη,Διαμέρισμα,73000,40.0,1970.0,1ος,1.0,1.0,Ανακαινισμένο,Γ,0,0,0,1,0,0,1,1,"Θεσσαλονίκη,Χαριλάου"
Αττική,Μεζονέτα,300000,333.0,2000.0,Ισόγειο,6.0,4.0,Νεόδμητο,,1,1,0,0,0,0,0,0,Παιανία
Αττική,Διαμέρισμα,145000,56.0,1970.0,Υπόγειο,2.0,1.0,Ανακαινισμένο,Εκρεμμεί,0,0,0,1,0,0,0,0,"Αθήνα,Κολωνάκι"
Αττική,Διαμέρισμα,600000,135.0,1970.0,2ος,2.0,1.0,Καλή,Ζ,0,0,0,0,0,0,0,0,"Αθήνα,Παγκράτι"
Αττική,Μονοκατοικία,800000,350.0,2005.0,"Ισόγειο,1ος,2ος",4.0,4.0,Νεόδμητο,Εκρεμμεί,1,1,1,0,0,0,0,0,Other
Αττική,Μεζονέτα,330000,140.0,2009.0,Ισόγειο,3.0,1.0,Άριστη,Γ,1,0,0,1,0,1,0,0,Other
Αττική,Διαμέρισμα,250000,58.0,1965.0,Ισόγειο,1.0,1.0,Καλή,Δ,0,0,0,0,0,0,0,0,"Αθήνα,Κολωνάκι"
Αττική,Διαμέρισμα,250000,83.0,2021.0,3ος,2.0,1.0,Νεόδμητο,Α+,1,0,0,1,1,0,0,0,"Καλλιθέα,Χρυσάκη"
Αττική,Μονοκατοικία,700000,300.0,1993.0,"Ισόγειο,Ημιώροφος,1ος",4.0,2.0,,Δ,1,0,1,0,0,0,0,0,Other
Θεσσαλονίκη,Διαμέρισμα,350000,122.0,2022.0,5ος,3.0,1.0,Νεόδμητο,Α,0,0,0,1,0,0,0,0,"Θεσσαλονίκη,Πυλαία"
Αττική,Διαμέρισμα,400000,96.0,1968.0,1ος,2.0,1.0,Ανακαινισμένο,Ζ,1,0,1,1,1,0,0,0,"Αθήνα,Κολωνάκι"
Αττική,Μονοκατοικία,175000,100.0,1975.0,Ισόγειο,3.0,1.0,Καλή,Ζ,0,0,1,0,0,1,0,0,Other
Αττική,Μονοκατοικία,100000,356.0,1992.0,"Ισόγειο,1ος,2ος,3ος,4ος",6.0,,Ημιτελές,Δ,0,0,0,0,0,0,0,0,Ζεφύρι
Θεσσαλονίκη,Διαμέρισμα,150000,87.0,1978.0,Ημιώροφος,2.0,2.0,Ανακαινισμένο,Γ,1,0,0,1,1,0,0,0,"Θεσσαλονίκη,Κάτω Τούμπα"
Θεσσαλονίκη,Διαμέρισμα,41900,30.0,1975.0,Ισόγειο,1.0,1.0,Καλή,Ε,0,0,1,1,0,0,1,1,"Θεσσαλονίκη,Ανάληψη"
Αττική,Διαμέρισμα,145000,96.0,1974.0,1ος,3.0,1.0,,Εξαιρείται,0,1,0,1,0,0,0,0,"Αθήνα,Παγκράτι"
Αττική,Μεζονέτα,265000,86.0,2010.0,3ος,2.0,1.0,Άριστη,Γ,1,0,0,1,0,0,0,0,Other
Θεσσαλονίκη,Διαμέρισμα,320000,175.0,1988.0,2ος,2.0,1.0,Άριστη,Ε,0,0,1,1,0,1,0,0,Other
Αττική,Μονοκατοικία,500000,250.0,1975.0,Ισόγειο,3.0,2.0,,Ζ,1,0,0,0,0,0,1,0,Other
Αττική,Διαμέρισμα,155000,150.0,1974.0,Ισόγειο,4.0,2.0,,Ζ,0,1,1,0,0,0,0,0,Other
Αττική,Μονοκατοικία,500000,200.0,1970.0,Ισόγειο,,,Χρήζει ανακαίνισης,Η,0,0,0,0,0,0,0,0,"Κηφισιά,Νέα Κηφισιά"
Αττική,Μονοκατοικία,100000,91.0,1985.0,1ος,2.0,1.0,Άριστη,Δ,1,1,1,1,0,0,0,0,Ζεφύρι
Θεσσαλονίκη,Μεζονέτα,300000,300.0,2008.0,3ος,5.0,2.0,Άλλη κατάσταση,Ε,1,0,0,1,0,1,0,1,Other
Αττική,Μεζονέτα,680000,240.0,1989.0,"Ισόγειο,1ος,2ος",4.0,2.0,Ανακαινισμένο,Δ,1,0,0,0,0,1,0,0,"Νέα Ερυθραία,Καστρί"
Αττική,Μεζονέτα,370000,140.0,2020.0,"4ος,5ος",4.0,1.0,,Δ,0,0,0,1,1,0,0,0,Other
Αττική,Διαμέρισμα,163000,67.0,1978.0,5ος,2.0,1.0,Ανακαινισμένο,Ε,0,0,1,1,0,0,0,0,Other
Αττική,Μονοκατοικία,450000,282.0,1982.0,Ισόγειο,6.0,,Άλλη κατάσταση,,1,0,0,0,0,0,0,0,Other
Αττική,Διαμέρισμα,120000,80.0,1975.0,1ος,3.0,1.0,Ανακαινισμένο,Γ,0,0,1,1,0,0,1,0,"Αθήνα,Άγιος Παντελεήμονας"
Αττική,Κτίριο,2000000,500.0,1973.0,Ισόγειο,,,Καλή,Ε,1,0,0,0,0,0,0,0,"Αθήνα,Μουσείο"
Θεσσαλονίκη,Διαμέρισμα,79000,104.0,1974.0,3ος,2.0,1.0,Άριστη,Ε,1,0,1,1,0,0,1,0,"Θεσσαλονίκη,Ξηροκρήνη"
Αττική,Διαμέρισμα,310000,92.0,2022.0,4ος,2.0,1.0,Υπο κατασκευή,Α,1,0,1,1,0,1,0,0,Other
Αττική,Μεζονέτα,370000,208.0,2017.0,Ισόγειο,5.0,2.0,Νεόδμητο,Β+,1,0,0,0,0,1,0,0,Other
Αττική,Διαμέρισμα,185000,93.0,1983.0,4ος,3.0,2.0,Καλή,Δ,1,1,0,0,1,0,0,0,Other
Αττική,Μεζονέτα,280000,126.0,2009.0,"Ισόγειο,1ος",3.0,2.0,Νεόδμητο,Β+,1,1,1,1,0,0,0,0,Other
Αττική,Διαμέρισμα,95000,110.0,1956.0,3ος,2.0,1.0,Καλή,Η,0,0,0,0,0,0,0,0,"Αθήνα,Άγιος Νικόλαος"
Αττική,Διαμέρισμα,250000,165.0,1976.0,2ος,2.0,1.0,,,0,0,0,0,0,0,0,0,Other
Αττική,Διαμέρισμα,260000,180.0,2000.0,4ος,3.0,1.0,Καλή,Δ,0,1,0,0,0,1,0,0,"Παλλήνη,Κέντρο"
Αττική,Διαμέρισμα,85000,56.0,1965.0,Ημιυπόγειο,1.0,1.0,,Ζ,1,0,1,1,1,0,0,0,Other
Αττική,Διαμέρισμα,210000,110.0,1970.0,6ος,2.0,1.0,Ανακαινισμένο,Ζ,1,0,1,0,0,1,0,0,"Αθήνα,Γκύζη"
Αττική,Διαμέρισμα,38000,34.0,1978.0,1ος,1.0,1.0,Καλή,Ε,0,0,0,0,0,0,0,0,Other
Θεσσαλονίκη,Διαμέρισμα,250000,100.0,2022.0,1ος,3.0,2.0,Νεόδμητο,Γ,0,0,0,1,0,1,0,0,Πυλαία
Αττική,Μονοκατοικία,750000,380.0,1993.0,Ισόγειο,5.0,3.0,,,1,0,1,1,0,0,1,0,Σαλαμίνα
Αττική,Μεζονέτα,95000,75.0,2000.0,Ισόγειο,2.0,2.0,Καλή,Ζ,0,1,1,1,0,1,0,0,Άρτεμις
Αττική,Κτίριο,630000,640.0,1972.0,Ισόγειο,12.0,1.0,Χρήζει ανακαίνισης,Γ,0,0,0,0,0,0,0,0,Other
Θεσσαλονίκη,Διαμέρισμα,300000,87.0,,2ος,2.0,1.0,Νεόδμητο,Α,1,1,1,0,0,1,0,0,"Θεσσαλονίκη,Ντεπώ"
Αττική,Μεζονέτα,750000,450.0,2014.0,Ισόγειο,5.0,4.0,Άριστη,Β,0,1,1,1,0,1,0,0,Other
Θεσσαλονίκη,Μεζονέτα,140000,120.0,1995.0,2ος,4.0,1.0,Καλή,Α,0,0,0,1,0,1,0,0,Other
Αττική,Διαμέρισμα,145600,56.0,2021.0,1ος,1.0,1.0,Υπο κατασκευή,Α+,1,1,1,1,0,0,0,0,"Αθήνα,Κάτω Πετράλωνα"
Αττική,Διαμέρισμα,750000,97.0,1960.0,5ος,1.0,1.0,Καλή,Γ,0,0,0,0,0,1,0,0,"Αθήνα,Κολωνάκι"
Αττική,Διαμέρισμα,60000,30.0,1972.0,2ος,1.0,,Ανακαινισμένο,Ε,0,0,1,0,0,0,0,0,"Αθήνα,Νέα Κυψέλη"
Αττική,Μεζονέτα,470000,230.0,2002.0,"Υπόγειο,Ισόγειο,1ος,2ος",3.0,2.0,Άριστη,Δ,0,0,0,1,0,1,0,0,Δροσιά
Θεσσαλονίκη,Διαμέρισμα,60000,37.0,1966.0,Ισόγειο,1.0,1.0,Ανακαινισμένο,Δ,0,0,1,1,0,0,1,1,Other
Αττική,Μονοκατοικία,290000,160.0,2008.0,"Ισόγειο,1ος",3.0,2.0,Ημιτελές,Γ,0,0,0,0,0,0,0,0,Other
Αττική,Διαμέρισμα,162000,70.0,1970.0,5ος,2.0,1.0,Ανακαινισμένο,Δ,1,0,1,1,0,0,0,0,Other
Αττική,Μονοκατοικία,600000,360.0,1993.0,Ισόγειο,5.0,3.0,Ανακαινισμένο,Δ,0,1,0,1,0,1,0,0,Other
Θεσσαλονίκη,Μεζονέτα,150000,180.0,2006.0,1ος,4.0,2.0,Άριστη,Δ,0,0,0,1,0,1,0,0,Other
Αττική,Μονοκατοικία,120000,120.0,2005.0,"Ισόγειο,Υπερυψωμένο",2.0,2.0,Νεόδμητο,Α,1,0,1,0,0,1,0,0,Σαλαμίνα
Αττική,Διαμέρισμα,140000,76.0,1972.0,1ος,2.0,1.0,Καλή,Γ,0,0,0,0,0,0,0,0,"Αθήνα,Αμπελόκηποι"
Αττική,Μονοκατοικία,115000,75.0,1990.0,Ισόγειο,2.0,1.0,Καλή,Δ,0,0,0,0,0,0,0,0,Άρτεμις
Θεσσαλονίκη,Διαμέρισμα,69000,40.0,1970.0,2ος,1.0,1.0,Καλή,Εκρεμμεί,0,1,1,1,0,0,0,0,"Θεσσαλονίκη,Βαρδάρη"
Αττική,Κτίριο,1200000,439.0,2010.0,"Ισόγειο,1ος,2ος,3ος,4ος",15.0,6.0,Νεόδμητο,Εκρεμμεί,0,0,1,1,0,0,0,0,Other
Αττική,Διαμέρισμα,230000,150.0,1975.0,4ος,3.0,1.0,Καλή,Ζ,1,0,1,1,0,1,0,0,"Καλλιθέα,Τζιτζιφιές"
Αττική,Μονοκατοικία,100000,77.0,,Ισόγειο,,,,,0,0,0,0,0,0,0,0,Other
Αττική,Κτίριο,300000,460.0,1965.0,2ος,,,Καλή,Η,0,0,0,0,0,1,0,0,"Αθήνα,Αγία Παρασκευή"
Θεσσαλονίκη,Διαμέρισμα,170000,115.0,1984.0,3ος,3.0,1.0,Ανακαινισμένο,Ζ,0,0,1,1,0,0,0,0,Καλαμαριά
Αττική,Διαμέρισμα,250000,156.0,1970.0,4ος,5.0,2.0,Ανακαινισμένο,Ε,0,0,1,1,0,0,0,1,"Αθήνα,Πλατεία Βικτωρίας"
Θεσσαλονίκη,Μονοκατοικία,600000,344.0,2002.0,Ισόγειο,7.0,2.0,,,0,1,0,1,0,0,0,0,Πανόραμα
Αττική,Διαμέρισμα,119000,54.0,1990.0,4ος,1.0,1.0,,Γ,0,0,0,1,0,0,0,0,"Καλλιθέα,Χρυσάκη"
Αττική,Μεζονέτα,1200000,450.0,,"Ισόγειο,1ος,2ος",5.0,4.0,Άλλη κατάσταση,Β+,1,0,1,1,1,1,0,0,"Παλλήνη,Κέντρο"
Θεσσαλονίκη,Διαμέρισμα,105000,47.0,1972.0,6ος,1.0,1.0,Ανακαινισμένο,Δ,0,0,1,1,0,0,0,1,"Θεσσαλονίκη,Ανάληψη"
Αττική,Μεζονέτα,440000,155.0,2006.0,"Ισόγειο,1ος",4.0,,,Δ,1,0,0,1,0,1,0,0,Other
Αττική,Μεζονέτα,550000,236.0,2001.0,"Ημιυπόγειο,Υπερυψωμένο,1ος",3.0,3.0,Καλή,Δ,1,1,0,1,1,1,0,0,Νέα Πεντέλη
Αττική,Διαμέρισμα,280000,116.0,1990.0,1ος,3.0,1.0,Άριστη,Γ,1,1,1,1,0,0,0,0,Other
Αττική,Μεζονέτα,610000,144.0,2021.0,"3ος,4ος",3.0,2.0,Νεόδμητο,Α,1,1,0,1,1,1,0,0,"Νέο Ψυχικό,Πλατεία Ελευθερίας"
Αττική,Μονοκατοικία,90000,70.0,1983.0,Ισόγειο,2.0,2.0,Καλή,,0,0,0,0,0,0,0,0,Other
Θεσσαλονίκη,Μεζονέτα,340000,220.0,1986.0,1ος,3.0,2.0,,Δ,1,0,0,1,0,1,0,0,"Θεσσαλονίκη,Χαριλάου"
Αττική,Διαμέρισμα,325000,127.0,1986.0,4ος,2.0,2.0,Άριστη,Δ,1,1,0,1,0,1,0,0,"Μαρούσι,Νέα Φιλοθέη"
Αττική,Μονοκατοικία,275000,96.0,1958.0,"Ισόγειο,1ος",2.0,2.0,Άλλη κατάσταση,Εκρεμμεί,0,0,0,0,0,0,0,0,"Καλλιθέα,Τζιτζιφιές"
Θεσσαλονίκη,Διαμέρισμα,330000,111.0,2021.0,2ος,3.0,1.0,Υπο κατασκευή,Α+,0,0,0,1,0,0,0,0,Θέρμη
Αττική,Διαμέρισμα,270000,115.0,1974.0,2ος,3.0,1.0,Καλή,Η,0,0,1,1,0,0,0,0,Other
Αττική,Διαμέρισμα,130000,65.0,1960.0,1ος,2.0,1.0,,Ζ,0,0,1,0,0,0,0,0,Other
Αττική,Μεζονέτα,530000,260.0,2011.0,Ισόγειο,3.0,1.0,Καλή,Εξαιρείται,0,1,0,1,0,1,0,0,Νέα Πεντέλη
Θεσσαλονίκη,Διαμέρισμα,250000,120.0,2010.0,1ος,2.0,2.0,Άριστη,Δ,1,0,1,1,0,1,0,0,Other
Αττική,Μονοκατοικία,200000,188.0,1970.0,Ισόγειο,3.0,1.0,Καλή,Μη αποδοτικό,0,0,0,0,0,0,0,0,"Αθήνα,Αγία Παρασκευή"
Αττική,Διαμέρισμα,70000,95.0,1945.0,Ισόγειο,1.0,1.0,Άριστη,Ζ,0,0,1,0,0,0,0,0,"Αθήνα,Μουσείο"
Αττική,Μονοκατοικία,700000,248.0,1980.0,1ος,5.0,2.0,Χρήζει ανακαίνισης,Η,1,1,1,0,0,0,0,0,Other
Αττική,Διαμέρισμα,75000,85.0,2000.0,3ος,2.0,,Ημιτελές,Μη αποδοτικό,0,0,0,1,0,1,0,0,Σπάτα
Θεσσαλονίκη,Διαμέρισμα,179000,110.0,1953.0,2ος,3.0,2.0,Άλλη κατάσταση,Α,0,0,1,1,0,0,0,0,"Θεσσαλονίκη,Βαρδάρη"
Θεσσαλονίκη,Διαμέρισμα,550000,190.0,2020.0,1ος,4.0,1.0,Υπο κατασκευή,,0,1,0,1,0,0,0,0,Πυλαία
Αττική,Κτίριο,680000,450.0,1976.0,4ος,,,Καλή,Ε,1,0,0,0,0,0,0,0,Μοσχάτο
Θεσσαλονίκη,Διαμέρισμα,45000,55.0,1970.0,Ισόγειο,1.0,1.0,,,0,0,0,0,0,0,0,0,Other
Θεσσαλονίκη,Διαμέρισμα,100000,57.0,1977.0,Ημιώροφος,2.0,1.0,Άλλη κατάσταση,Α,1,0,0,1,1,0,1,1,"Θεσσαλονίκη,Κέντρο"
Αττική,Μεζονέτα,178000,76.0,1983.0,6ος,2.0,1.0,,Ε,0,1,0,0,0,0,0,0,"Καλλιθέα,Χρυσάκη"
Αττική,Διαμέρισμα,115000,100.0,1970.0,3ος,2.0,1.0,Ανακαινισμένο,Β,1,0,1,1,0,0,0,0,"Αθήνα,Αγία Παρασκευή"
Αττική,Μεζονέτα,750000,325.0,2006.0,"Ισόγειο,1ος,2ος",5.0,3.0,Καλή,Γ,0,0,0,1,0,1,0,0,Other
Θεσσαλονίκη,Μονοκατοικία,190000,110.0,1991.0,Ισόγειο,3.0,1.0,Άλλη κατάσταση,Β,1,1,1,1,0,1,1,1,Πυλαία
Αττική,Διαμέρισμα,130000,63.0,1961.0,4ος,1.0,1.0,Καλή,Η,1,0,0,0,0,0,0,1,Other
Θεσσαλονίκη,Μεζονέτα,165000,55.0,,"2ος,3ος",2.0,1.0,Νεόδμητο,Α+,1,0,0,1,1,0,0,1,"Θεσσαλονίκη,Ανω Πόλη"
Αττική,Μονοκατοικία,250000,200.0,2010.0,"1ος,2ος,3ος",4.0,,Καλή,Δ,1,0,0,1,0,0,0,0,Other
Θεσσαλονίκη,Διαμέρισμα,117000,90.0,1978.0,2ος,2.0,1.0,Καλή,Ε,0,0,0,1,0,0,0,0,Καλαμαριά
Θεσσαλονίκη,Οικία,1500000,800.0,1980.0,Ισόγειο,8.0,7.0,,Δ,0,0,1,1,0,1,1,0,Πανόραμα
Αττική,Μονοκατοικία,70000,75.0,1978.0,Υπερυψωμένο,2.0,1.0,,,0,0,0,0,0,0,0,0,Other
Αττική,Μονοκατοικία,680000,330.0,2011.0,"Υπόγειο,Ισόγειο,1ος,2ος",4.0,3.0,Άριστη,Δ,1,0,1,1,0,0,0,0,Ραφήνα
Θεσσαλονίκη,Διαμέρισμα,58000,78.0,1978.0,2ος,2.0,1.0,Άλλη κατάσταση,Β+,1,0,0,1,0,0,1,1,Αμπελόκηποι
Αττική,Μεζονέτα,790000,208.0,2020.0,Υπόγειο,3.0,3.0,Νεόδμητο,Α+,1,0,0,1,0,1,0,0,"Νέα Ερυθραία,Καστρί"
Αττική,Διαμέρισμα,45000,20.0,1980.0,Ισόγειο,1.0,1.0,Καλή,Δ,0,1,1,1,0,0,1,0,"Καλλιθέα,Λόφος Φιλαρέτου"
Αττική,Κτίριο,450000,451.0,1968.0,Ισόγειο,,,Καλή,Η,0,0,0,0,0,0,0,0,Μοσχάτο
Θεσσαλονίκη,Διαμέρισμα,72000,100.0,1967.0,2ος,3.0,1.0,Ανακαινισμένο,,0,0,0,1,0,0,0,0,Other
Θεσσαλονίκη,Μονοκατοικία,317000,557.0,1991.0,"Υπόγειο,Ισόγειο,1ος,2ος",7.0,3.0,Ημιτελές,Μη αποδοτικό,0,0,0,0,0,0,0,0,"Θεσσαλονίκη,Κάτω Τούμπα"
Αττική,Μεζονέτα,150000,210.0,2004.0,Ισόγειο,3.0,1.0,Νεόδμητο,,1,0,1,0,0,0,1,0,Other
Αττική,Μεζονέτα,340000,215.0,1990.0,Ισόγειο,5.0,2.0,,,1,0,0,0,0,0,0,0,Other
Θεσσαλονίκη,Διαμέρισμα,178000,78.0,1962.0,4ος,2.0,1.0,Ανακαινισμένο,Ζ,0,0,1,1,0,0,1,0,"Θεσσαλονίκη,Ανάληψη"
Θεσσαλονίκη,Διαμέρισμα,45000,45.0,2000.0,3ος,1.0,1.0,Άριστη,Γ,0,0,0,1,0,0,0,0,Other
Αττική,Διαμέρισμα,190000,130.0,1997.0,3ος,3.0,2.0,Καλή,Μη αποδοτικό,0,0,0,0,0,0,0,0,Other
Αττική,Μονοκατοικία,120000,105.0,2004.0,1ος,2.0,2.0,Ανακαινισμένο,Η,1,0,1,0,1,0,1,0,Σαλαμίνα
Αττική,Μονοκατοικία,65000,90.0,1950.0,Υπερυψωμένο,2.0,1.0,,Μη αποδοτικό,0,0,0,0,0,0,0,0,Other
Αττική,Διαμέρισμα,70000,85.0,1980.0,Υπερυψωμένο,2.0,1.0,,,0,0,0,0,0,0,0,1,Other
Θεσσαλονίκη,Διαμέρισμα,72000,60.0,1957.0,3ος,1.0,1.0,Ανακαινισμένο,Η,0,0,0,1,0,0,0,0,"Θεσσαλονίκη,Ανω Πόλη"
Αττική,Διαμέρισμα,320000,220.0,2006.0,5ος,3.0,1.0,Άριστη,Γ,1,1,0,1,0,1,0,0,Καματερό
Αττική,Διαμέρισμα,175000,70.0,1985.0,1ος,2.0,1.0,Καλή,Εξαιρείται,0,0,0,0,0,0,0,0,Other
Θεσσαλονίκη,Μεζονέτα,200000,162.0,1999.0,Ισόγειο,4.0,1.0,Άριστη,Μη αποδοτικό,0,0,0,0,0,1,1,0,Περαία
Αττική,Μεζονέτα,590000,248.0,2013.0,"Ημιυπόγειο,Ισόγειο,1ος",4.0,2.0,Υπο κατασκευή,Μη αποδοτικό,1,0,0,1,0,0,0,0,"Κηφισιά,Νέα Κηφισιά"
Αττική,Διαμέρισμα,250000,87.0,2021.0,"1ος,2ος",2.0,1.0,Υπο κατασκευή,Α,0,0,0,0,0,0,0,0,Other
Αττική,Διαμέρισμα,260000,96.0,1970.0,2ος,1.0,1.0,Καλή,Ε,0,0,1,1,0,0,0,0,"Αθήνα,Κάτω Πετράλωνα"
Αττική,Μονοκατοικία,1550000,400.0,1985.0,"Υπόγειο,Ισόγειο,1ος",5.0,4.0,Ανακαινισμένο,Γ,0,1,1,1,0,1,0,0,Εκάλη
Αττική,Διαμέρισμα,189000,102.0,2005.0,1ος,3.0,1.0,Ανακαινισμένο,Β+,0,1,1,1,0,0,0,0,Other
Αττική,Διαμέρισμα,34500,50.0,1970.0,Ημιυπόγειο,1.0,1.0,Ημιτελές,Η,0,0,0,0,0,0,0,1,Other
Θεσσαλονίκη,Διαμέρισμα,98000,35.0,1960.0,1ος,1.0,1.0,Ανακαινισμένο,Δ,0,0,1,1,0,0,1,1,"Θεσσαλονίκη,Ανάληψη"
Θεσσαλονίκη,Διαμέρισμα,340000,126.0,2005.0,5ος,3.0,2.0,Άριστη,Γ,0,0,0,1,0,1,0,0,"Θεσσαλονίκη,Φάληρο"
Αττική,Διαμέρισμα,250000,110.0,1992.0,3ος,2.0,1.0,Άριστη,Α+,1,0,0,1,0,1,0,0,"Αθήνα,Κυψέλη"
Αττική,Διαμέρισμα,70000,75.0,1999.0,Ημιυπόγειο,1.0,1.0,,Μη αποδοτικό,1,0,0,0,0,0,0,0,Other
Αττική,Διαμέρισμα,330000,115.0,1975.0,4ος,2.0,1.0,,Εκρεμμεί,0,1,1,1,0,0,1,0,Other
Αττική,Μονοκατοικία,750000,425.0,2009.0,Ισόγειο,5.0,5.0,Νεόδμητο,Γ,0,1,1,1,0,1,0,0,Δροσιά
Αττική,Διαμέρισμα,220000,71.0,2004.0,2ος,2.0,1.0,Άριστη,Γ,1,1,0,1,1,0,0,0,Other
Αττική,Διαμέρισμα,330000,180.0,1983.0,5ος,4.0,1.0,Καλή,Γ,1,0,0,1,0,1,0,0,Other
Θεσσαλονίκη,Διαμέρισμα,85000,75.0,1970.0,Ημιώροφος,2.0,1.0,Άλλη κατάσταση,Α,1,0,0,1,0,0,0,0,"Θεσσαλονίκη,Ντεπώ"
Αττική,Διαμέρισμα,180000,88.0,2004.0,1ος,2.0,2.0,Καλή,Δ,0,0,0,0,0,0,0,0,"Νέα Ιωνία,Περισσός"
Θεσσαλονίκη,Διαμέρισμα,310000,137.0,2020.0,2ος,3.0,1.0,Νεόδμητο,Α,0,0,1,1,0,1,0,0,Καλαμαριά
Θεσσαλονίκη,Μεζονέτα,310000,190.0,2011.0,Ισόγειο,4.0,1.0,Νεόδμητο,,1,1,1,1,0,0,1,0,Περαία
Αττική,Διαμέρισμα,195000,80.0,1982.0,3ος,2.0,1.0,Άριστη,Ε,1,0,0,0,0,0,0,0,Other
Αττική,Διαμέρισμα,180000,110.0,1965.0,4ος,3.0,2.0,Ανακαινισμένο,Ε,1,0,1,1,0,0,1,0,"Αθήνα,Πεδίον Άρεως"
Αττική,Διαμέρισμα,280000,76.0,1998.0,2ος,2.0,1.0,Ανακαινισμένο,Γ,1,0,1,1,1,0,1,0,Other
Αττική,Διαμέρισμα,300000,120.0,2005.0,2ος,3.0,1.0,Άριστη,Γ,1,0,1,1,0,1,0,0,Ραφήνα
Αττική,Διαμέρισμα,300000,120.0,1974.0,5ος,2.0,1.0,Ανακαινισμένο,Ζ,0,0,0,1,0,0,0,0,"Καλλιθέα,Λόφος Φιλαρέτου"
Αττική,Μεζονέτα,720000,360.0,2007.0,"Ισόγειο,1ος",4.0,4.0,Άριστη,Δ,1,0,1,1,0,1,0,0,Ραφήνα
Θεσσαλονίκη,Μεζονέτα,230000,160.0,2008.0,Ισόγειο,3.0,1.0,Άριστη,Μη αποδοτικό,1,0,0,1,0,1,0,0,Other
Αττική,Διαμέρισμα,130000,115.0,1977.0,2ος,4.0,1.0,,Εκρεμμεί,0,0,0,0,0,0,0,0,"Αθήνα,Πλατεία Βικτωρίας"
Αττική,Διαμέρισμα,278000,96.0,2022.0,"3ος,4ος",3.0,2.0,Υπο κατασκευή,,0,0,0,1,0,1,0,0,Other
Θεσσαλονίκη,Μεζονέτα,205000,99.0,,"Ισόγειο,1ος,2ος,3ος",2.0,1.0,Άλλη κατάσταση,Εκρεμμεί,0,0,0,0,0,0,0,0,Other
Αττική,Διαμέρισμα,220000,107.0,2002.0,4ος,3.0,1.0,Άλλη κατάσταση,Δ,1,1,0,0,0,1,0,0,Καματερό
Θεσσαλονίκη,Διαμέρισμα,98000,50.0,1965.0,3ος,2.0,1.0,Ανακαινισμένο,Μη αποδοτικό,1,0,1,1,1,0,1,0,Καλαμαριά
Αττική,Διαμέρισμα,80000,53.0,1978.0,Ημιώροφος,1.0,1.0,Ανακαινισμένο,Ζ,1,0,1,0,0,0,0,0,"Αθήνα,Μουσείο"
Αττική,Διαμέρισμα,270000,118.0,2022.0,1ος,3.0,1.0,Υπο κατασκευή,Μη αποδοτικό,0,1,0,1,0,1,0,0,Παιανία
Θεσσαλονίκη,Διαμέρισμα,35000,65.0,1965.0,4ος,2.0,1.0,Χρήζει ανακαίνισης,Η,0,0,0,0,0,0,0,0,Other
Αττική,Μεζονέτα,420000,131.0,2022.0,3ος,3.0,1.0,Νεόδμητο,Α+,1,1,1,1,0,1,0,0,Μοσχάτο
Αττική,Διαμέρισμα,205000,96.0,1970.0,Ισόγειο,2.0,2.0,Ανακαινισμένο,Γ,1,0,0,1,1,0,1,0,"Αθήνα,Καλλιρρόης"
Θεσσαλονίκη,Διαμέρισμα,65000,60.0,1980.0,2ος,2.0,1.0,Άριστη,Δ,1,0,0,1,0,0,0,0,Other
Αττική,Διαμέρισμα,47000,55.0,1965.0,Υπερυψωμένο,1.0,,Ανακαινισμένο,Η,0,0,0,1,0,0,0,0,Other
Αττική,Διαμέρισμα,210000,80.0,1960.0,4ος,2.0,1.0,,Ε,0,1,0,1,0,0,0,0,"Αθήνα,Παγκράτι"
Θεσσαλονίκη,Μεζονέτα,230000,175.0,2022.0,Ισόγειο,3.0,2.0,Υπο κατασκευή,Εκρεμμεί,0,0,0,1,0,0,0,0,Πανόραμα
Αττική,Μονοκατοικία,240000,116.0,1974.0,Ισόγειο,3.0,1.0,Νεόδμητο,,1,1,1,1,0,0,0,0,Other
Αττική,Μονοκατοικία,450000,347.0,2005.0,Ισόγειο,3.0,1.0,Άριστη,Γ,1,0,0,0,0,1,0,0,Other
Αττική,Μεζονέτα,185000,353.0,1995.0,"Ισόγειο,1ος,2ος",4.0,,Υπο κατασκευή,Δ,0,0,0,0,0,0,0,0,Άρτεμις
Θεσσαλονίκη,Διαμέρισμα,85000,67.0,1997.0,3ος,3.0,1.0,Καλή,,0,0,1,0,0,0,0,0,Other
Αττική,Μονοκατοικία,450000,312.0,2004.0,Ισόγειο,7.0,5.0,Άριστη,Γ,1,1,1,1,0,1,0,0,Ραφήνα
Αττική,Διαμέρισμα,160000,93.0,1988.0,4ος,2.0,1.0,Καλή,Εκρεμμεί,0,0,0,0,0,0,0,0,"Καλλιθέα,Λόφος Φιλαρέτου"
Θεσσαλονίκη,Διαμέρισμα,130000,240.0,1986.0,1ος,3.0,1.0,Χρήζει ανακαίνισης,Γ,0,0,0,0,0,0,0,0,Other
Αττική,Μονοκατοικία,65000,50.0,1975.0,Ισόγειο,1.0,,Άλλη κατάσταση,Η,0,0,0,0,0,0,0,0,Δ. Μεγάρων
Αττική,Διαμέρισμα,68000,53.0,1978.0,2ος,1.0,1.0,Καλή,Η,0,0,1,0,0,0,0,0,"Κορυδαλλός,Πλατεία Ελευθερίας"
Θεσσαλονίκη,Διαμέρισμα,83000,80.0,1990.0,1ος,1.0,1.0,Καλή,Γ,0,1,1,1,0,0,0,0,Συκιές
Αττική,Μονοκατοικία,1450000,650.0,,Ισόγειο,,,Καλή,Εκρεμμεί,0,0,0,0,0,1,0,0,Ραφήνα
Αττική,Διαμέρισμα,70000,88.0,1963.0,Ισόγειο,2.0,1.0,Χρήζει ανακαίνισης,Ζ,0,0,0,0,0,0,0,0,"Αθήνα,Κολιάτσου"
Αττική,Διαμέρισμα,105000,70.0,1985.0,Υπερυψωμένο,2.0,1.0,,Δ,0,0,0,0,0,0,0,0,Καματερό
Θεσσαλονίκη,Διαμέρισμα,210000,95.0,2021.0,2ος,2.0,1.0,Υπο κατασκευή,Α+,1,1,1,1,1,0,0,0,Θέρμη
Αττική,Μονοκατοικία,60000,67.0,1961.0,Ισόγειο,1.0,,Χρήζει ανακαίνισης,Η,0,0,0,0,0,0,0,0,Other
Αττική,Μονοκατοικία,140000,130.0,1955.0,Ισόγειο,3.0,2.0,Ανακαινισμένο,Ε,0,1,1,0,0,0,0,0,Σαλαμίνα
Αττική,Διαμέρισμα,120000,48.0,1964.0,4ος,1.0,1.0,Ανακαινισμένο,Ζ,1,0,1,1,1,0,0,0,"Νέα Σμύρνη,Χρυσάκη"
Αττική,Διαμέρισμα,107000,80.0,1974.0,Ημιώροφος,2.0,1.0,Ανακαινισμένο,Γ,1,0,0,1,0,0,0,1,"Αθήνα,Καλλιρρόης"
Αττική,Διαμέρισμα,300000,100.0,1978.0,3ος,2.0,1.0,Ανακαινισμένο,Εκρεμμεί,0,0,1,1,0,0,1,0,Other
Αττική,Μεζονέτα,200000,190.0,2005.0,Ισόγειο,3.0,,Άλλη κατάσταση,Δ,0,0,0,0,0,0,0,0,Other
Αττική,Μεζονέτα,900000,387.0,2005.0,Ισόγειο,5.0,1.0,Καλή,Εκρεμμεί,0,0,0,1,0,1,0,0,Εκάλη
Θεσσαλονίκη,Διαμέρισμα,670000,140.0,1972.0,2ος,3.0,1.0,Ανακαινισμένο,Ε,0,0,1,1,0,0,0,0,"Θεσσαλονίκη,Κέντρο"
Αττική,Διαμέρισμα,130000,75.0,1975.0,1ος,2.0,1.0,Καλή,Η,0,0,0,0,0,0,0,0,"Αθήνα,Κάτω Πετράλωνα"
Αττική,Κτίριο,250000,91.0,1955.0,Ισόγειο,2.0,1.0,Άλλη κατάσταση,Εκρεμμεί,1,0,0,0,0,0,0,0,"Κορυδαλλός,Πλατεία Ελευθερίας"
Αττική,Μεζονέτα,550000,460.0,2008.0,"Υπόγειο,Ισόγειο,1ος,2ος",6.0,4.0,Άριστη,Δ,1,0,0,1,0,1,0,0,"Νέα Ερυθραία,Μορτερό"
Αττική,Διαμέρισμα,210000,122.0,1973.0,4ος,3.0,1.0,,Ζ,0,0,0,1,0,0,0,0,Other
Αττική,Διαμέρισμα,190000,88.0,1998.0,3ος,2.0,1.0,Καλή,Δ,1,0,0,1,1,0,0,0,"Πεύκη,Άνω Πεύκη"
Αττική,Διαμέρισμα,250000,84.0,2022.0,3ος,2.0,1.0,Νεόδμητο,Α,0,1,0,1,0,0,0,0,"Αθήνα,Ελληνορώσων"
Αττική,Διαμέρισμα,240000,97.0,2021.0,1ος,3.0,1.0,Νεόδμητο,Α+,1,1,1,1,0,1,0,0,Other
Αττική,Μεζονέτα,950000,400.0,1999.0,Ισόγειο,4.0,3.0,Άριστη,Ε,1,0,0,1,0,1,0,0,"Κηφισιά,Κεφαλάρι"
Αττική,Διαμέρισμα,125000,62.0,1965.0,6ος,2.0,1.0,Καλή,Η,0,0,0,1,0,0,0,1,"Αθήνα,Άγιος Παντελεήμονας"
Αττική,Διαμέρισμα,420000,89.0,,3ος,2.0,1.0,Υπο κατασκευή,,1,1,0,1,1,1,0,0,"Άλιμος,Καλαμάκι"
Θεσσαλονίκη,Διαμέρισμα,120000,70.0,1980.0,3ος,2.0,1.0,Καλή,Δ,0,0,1,1,0,0,0,1,Καλαμαριά
Αττική,Μεζονέτα,950000,500.0,2007.0,Υπόγειο,4.0,2.0,Άριστη,Μη αποδοτικό,0,1,1,1,0,1,0,0,Other
Αττική,Κτίριο,400000,460.0,2005.0,Ισόγειο,,,Άριστη,Β,0,0,1,0,0,0,0,0,"Άνω Λιόσια,Δροσούπολη"
Αττική,Διαμέρισμα,180000,76.0,2005.0,4ος,2.0,,Καλή,Δ,0,0,0,1,0,0,0,0,"Καλλιθέα,ΟΤΕ"
Αττική,Κτίριο,1200000,980.0,1980.0,"1ος,2ος,3ος,4ος,5ος",,,Νεόδμητο,Ζ,1,0,0,0,0,0,0,0,"Αθήνα,Κυψέλη"
Αττική,Μονοκατοικία,1000000,333.0,1974.0,"Ισόγειο,1ος,2ος",4.0,4.0,Άριστη,,1,0,1,0,0,1,0,0,Εθνικιστών και Αναπήρων Πολέμου
Θεσσαλονίκη,Διαμέρισμα,285000,110.0,2022.0,2ος,3.0,1.0,Νεόδμητο,Α,0,0,1,1,0,0,0,0,"Θεσσαλονίκη,Ντεπώ"
Αττική,Διαμέρισμα,270000,96.0,2007.0,3ος,2.0,1.0,Άριστη,Δ,0,0,1,1,0,1,0,0,Other
Αττική,Διαμέρισμα,170000,85.0,2019.0,4ος,2.0,1.0,Άριστη,Β,1,0,0,1,1,1,0,0,Other
Αττική,Διαμέρισμα,95400,55.0,2012.0,4ος,2.0,1.0,Νεόδμητο,,1,0,1,1,0,0,0,0,"Αθήνα,Άγιος Παντελεήμονας"
Αττική,Διαμέρισμα,330000,110.0,2021.0,1ος,3.0,1.0,Νεόδμητο,,1,1,1,1,0,0,0,0,"Παλλήνη,Κέντρο"
Αττική,Διαμέρισμα,295000,132.0,1974.0,6ος,3.0,1.0,,,1,1,1,1,0,0,0,0,Other
Θεσσαλονίκη,Μεζονέτα,110000,160.0,2017.0,Υπόγειο,4.0,1.0,Καλή,Η,0,0,0,1,0,0,0,0,Other
Θεσσαλονίκη,Μονοκατοικία,105000,100.0,1984.0,Ημιώροφος,2.0,1.0,,Γ,0,0,0,1,0,0,0,0,Other
Θεσσαλονίκη,Διαμέρισμα,48000,53.0,1965.0,5ος,1.0,1.0,Καλή,Γ,0,0,1,0,0,0,1,1,"Θεσσαλονίκη,Κέντρο"
Αττική,Διαμέρισμα,60000,35.0,1974.0,1ος,1.0,1.0,Ανακαινισμένο,Ε,1,0,1,1,0,0,0,1,"Αθήνα,Πλατεία Αμερικής"
Αττική,Μονοκατοικία,1100000,240.0,,"Ισόγειο,1ος",,,,,0,0,0,0,0,0,0,0,Other
Αττική,Διαμέρισμα,35000,36.0,1970.0,Ημιυπόγειο,1.0,1.0,Ανακαινισμένο,Ζ,0,0,0,1,1,0,0,0,Other
Αττική,Διαμέρισμα,256000,90.0,2021.0,4ος,2.0,1.0,Νεόδμητο,Α,0,1,1,1,0,0,0,0,"Καλλιθέα,Κέντρο"
Αττική,Διαμέρισμα,225000,97.0,2005.0,Ισόγειο,3.0,1.0,Νεόδμητο,Β,1,0,1,1,1,0,0,0,"Παλλήνη,Κέντρο"
Θεσσαλονίκη,Διαμέρισμα,155000,110.0,1975.0,2ος,2.0,1.0,Ανακαινισμένο,Δ,1,0,0,1,1,0,0,0,"Θεσσαλονίκη,Χαριλάου"
Αττική,Διαμέρισμα,100000,70.0,1973.0,2ος,2.0,1.0,Ανακαινισμένο,Ζ,0,0,0,1,0,0,0,0,"Αθήνα,Άνω Κυψέλη"
Θεσσαλονίκη,Διαμέρισμα,250000,213.0,2005.0,Υπόγειο,4.0,2.0,Καλή,Γ,0,0,0,1,0,1,0,0,Other
Αττική,Κτίριο,385000,600.0,,"Ισόγειο,1ος,2ος",,,Ημιτελές,Μη αποδοτικό,0,0,0,0,0,0,0,0,Παιανία
Θεσσαλονίκη,Διαμέρισμα,320000,145.0,2021.0,1ος,3.0,2.0,Υπο κατασκευή,Α+,0,0,1,1,0,0,0,0,Θέρμη
Αττική,Μονοκατοικία,2500000,1000.0,2007.0,"Υπόγειο,Ημιυπόγειο,Ισόγειο,1ος",10.0,8.0,,,0,0,0,0,0,0,0,0,Other
Αττική,Διαμέρισμα,900000,200.0,2002.0,Ισόγειο,3.0,2.0,Άλλη κατάσταση,Δ,0,0,1,0,0,1,0,0,Πεντέλη
Αττική,Διαμέρισμα,270000,100.0,1979.0,3ος,2.0,1.0,Καλή,Ζ,1,0,1,1,0,0,1,0,"Αθήνα,Παγκράτι"
Αττική,Διαμέρισμα,180000,115.0,2012.0,1ος,2.0,1.0,Νεόδμητο,Ε,0,1,0,1,0,1,0,0,Other
Θεσσαλονίκη,Διαμέρισμα,190000,100.0,1970.0,1ος,3.0,1.0,Άριστη,Δ,1,0,0,1,1,0,0,0,"Θεσσαλονίκη,Χαριλάου"
Αττική,Μεζονέτα,130000,54.0,2021.0,2ος,1.0,1.0,Νεόδμητο,Α,1,1,1,1,1,0,0,0,"Ταύρος Αττικής,Κέντρο"
Θεσσαλονίκη,Διαμέρισμα,86000,66.0,2002.0,1ος,2.0,1.0,Καλή,Γ,0,0,0,1,0,0,1,0,Συκιές
Αττική,Διαμέρισμα,50000,27.0,1972.0,6ος,,1.0,Καλή,Η,0,0,0,0,0,0,0,0,"Αθήνα,Κολιάτσου"
Θεσσαλονίκη,Διαμέρισμα,340000,160.0,1963.0,7ος,3.0,1.0,Άριστη,Γ,0,0,1,1,0,0,0,1,"Θεσσαλονίκη,Ανω Πόλη"
Αττική,Διαμέρισμα,125000,83.0,1975.0,3ος,2.0,2.0,Ανακαινισμένο,Ε,0,0,1,1,0,0,0,0,"Αθήνα,Κολιάτσου"
Αττική,Διαμέρισμα,70000,140.0,1970.0,Υπόγειο,1.0,1.0,,Η,0,0,0,0,0,0,0,0,"Καλλιθέα,Κέντρο"
Αττική,Διαμέρισμα,430000,136.0,1975.0,2ος,2.0,1.0,Άλλη κατάσταση,Ζ,1,0,0,0,0,0,0,0,Ψυχικό
Αττική,Μεζονέτα,400000,165.0,2002.0,"2ος,3ος",4.0,2.0,Άριστη,Β,0,1,1,1,0,1,0,0,"Μαρούσι,Νέο Τέρμα"
Θεσσαλονίκη,Διαμέρισμα,130000,94.0,1977.0,1ος,2.0,1.0,Άριστη,Δ,0,0,1,1,0,0,0,1,Other
Θεσσαλονίκη,Μονοκατοικία,139000,133.0,1980.0,Ισόγειο,3.0,1.0,Καλή,Β+,0,0,1,1,0,1,0,0,Other
Αττική,Μονοκατοικία,220000,280.0,1991.0,"Ισόγειο,1ος",5.0,2.0,Υπο κατασκευή,Ε,0,0,0,0,0,0,0,0,Άρτεμις
Αττική,Διαμέρισμα,95000,50.0,1972.0,3ος,1.0,1.0,Καλή,Η,1,0,0,0,0,0,0,1,"Αθήνα,Νέος Κόσμος"
Αττική,Διαμέρισμα,123000,73.0,1962.0,2ος,2.0,1.0,Καλή,Ε,1,0,0,1,0,0,0,0,"Αθήνα,Μουσείο"
Θεσσαλονίκη,Διαμέρισμα,270000,103.0,2021.0,4ος,3.0,1.0,Υπο κατασκευή,Α,0,0,0,1,0,0,0,0,"Θεσσαλονίκη,Χαριλάου"
Αττική,Διαμέρισμα,55000,100.0,1995.0,Υπερυψωμένο,3.0,1.0,,Δ,1,1,0,0,0,0,0,0,Other
Θεσσαλονίκη,Μεζονέτα,440000,265.0,2021.0,"Ισόγειο,1ος",5.0,2.0,Υπο κατασκευή,Μη αποδοτικό,1,0,0,0,0,0,0,0,Other
Αττική,Μεζονέτα,1500000,625.0,2008.0,Ισόγειο,6.0,,Νεόδμητο,Γ,1,0,1,0,0,1,0,0,Εκάλη
Αττική,Διαμέρισμα,65000,55.0,1960.0,Υπερυψωμένο,1.0,1.0,Ανακαινισμένο,Η,0,0,1,1,0,0,0,1,"Αθήνα,Τρεις Γέφυρες"
Αττική,Μονοκατοικία,250000,256.0,1980.0,"Ισόγειο,1ος",7.0,3.0,Χρήζει ανακαίνισης,Η,0,0,0,0,0,0,0,0,Other
Αττική,Διαμέρισμα,120000,64.0,1970.0,Ισόγειο,1.0,1.0,Ανακαινισμένο,Ε,0,0,1,0,0,0,0,0,Other
Αττική,Μονοκατοικία,185000,353.0,1990.0,Ισόγειο,4.0,4.0,Ημιτελές,Μη αποδοτικό,0,0,0,0,0,0,0,0,Other
Αττική,Μονοκατοικία,123000,95.0,1962.0,Ισόγειο,2.0,1.0,Καλή,Η,0,0,0,0,0,0,0,0,"Καλλιθέα,ΟΤΕ"
Αττική,Κτίριο,700000,900.0,1932.0,Ισόγειο,1.0,9.0,Καλή,Ζ,0,0,1,1,0,0,1,0,"Αθήνα,Κυψέλη"
Θεσσαλονίκη,Μονοκατοικία,410000,550.0,1979.0,Ισόγειο,4.0,3.0,Ανακαινισμένο,Δ,0,0,0,1,0,1,0,0,Other
Αττική,Μεζονέτα,550000,600.0,2010.0,Ισόγειο,6.0,1.0,Ημιτελές,Μη αποδοτικό,0,0,0,0,0,1,0,0,"Κηφισιά,Κάτω Κηφισιά"
Αττική,Μονοκατοικία,280000,135.0,2000.0,"Υπόγειο,Υπερυψωμένο,1ος",4.0,2.0,Καλή,Δ,1,1,1,1,0,1,1,0,Άρτεμις
Αττική,Διαμέρισμα,220000,127.0,1980.0,4ος,3.0,1.0,Ανακαινισμένο,Γ,1,1,0,1,1,0,0,0,Other
Θεσσαλονίκη,Μεζονέτα,321500,161.0,2022.0,Ισόγειο,3.0,3.0,Υπο κατασκευή,Α+,0,1,1,1,0,1,0,0,Πανόραμα
Αττική,Οικία,53000,79.0,,1ος,2.0,1.0,,Β+,0,0,1,0,0,0,0,0,Other
Αττική,Διαμέρισμα,310000,105.0,1998.0,2ος,2.0,1.0,Καλή,Δ,0,1,0,1,0,1,0,0,Other
Αττική,Μεζονέτα,125000,87.0,2013.0,"Ισόγειο,1ος",2.0,1.0,Ημιτελές,Μη αποδοτικό,0,1,0,0,0,1,0,0,Νέα Πέραμος
Αττική,Διαμέρισμα,150000,100.0,1966.0,1ος,3.0,1.0,Ανακαινισμένο,Η,0,0,0,0,0,0,0,0,"Αθήνα,Νέος Κόσμος"
Αττική,Διαμέρισμα,285000,86.0,2022.0,3ος,2.0,1.0,Νεόδμητο,Α+,1,1,1,1,1,0,0,0,"Αθήνα,Καλλιρρόης"
Θεσσαλονίκη,Διαμέρισμα,125000,160.0,2000.0,1ος,3.0,1.0,Ημιτελές,Μη αποδοτικό,0,0,0,0,0,1,0,0,Other
Αττική,Διαμέρισμα,279000,84.0,2020.0,2ος,2.0,1.0,Νεόδμητο,Α+,0,1,1,1,0,1,0,0,Other
Αττική,Διαμέρισμα,43000,27.0,1980.0,Υπερυψωμένο,1.0,1.0,,Δ,1,0,0,0,0,0,0,1,Other
Θεσσαλονίκη,Διαμέρισμα,130000,85.0,2022.0,2ος,2.0,1.0,Υπο κατασκευή,Ε,1,0,1,0,1,0,0,1,"Θεσσαλονίκη,Παπάφειο"
Θεσσαλονίκη,Διαμέρισμα,450000,155.0,1965.0,2ος,3.0,2.0,Καλή,Ζ,0,0,0,1,0,0,0,1,"Θεσσαλονίκη,Κέντρο"
Αττική,Διαμέρισμα,200000,124.0,1970.0,1ος,2.0,1.0,,Εκρεμμεί,0,1,0,1,0,0,0,0,"Αθήνα,Κυψέλη"
Αττική,Διαμέρισμα,45000,45.0,1985.0,4ος,1.0,1.0,,,0,1,1,0,0,0,0,1,"Πέραμα,Κέντρο"
Αττική,Διαμέρισμα,135000,43.0,2010.0,1ος,1.0,1.0,,Γ,1,0,0,0,0,0,0,0,Other
Αττική,Διαμέρισμα,118000,109.0,1970.0,Ισόγειο,2.0,1.0,Ανακαινισμένο,Ε,1,0,0,1,0,0,0,0,"Αθήνα,Κολιάτσου"
Αττική,Διαμέρισμα,48000,104.0,1990.0,Ισόγειο,1.0,1.0,,,1,0,0,0,0,0,0,1,"Κορυδαλλός,Πλατεία Ελευθερίας"
Αττική,Διαμέρισμα,175000,85.0,2019.0,2ος,2.0,1.0,Νεόδμητο,Β,1,1,1,1,0,0,0,0,Other
Αττική,Διαμέρισμα,60000,55.0,,1ος,1.0,1.0,Ανακαινισμένο,Εκρεμμεί,0,0,0,1,0,0,0,0,"Αθήνα,Πλατεία Αττικής"
Θεσσαλονίκη,Διαμέρισμα,395000,155.0,2022.0,5ος,3.0,1.0,Νεόδμητο,Β+,1,0,0,1,1,0,0,0,"Θεσσαλονίκη,Κάτω Τούμπα"
Αττική,Διαμέρισμα,125000,94.0,1993.0,3ος,2.0,1.0,,Ζ,0,1,1,1,0,0,0,0,Other
Θεσσαλονίκη,Οικία,225000,306.0,2006.0,1ος,4.0,4.0,Άλλη κατάσταση,Α,1,0,0,0,0,0,0,0,"Θεσσαλονίκη,Ξηροκρήνη"
Αττική,Διαμέρισμα,138000,52.0,1997.0,2ος,1.0,1.0,Άριστη,Ζ,1,0,0,0,0,0,0,0,Other
Αττική,Μονοκατοικία,50000,62.0,1980.0,Ισόγειο,2.0,1.0,Χρήζει ανακαίνισης,Η,0,0,0,0,0,0,0,0,Other
Αττική,Μονοκατοικία,290000,220.0,1990.0,Ισόγειο,3.0,2.0,,Μη αποδοτικό,1,1,1,0,0,1,0,0,Other
Αττική,Μεζονέτα,300000,235.0,2009.0,Ισόγειο,7.0,3.0,Νεόδμητο,,1,1,0,1,0,0,0,0,Other
Αττική,Μονοκατοικία,220000,85.0,1932.0,Ισόγειο,2.0,1.0,Άριστη,Η,1,0,0,1,0,1,0,0,"Αθήνα,Κολιάτσου"
Αττική,Διαμέρισμα,180000,137.0,1969.0,1ος,3.0,1.0,Άριστη,Μη αποδοτικό,1,0,0,1,0,0,0,0,"Καλλιθέα,Κέντρο"
Αττική,Διαμέρισμα,135000,72.0,2008.0,2ος,2.0,1.0,,Εκρεμμεί,0,0,0,1,0,0,0,0,"Αθήνα,Τρεις Γέφυρες"
Αττική,Διαμέρισμα,350000,132.0,1980.0,4ος,2.0,1.0,Άριστη,Γ,1,0,0,1,1,1,0,0,Other
Θεσσαλονίκη,Μονοκατοικία,90000,185.0,2022.0,Ισόγειο,4.0,2.0,Υπο κατασκευή,Α,0,0,0,0,0,0,0,0,Other
Αττική,Μεζονέτα,280000,210.0,2007.0,"Ισόγειο,1ος",3.0,2.0,Άριστη,Β,1,1,0,1,0,1,0,0,"Άνω Λιόσια,Άγιος Ιωάννης Θεολόγος"
Αττική,Κτίριο,380000,400.0,1975.0,Ισόγειο,3.0,2.0,Νεόδμητο,,1,1,0,0,0,0,0,0,Other
Αττική,Διαμέρισμα,128000,45.0,1975.0,4ος,1.0,,Ανακαινισμένο,Ζ,1,0,1,1,0,0,1,0,Other
Θεσσαλονίκη,Μεζονέτα,150000,140.0,2007.0,Ισόγειο,3.0,2.0,Καλή,Γ,1,0,0,0,1,1,0,0,Other
Θεσσαλονίκη,Μονοκατοικία,950000,340.0,2021.0,Ισόγειο,4.0,2.0,Νεόδμητο,Α+,0,1,0,1,0,1,0,0,Θέρμη
Αττική,Διαμέρισμα,420000,134.0,2003.0,Ισόγειο,3.0,2.0,Άριστη,Γ,1,0,1,1,0,1,0,0,"Κηφισιά,Νέα Κηφισιά"
Θεσσαλονίκη,Διαμέρισμα,48000,31.0,1990.0,5ος,1.0,,Καλή,Γ,0,0,1,1,0,0,1,0,Καλαμαριά
Αττική,Διαμέρισμα,90000,98.0,1962.0,4ος,2.0,1.0,Καλή,Εκρεμμεί,0,0,0,1,0,0,0,0,Other
Αττική,Διαμέρισμα,175000,93.0,1977.0,5ος,2.0,1.0,Ανακαινισμένο,Δ,1,1,1,1,0,0,0,0,"Καλλιθέα,Σταθμός ΗΣΑΠ Ταύρου"
Αττική,Μεζονέτα,800000,380.0,2006.0,Ισόγειο,6.0,5.0,Άριστη,,1,0,1,1,0,1,0,0,Other
Θεσσαλονίκη,Διαμέρισμα,146000,90.0,1960.0,6ος,2.0,1.0,Ανακαινισμένο,Δ,0,0,1,1,0,0,0,0,"Θεσσαλονίκη,Βαρδάρη"
Αττική,Μεζονέτα,189000,66.0,2022.0,"5ος,6ος",2.0,2.0,Υπο κατασκευή,Α+,0,1,1,1,0,0,0,0,"Αθήνα,Κάτω Πετράλωνα"
Αττική,Διαμέρισμα,720000,185.0,1976.0,Ισόγειο,3.0,2.0,Καλή,Ζ,1,0,1,1,1,1,0,0,Ψυχικό
Αττική,Διαμέρισμα,70000,55.0,2002.0,Ισόγειο,1.0,1.0,Καλή,Γ,0,0,1,0,0,0,0,0,Other
Αττική,Διαμέρισμα,370000,172.0,1980.0,6ος,3.0,3.0,Ανακαινισμένο,Ζ,1,0,1,1,1,0,0,0,"Άλιμος,Καλαμάκι"
Αττική,Διαμέρισμα,224000,83.0,2022.0,1ος,2.0,1.0,Υπο κατασκευή,Α+,1,1,1,1,0,0,0,0,"Καλλιθέα,Σταθμός ΗΣΑΠ Ταύρου"
Αττική,Μονοκατοικία,100000,250.0,1990.0,Ισόγειο,2.0,1.0,Καλή,Δ,1,0,0,0,0,1,0,0,Άρτεμις
Αττική,Διαμέρισμα,250000,125.0,1963.0,4ος,3.0,1.0,Καλή,,0,1,1,1,0,0,0,0,"Αθήνα,Άνω Κυψέλη"
Αττική,Μονοκατοικία,1050000,155.0,1972.0,"Ημιυπόγειο,Ισόγειο",3.0,2.0,Χρήζει ανακαίνισης,Ζ,0,0,1,0,0,0,0,0,Other
Αττική,Διαμέρισμα,140000,67.0,1991.0,3ος,2.0,1.0,Άλλη κατάσταση,Δ,1,0,1,0,0,1,0,0,Other
Αττική,Διαμέρισμα,120000,127.0,2003.0,Ισόγειο,,,Νεόδμητο,Μη αποδοτικό,0,0,0,0,0,1,0,0,Άρτεμις
Θεσσαλονίκη,Διαμέρισμα,88000,59.0,1980.0,4ος,1.0,1.0,Ανακαινισμένο,Β+,1,0,1,1,1,0,0,0,Other
Αττική,Διαμέρισμα,220000,95.0,1970.0,3ος,2.0,2.0,Ανακαινισμένο,Εκρεμμεί,1,0,1,1,1,0,1,0,"Αθήνα,Πλατεία Βικτωρίας"
Αττική,Μονοκατοικία,350000,290.0,1955.0,"Ισόγειο,1ος",4.0,2.0,Άλλη κατάσταση,Εκρεμμεί,0,0,0,0,0,0,0,0,"Καλλιθέα,Κέντρο"
Αττική,Διαμέρισμα,590000,140.0,2022.0,6ος,3.0,1.0,Νεόδμητο,Α+,1,1,1,1,1,1,0,0,Other
Αττική,Διαμέρισμα,820000,343.0,1979.0,5ος,5.0,2.0,,,1,0,0,0,0,0,0,0,Other
Αττική,Μονοκατοικία,185000,150.0,1960.0,"Ισόγειο,1ος",4.0,2.0,Καλή,Εκρεμμεί,0,0,1,1,0,0,0,0,Other
Αττική,Μονοκατοικία,350000,280.0,2001.0,"Ισόγειο,1ος",3.0,1.0,Άλλη κατάσταση,Δ,0,1,0,0,0,1,0,0,"Άνω Λιόσια,Δροσούπολη"
Αττική,Διαμέρισμα,297000,110.0,1998.0,2ος,3.0,1.0,Νεόδμητο,Γ,0,1,1,1,0,1,0,0,Other
Αττική,Διαμέρισμα,381600,95.0,2021.0,1ος,2.0,1.0,Νεόδμητο,Α,1,0,0,1,0,0,0,0,Other
Αττική,Διαμέρισμα,165000,89.0,1974.0,5ος,2.0,1.0,Ανακαινισμένο,Η,1,0,1,1,0,0,0,0,"Καλλιθέα,Τζιτζιφιές"
Αττική,Διαμέρισμα,250000,119.0,2005.0,4ος,3.0,1.0,,Εκρεμμεί,0,1,1,1,0,0,1,0,"Αθήνα,Πλατεία Βικτωρίας"
Αττική,Μεζονέτα,300000,200.0,2000.0,5ος,4.0,1.0,Καλή,Δ,1,1,0,1,0,1,0,0,Other
Αττική,Διαμέρισμα,480000,150.0,1999.0,3ος,2.0,2.0,Καλή,Γ,1,1,1,0,0,1,0,0,Other
Αττική,Μονοκατοικία,850000,346.0,1986.0,"Ημιυπόγειο,Υπερυψωμένο,1ος",4.0,2.0,Καλή,Γ,0,1,1,1,0,1,1,0,Other
Αττική,Μεζονέτα,590000,270.0,2009.0,Ισόγειο,5.0,3.0,Ανακαινισμένο,Γ,0,0,0,1,0,1,1,0,Άρτεμις
Αττική,Διαμέρισμα,300000,94.0,2006.0,Ισόγειο,2.0,1.0,,,1,0,1,1,0,0,1,1,Other
Αττική,Διαμέρισμα,300000,63.0,1999.0,3ος,1.0,1.0,Καλή,Γ,0,0,0,0,0,0,0,0,"Αθήνα,Κολωνάκι"
Αττική,Κτίριο,110000,134.0,,Ισόγειο,,,Ημιτελές,Η,0,0,0,0,0,0,0,0,Other
Αττική,Μονοκατοικία,140000,100.0,1980.0,Υπερυψωμένο,3.0,1.0,,,1,0,1,1,0,0,0,0,Other
Αττική,Διαμέρισμα,85000,67.0,1980.0,4ος,2.0,,Άριστη,Γ,1,0,1,1,0,0,0,0,"Αθήνα,Άγιος Παντελεήμονας"
Αττική,Μονοκατοικία,330000,264.0,2007.0,Υπερυψωμένο,5.0,4.0,,,1,1,0,1,0,0,0,0,Άρτεμις
Αττική,Διαμέρισμα,45000,30.0,1974.0,Ισόγειο,1.0,1.0,Καλή,Δ,0,0,0,1,0,0,0,0,"Αθήνα,Πανόρμου"
Αττική,Διαμέρισμα,150000,62.0,2003.0,Ισόγειο,2.0,1.0,Καλή,Δ,0,0,0,1,0,0,0,0,Other
Αττική,Διαμέρισμα,210000,46.0,2012.0,2ος,1.0,1.0,Νεόδμητο,,1,0,0,0,0,0,0,0,Ραφήνα
Θεσσαλονίκη,Διαμέρισμα,46000,26.0,1979.0,5ος,1.0,1.0,,Α+,0,0,1,1,0,0,0,1,"Θεσσαλονίκη,Ξηροκρήνη"
Αττική,Μονοκατοικία,85000,60.0,1998.0,Ισόγειο,2.0,1.0,Άλλη κατάσταση,Δ,1,0,1,0,0,0,0,0,Other
Αττική,Διαμέρισμα,150000,83.0,1987.0,1ος,2.0,1.0,,,0,1,1,1,0,0,0,0,Other
Αττική,Διαμέρισμα,270000,75.0,1995.0,5ος,1.0,1.0,Ανακαινισμένο,Δ,0,0,1,1,0,1,0,0,"Αθήνα,Παγκράτι"
Αττική,Διαμέρισμα,170000,105.0,1991.0,Ημιυπόγειο,2.0,1.0,Άλλη κατάσταση,Ε,1,0,1,1,0,1,0,0,"Κηφισιά,Νέα Κηφισιά"
Αττική,Διαμέρισμα,135000,60.0,1982.0,3ος,1.0,1.0,Ανακαινισμένο,Γ,1,0,1,1,1,0,0,1,Other
Αττική,Μονοκατοικία,130000,84.0,1995.0,Ισόγειο,3.0,1.0,Καλή,Εκρεμμεί,0,0,0,0,0,0,1,0,Ζεφύρι
Αττική,Μονοκατοικία,50000,55.0,1980.0,Ισόγειο,2.0,,,,0,0,0,0,0,0,0,0,Άρτεμις
Αττική,Διαμέρισμα,125000,113.0,1962.0,1ος,2.0,1.0,Ανακαινισμένο,Η,0,0,1,1,0,0,0,1,"Αθήνα,Άγιος Νικόλαος"
Θεσσαλονίκη,Διαμέρισμα,115000,68.0,1998.0,3ος,1.0,1.0,Άριστη,Ε,1,0,1,1,1,0,0,0,Other
Θεσσαλονίκη,Μονοκατοικία,690000,300.0,1986.0,Ισόγειο,6.0,3.0,Καλή,Ε,0,0,0,1,0,1,0,0,Other
Αττική,Διαμέρισμα,295000,95.0,1997.0,1ος,2.0,1.0,Καλή,Δ,1,0,0,1,1,1,0,0,"Μαρούσι,Νέα Φιλοθέη"
Αττική,Μονοκατοικία,100000,80.0,1985.0,Ισόγειο,2.0,1.0,Χρήζει ανακαίνισης,Η,0,0,1,0,0,0,0,0,Σπάτα
Θεσσαλονίκη,Διαμέρισμα,120000,80.0,1973.0,4ος,2.0,1.0,Χρήζει ανακαίνισης,Δ,0,0,1,0,0,0,0,0,"Θεσσαλονίκη,Κέντρο"
Αττική,Μονοκατοικία,800000,180.0,1910.0,Ισόγειο,3.0,2.0,Χρήζει ανακαίνισης,Μη αποδοτικό,0,0,0,0,0,0,0,0,"Αθήνα,Παγκράτι"
Αττική,Μονοκατοικία,350000,180.0,2003.0,"Ισόγειο,1ος,2ος",3.0,2.0,Άριστη,Δ,0,1,0,1,0,1,0,0,Παλλήνη
Αττική,Διαμέρισμα,194000,50.0,1979.0,2ος,1.0,1.0,Καλή,Ζ,0,0,1,1,0,0,1,1,"Αθήνα,Ιλίσια"
Θεσσαλονίκη,Μεζονέτα,1200000,180.0,2013.0,"4ος,5ος",4.0,2.0,,Μη αποδοτικό,1,0,1,0,1,0,0,1,Καλαμαριά
Αττική,Διαμέρισμα,230000,95.0,2022.0,1ος,3.0,1.0,Υπο κατασκευή,Α+,1,0,0,1,0,0,0,0,Other
Αττική,Διαμέρισμα,300000,115.0,1965.0,3ος,2.0,1.0,,Ζ,0,1,0,0,0,0,0,1,"Αθήνα,Παγκράτι"
Αττική,Μεζονέτα,330000,220.0,2010.0,Ισόγειο,4.0,3.0,Καλή,Γ,1,0,0,1,0,1,0,0,Παιανία
Αττική,Μεζονέτα,620000,330.0,1988.0,"Ημιυπόγειο,Υπερυψωμένο,1ος",5.0,4.0,Ανακαινισμένο,,1,0,0,0,0,1,0,0,"Νέα Ερυθραία,Καστρί"
Αττική,Διαμέρισμα,65000,52.0,1971.0,2ος,1.0,1.0,Καλή,Η,0,0,0,0,0,0,0,0,Other
Αττική,Μονοκατοικία,1500000,300.0,1960.0,"Ισόγειο,1ος",4.0,3.0,Ανακαινισμένο,Γ,1,0,0,1,1,1,0,0,"Νέο Ψυχικό,Πλατεία Ελευθερίας"
Αττική,Διαμέρισμα,215000,115.0,1975.0,Ισόγειο,3.0,1.0,Καλή,Ζ,0,0,0,0,0,0,0,0,Other
Θεσσαλονίκη,Διαμέρισμα,582000,194.0,2021.0,4ος,3.0,2.0,Νεόδμητο,Α,0,0,0,1,0,0,0,0,Καλαμαριά
Αττική,Διαμέρισμα,140000,95.0,1978.0,2ος,2.0,1.0,Ανακαινισμένο,Η,1,0,1,1,0,0,1,0,Παιανία
Αττική,Διαμέρισμα,315000,263.0,1996.0,Υπερυψωμένο,3.0,,,Δ,1,0,0,1,0,1,0,0,"Πεύκη,Άνω Πεύκη"
Αττική,Μεζονέτα,1400000,380.0,2007.0,"Υπόγειο,Ισόγειο,1ος",6.0,5.0,Νεόδμητο,,1,0,1,0,0,1,0,0,"Κηφισιά,Πολιτεία"
Αττική,Κτίριο,1600000,527.0,1957.0,"Ημιυπόγειο,Ισόγειο,1ος,2ος,3ος,4ος",13.0,1.0,Ανακαινισμένο,Δ,1,0,0,0,0,0,0,0,Other
Αττική,Μονοκατοικία,65000,60.0,1980.0,Ισόγειο,1.0,1.0,,,0,0,0,0,0,0,1,0,Other
Αττική,Μονοκατοικία,800000,180.0,1980.0,Ισόγειο,4.0,,Ανακαινισμένο,Δ,1,0,0,0,0,1,0,0,Φιλοθέη
Αττική,Κτίριο,480000,344.0,2000.0,"Υπόγειο,Ισόγειο,1ος",,,Καλή,Ε,0,0,0,0,0,0,0,0,Other
Αττική,Μεζονέτα,300000,180.0,2008.0,"Υπόγειο,Υπερυψωμένο,1ος",3.0,2.0,,,0,0,0,1,0,1,0,0,Other
Θεσσαλονίκη,Μονοκατοικία,95000,184.0,2013.0,1ος,3.0,1.0,Νεόδμητο,Δ,1,0,1,1,0,1,0,0,Other
Θεσσαλονίκη,Διαμέρισμα,250000,95.0,1981.0,2ος,2.0,1.0,,Μη αποδοτικό,1,0,1,1,1,0,0,0,"Θεσσαλονίκη,Ανάληψη"
Αττική,Κτίριο,180000,230.0,1993.0,Ισόγειο,7.0,3.0,Ημιτελές,,0,1,1,0,0,0,0,0,Καματερό
Αττική,Μεζονέτα,310000,170.0,2010.0,"Ισόγειο,1ος",3.0,2.0,Άριστη,Β,1,0,0,1,0,1,0,0,Ραφήνα
Θεσσαλονίκη,Διαμέρισμα,155000,92.0,1976.0,2ος,2.0,1.0,Άλλη κατάσταση,Α,1,0,1,1,1,0,0,0,"Θεσσαλονίκη,Βαρδάρη"
Αττική,Μεζονέτα,200000,180.0,1996.0,Ισόγειο,3.0,1.0,,Μη αποδοτικό,0,0,0,0,0,0,0,0,Other
Θεσσαλονίκη,Διαμέρισμα,420000,290.0,2020.0,Ισόγειο,4.0,4.0,Καλή,Α,0,0,0,1,0,1,0,0,Θέρμη
Αττική,Διαμέρισμα,154500,77.0,1980.0,7ος,2.0,1.0,Καλή,Ζ,0,0,0,1,0,0,1,0,"Αθήνα,Άνω Πατήσια"
Αττική,Μονοκατοικία,160000,76.0,1975.0,Ισόγειο,2.0,1.0,Καλή,,0,0,0,0,0,0,0,0,Παιανία
Αττική,Μεζονέτα,260000,220.0,2010.0,"Ισόγειο,1ος,2ος,3ος",3.0,2.0,Άριστη,Β+,1,0,0,1,0,1,0,0,Παιανία
Αττική,Μονοκατοικία,125000,214.0,1973.0,Ισόγειο,4.0,2.0,Καλή,Η,0,0,0,0,0,0,0,0,Other
Αττική,Διαμέρισμα,350000,155.0,1974.0,1ος,3.0,1.0,Ανακαινισμένο,Ε,1,0,1,1,0,0,1,0,"Αθήνα,Ελληνορώσων"
Αττική,Μονοκατοικία,300000,160.0,1988.0,Ισόγειο,3.0,1.0,,,1,1,1,1,0,0,0,0,"Αθήνα,Νιρβάνα"
Αττική,Μονοκατοικία,80000,71.0,1963.0,Ισόγειο,2.0,1.0,,,0,0,0,0,0,0,0,0,Other
Αττική,Διαμέρισμα,300000,100.0,2011.0,1ος,3.0,2.0,,,1,1,0,1,0,0,0,0,Other
Αττική,Μονοκατοικία,800000,325.0,1995.0,Ισόγειο,7.0,7.0,Άριστη,Δ,0,0,0,0,0,1,0,0,Δροσιά
Θεσσαλονίκη,Διαμέρισμα,300000,140.0,1991.0,4ος,3.0,1.0,,Μη αποδοτικό,0,0,0,0,0,1,0,0,Καλαμαριά
Αττική,Διαμέρισμα,105000,45.0,2009.0,1ος,1.0,1.0,Καλή,Εκρεμμεί,0,0,0,1,0,0,0,0,"Νέα Ιωνία,Σαφράμπολη"
Αττική,Διαμέρισμα,70000,70.0,1970.0,5ος,3.0,1.0,Καλή,Εκρεμμεί,0,0,0,1,0,0,0,0,"Αθήνα,Πλατεία Αμερικής"
Αττική,Μονοκατοικία,300000,85.0,1960.0,Ισόγειο,2.0,1.0,Άλλη κατάσταση,Η,0,0,1,0,0,0,0,0,Other
Αττική,Κτίριο,480000,375.0,1954.0,Ισόγειο,9.0,3.0,,Ζ,0,0,0,0,0,0,0,0,"Αθήνα,Άγιος Νικόλαος"
Αττική,Διαμέρισμα,230000,95.0,1994.0,4ος,3.0,1.0,Καλή,Ε,1,0,0,0,0,1,0,0,Other
Αττική,Διαμέρισμα,358000,105.0,2019.0,8ος,3.0,1.0,Νεόδμητο,Β,0,1,0,1,1,1,0,0,Other
Αττική,Μονοκατοικία,270000,450.0,2009.0,Ισόγειο,4.0,3.0,Καλή,Μη αποδοτικό,1,0,0,1,0,1,0,0,Other
Αττική,Διαμέρισμα,105000,95.0,1999.0,Ισόγειο,2.0,,Άριστη,Δ,1,1,0,1,0,0,0,0,Σαλαμίνα
Αττική,Διαμέρισμα,60000,76.0,1976.0,Ισόγειο,1.0,1.0,Καλή,Η,0,0,0,0,0,0,0,0,"Πέραμα,Κέντρο"
Αττική,Διαμέρισμα,130000,114.0,1987.0,Υπερυψωμένο,2.0,1.0,,,1,0,1,1,0,0,0,0,Other
Αττική,Μονοκατοικία,820000,540.0,,"Ημιυπόγειο,Ισόγειο,1ος,2ος",,,,Γ,0,0,0,0,0,0,0,0,Εκάλη
Αττική,Διαμέρισμα,200000,65.0,2022.0,1ος,2.0,1.0,Υπο κατασκευή,Α,1,1,1,1,1,1,0,0,Μοσχάτο
Αττική,Διαμέρισμα,345000,109.0,1983.0,1ος,3.0,1.0,Καλή,Ζ,1,0,0,1,0,1,0,0,Other
Αττική,Διαμέρισμα,140000,100.0,1980.0,Ισόγειο,3.0,1.0,Ανακαινισμένο,Δ,1,0,1,1,0,0,0,0,Other
Αττική,Διαμέρισμα,72000,73.0,1966.0,2ος,2.0,1.0,Καλή,Εκρεμμεί,0,0,1,1,0,0,0,0,"Αθήνα,Αγία Παρασκευή"
Θεσσαλονίκη,Μονοκατοικία,300000,230.0,2016.0,"Ισόγειο,1ος,2ος",4.0,2.0,Νεόδμητο,Β,0,0,0,1,0,1,0,0,Θέρμη
Αττική,Διαμέρισμα,100000,58.0,1970.0,2ος,1.0,1.0,Ανακαινισμένο,Ζ,0,0,1,1,0,0,0,1,"Καλλιθέα,Κέντρο"
Αττική,Μεζονέτα,450000,240.0,2017.0,Ισόγειο,2.0,1.0,Νεόδμητο,,1,1,1,1,0,0,0,0,Other
Αττική,Μεζονέτα,285000,120.0,1985.0,Ισόγειο,3.0,2.0,Ανακαινισμένο,Μη αποδοτικό,0,1,1,1,0,0,1,0,Νέα Πεντέλη
Θεσσαλονίκη,Μονοκατοικία,350000,110.0,2015.0,"Ισόγειο,1ος",2.0,1.0,Άλλη κατάσταση,Η,1,0,0,0,0,1,0,0,Other
Αττική,Διαμέρισμα,270000,79.0,2004.0,5ος,2.0,1.0,Ανακαινισμένο,Α,1,0,1,1,0,0,0,0,"Αθήνα,Κάτω Πετράλωνα"
Αττική,Κτίριο,800000,540.0,2010.0,Ισόγειο,8.0,,Ημιτελές,Ε,0,0,0,0,0,0,0,0,Ντράφι
Θεσσαλονίκη,Διαμέρισμα,200000,100.0,1979.0,1ος,3.0,1.0,,Μη αποδοτικό,1,0,1,1,1,0,1,0,"Θεσσαλονίκη,Ντεπώ"
Αττική,Κτίριο,1020000,563.0,2008.0,Ισόγειο,,,Νεόδμητο,Εκρεμμεί,1,0,0,1,1,0,0,0,Other
Θεσσαλονίκη,Μεζονέτα,225000,75.0,2021.0,3ος,1.0,1.0,Υπο κατασκευή,Α,0,0,0,1,0,0,0,0,Καλαμαριά
Αττική,Διαμέρισμα,30000,31.0,1977.0,Ημιυπόγειο,1.0,1.0,Καλή,,0,0,0,0,0,0,0,0,"Καλλιθέα,Κέντρο"
Αττική,Διαμέρισμα,255000,84.0,1979.0,1ος,2.0,1.0,Καλή,Ζ,0,0,1,1,0,0,0,0,Other
Θεσσαλονίκη,Μεζονέτα,210000,149.0,2022.0,Ισόγειο,2.0,1.0,Νεόδμητο,Β+,0,0,0,1,0,0,0,0,Θέρμη
Αττική,Διαμέρισμα,205000,97.0,2004.0,1ος,3.0,1.0,Νεόδμητο,Δ,0,0,0,1,0,0,0,0,Other
Αττική,Διαμέρισμα,110000,77.0,1975.0,1ος,2.0,1.0,Ανακαινισμένο,Γ,0,0,1,1,1,0,1,1,"Αθήνα,Πλατεία Αμερικής"
Αττική,Διαμέρισμα,150000,55.0,1986.0,Ισόγειο,1.0,1.0,Ανακαινισμένο,Β,0,0,1,1,0,0,0,0,"Μαρούσι,Νέο Τέρμα"
Θεσσαλονίκη,Μονοκατοικία,1800000,480.0,2003.0,"Υπόγειο,Ισόγειο,1ος,2ος",3.0,3.0,Άριστη,Α,0,1,1,1,0,1,1,0,Πανόραμα
Αττική,Μεζονέτα,400000,120.0,2010.0,"3ος,4ος",3.0,,,Δ,1,1,0,1,1,1,0,0,Μοσχάτο
Αττική,Μεζονέτα,530000,165.0,2013.0,3ος,3.0,2.0,Νεόδμητο,Β+,1,0,0,0,1,1,0,0,"Μαρούσι,Νέο Τέρμα"
Αττική,Διαμέρισμα,110000,60.0,,Ισόγειο,,,Ανακαινισμένο,,0,0,0,0,0,0,0,0,Other
Αττική,Κτίριο,260000,315.0,1980.0,Ισόγειο,5.0,3.0,,,1,0,0,0,0,0,0,0,Other
Αττική,Διαμέρισμα,350000,220.0,2006.0,1ος,,4.0,Άριστη,Δ,0,0,1,1,0,1,0,0,Other
Θεσσαλονίκη,Διαμέρισμα,39800,25.0,1965.0,4ος,1.0,1.0,Άλλη κατάσταση,Β,0,0,1,1,0,0,0,1,"Θεσσαλονίκη,Ανω Πόλη"
Αττική,Μονοκατοικία,90000,80.0,1970.0,Ισόγειο,1.0,1.0,Καλή,Η,1,0,0,0,0,0,0,0,Δ. Μεγάρων
Αττική,Μεζονέτα,835000,475.0,1990.0,"Ημιυπόγειο,Ισόγειο,1ος,2ος",8.0,,Ανακαινισμένο,Γ,1,1,1,1,0,1,0,0,Νέα Πεντέλη
Αττική,Διαμέρισμα,715000,151.0,2022.0,5ος,3.0,2.0,Υπο κατασκευή,Α+,0,1,1,1,0,1,0,0,Other
Θεσσαλονίκη,Διαμέρισμα,180000,90.0,2005.0,3ος,2.0,1.0,Άλλη κατάσταση,,1,0,0,1,0,0,0,0,"Θεσσαλονίκη,Ανω Πόλη"
Αττική,Μονοκατοικία,110000,100.0,1975.0,"Ισόγειο,Υπερυψωμένο",2.0,2.0,Καλή,Ζ,1,1,1,0,0,0,0,0,Άρτεμις
Αττική,Διαμέρισμα,330000,120.0,1995.0,4ος,3.0,1.0,Καλή,,0,1,1,1,0,1,0,0,"Νέα Ερυθραία,Καστρί"
Θεσσαλονίκη,Μονοκατοικία,470000,310.0,2008.0,Υπόγειο,4.0,2.0,Άριστη,Η,0,0,0,1,0,1,0,0,Περαία
Αττική,Διαμέρισμα,230000,110.0,2015.0,Υπερυψωμένο,3.0,1.0,Νεόδμητο,,1,1,1,0,0,0,1,0,Άρτεμις
Αττική,Μονοκατοικία,1100000,410.0,2003.0,"Ισόγειο,1ος,2ος",5.0,5.0,Άριστη,Γ,1,1,1,1,0,1,0,0,Other
Αττική,Μονοκατοικία,700000,200.0,2022.0,Ισόγειο,4.0,3.0,Νεόδμητο,Α+,0,0,1,1,1,1,0,0,Other
Αττική,Μεζονέτα,2000000,450.0,2008.0,"Ημιυπόγειο,Ισόγειο,1ος,2ος",6.0,2.0,Άριστη,Β,1,0,1,1,0,1,0,0,Εκάλη
Αττική,Διαμέρισμα,59000,49.0,1966.0,Ισόγειο,1.0,1.0,Άριστη,Εκρεμμεί,0,0,1,1,0,0,0,0,"Αθήνα,Κυψέλη"
Θεσσαλονίκη,Μονοκατοικία,145000,172.0,2010.0,Ισόγειο,4.0,2.0,Νεόδμητο,Δ,0,1,0,1,0,1,0,0,Other
Αττική,Μεζονέτα,700000,370.0,2000.0,"Υπόγειο,Ισόγειο,1ος",4.0,3.0,,,1,1,1,1,0,1,0,0,"Νέα Ερυθραία,Μορτερό"
Αττική,Μεζονέτα,1600000,330.0,2009.0,Ισόγειο,5.0,3.0,Νεόδμητο,Εκρεμμεί,1,1,1,1,1,1,0,0,"Κηφισιά,Κάτω Κηφισιά"
Αττική,Διαμέρισμα,90000,80.0,1960.0,Ημιώροφος,2.0,1.0,Ανακαινισμένο,Η,1,0,0,1,1,0,0,1,"Αθήνα,Μουσείο"
Αττική,Κτίριο,400000,235.0,1950.0,Ισόγειο,,,Καλή,Η,0,0,0,0,0,0,0,0,"Καλλιθέα,Σταθμός ΗΣΑΠ Ταύρου"
Θεσσαλονίκη,Διαμέρισμα,300000,95.0,2012.0,5ος,2.0,1.0,Νεόδμητο,,1,0,1,1,0,0,1,0,"Θεσσαλονίκη,Βαρδάρη"
Αττική,Διαμέρισμα,80000,69.0,1971.0,4ος,2.0,1.0,Ανακαινισμένο,Ε,0,0,0,0,0,0,0,1,"Αθήνα,Πλατεία Αττικής"
Θεσσαλονίκη,Διαμέρισμα,79000,47.0,2022.0,4ος,1.0,1.0,Υπο κατασκευή,Μη αποδοτικό,1,0,0,1,1,0,0,0,"Θεσσαλονίκη,Ξηροκρήνη"
Αττική,Μεζονέτα,300000,200.0,2014.0,"1ος,2ος",5.0,3.0,Νεόδμητο,Δ,0,0,0,0,0,0,0,0,Other
Αττική,Μονοκατοικία,1200000,375.0,2010.0,"Ισόγειο,1ος,2ος,3ος",3.0,3.0,Άλλη κατάσταση,Γ,1,1,0,1,0,0,0,0,Πεντέλη
Αττική,Μεζονέτα,300000,150.0,2001.0,Ισόγειο,3.0,,,Δ,0,0,0,0,0,0,0,0,Δροσιά
Θεσσαλονίκη,Μεζονέτα,240000,240.0,2005.0,Ισόγειο,4.0,4.0,Καλή,Α,0,0,0,1,0,1,0,0,Other
Θεσσαλονίκη,Διαμέρισμα,240000,78.0,2015.0,2ος,1.0,1.0,Νεόδμητο,Γ,1,0,0,1,1,0,1,0,Καλαμαριά
Θεσσαλονίκη,Διαμέρισμα,180000,90.0,2022.0,Ισόγειο,2.0,1.0,Νεόδμητο,Β,0,0,0,1,0,0,0,0,Θέρμη
Αττική,Διαμέρισμα,140000,70.0,1975.0,Ημιώροφος,1.0,1.0,Καλή,Γ,0,0,0,1,1,0,0,1,"Καλλιθέα,Κέντρο"
Αττική,Μονοκατοικία,400000,160.0,1975.0,"Ισόγειο,1ος",3.0,2.0,Ανακαινισμένο,Η,1,0,1,0,0,1,0,0,Other
Αττική,Διαμέρισμα,300000,120.0,1970.0,1ος,3.0,1.0,Ανακαινισμένο,Ζ,1,0,1,1,1,0,1,0,Other
Αττική,Μονοκατοικία,210000,264.0,1982.0,Ισόγειο,2.0,2.0,Άλλη κατάσταση,Ε,1,0,0,0,0,1,0,0,Other
Αττική,Μεζονέτα,580000,300.0,2000.0,"Ημιυπόγειο,Ισόγειο,1ος",4.0,4.0,,,1,0,1,1,0,1,0,0,"Κηφισιά,Πολιτεία"
Αττική,Μονοκατοικία,160000,280.0,1985.0,"Ισόγειο,1ος",7.0,3.0,Άριστη,Γ,1,1,0,0,0,1,0,0,Other
Αττική,Μεζονέτα,660000,149.0,2008.0,Ισόγειο,2.0,2.0,Άριστη,Δ,0,0,0,0,0,0,0,0,"Κηφισιά,Πολιτεία"
Αττική,Μεζονέτα,450000,200.0,2010.0,"Ισόγειο,1ος,2ος,3ος",3.0,3.0,Καλή,Β,1,0,0,0,0,1,0,0,"Νέα Ερυθραία,Μορτερό"
Θεσσαλονίκη,Διαμέρισμα,175000,65.0,1965.0,1ος,2.0,1.0,Ανακαινισμένο,Ζ,0,0,0,1,0,0,0,1,"Θεσσαλονίκη,Κέντρο"
Θεσσαλονίκη,Διαμέρισμα,55000,55.0,1970.0,2ος,1.0,1.0,Καλή,Ε,0,0,0,0,0,0,0,0,"Θεσσαλονίκη,Βαρδάρη"
Αττική,Διαμέρισμα,145000,85.0,2008.0,4ος,2.0,1.0,Άριστη,Α+,1,0,0,1,1,0,0,0,Other
Θεσσαλονίκη,Διαμέρισμα,49000,40.0,1965.0,Ημιυπόγειο,1.0,1.0,Ανακαινισμένο,Εξαιρείται,0,0,0,1,0,0,1,1,"Θεσσαλονίκη,Φάληρο"
Θεσσαλονίκη,Μονοκατοικία,250000,142.0,1952.0,Ισόγειο,3.0,1.0,,,0,1,1,1,0,0,1,0,"Θεσσαλονίκη,Ανω Πόλη"
Αττική,Διαμέρισμα,420000,135.0,1993.0,2ος,3.0,1.0,Άριστη,Ε,1,1,0,0,0,1,0,0,Other
Θεσσαλονίκη,Διαμέρισμα,140000,60.0,1966.0,2ος,1.0,1.0,Ανακαινισμένο,Ε,0,0,1,1,0,0,0,1,"Θεσσαλονίκη,Ντεπώ"
Αττική,Διαμέρισμα,99000,40.0,1970.0,Ισόγειο,1.0,1.0,Ανακαινισμένο,Ε,1,0,1,1,0,0,1,0,Other
Θεσσαλονίκη,Διαμέρισμα,77000,47.0,2022.0,2ος,1.0,1.0,Υπο κατασκευή,Μη αποδοτικό,1,0,0,0,1,0,0,0,"Θεσσαλονίκη,Ξηροκρήνη"
Αττική,Μονοκατοικία,430000,225.0,1985.0,"Ισόγειο,1ος",3.0,2.0,Καλή,Η,1,0,0,1,0,1,0,0,Other
Θεσσαλονίκη,Μονοκατοικία,340000,301.0,1995.0,Ισόγειο,5.0,2.0,Καλή,Α,0,0,0,1,0,1,0,0,Other
Αττική,Διαμέρισμα,69000,74.0,1978.0,Ημιυπόγειο,2.0,1.0,Καλή,Ζ,0,0,0,1,0,0,0,1,"Αθήνα,Πεδίον Άρεως"
Αττική,Διαμέρισμα,130000,60.0,1952.0,3ος,2.0,1.0,Ανακαινισμένο,Δ,0,0,1,1,0,0,0,0,"Αθήνα,Πλατεία Αμερικής"
Αττική,Διαμέρισμα,190000,114.0,1994.0,3ος,3.0,1.0,,Β,0,0,0,0,0,0,0,0,"Καλλιθέα,Σταθμός ΗΣΑΠ Ταύρου"
Θεσσαλονίκη,Διαμέρισμα,375000,189.0,2011.0,1ος,3.0,,Νεόδμητο,Εκρεμμεί,0,0,0,1,0,1,0,0,Other
Θεσσαλονίκη,Διαμέρισμα,190000,95.0,1975.0,5ος,3.0,1.0,Καλή,Α,0,0,0,1,0,0,0,0,"Θεσσαλονίκη,Κέντρο"
Αττική,Διαμέρισμα,95000,51.0,1961.0,5ος,1.0,1.0,Ανακαινισμένο,Εκρεμμεί,1,1,1,1,1,0,1,1,"Αθήνα,Άγιος Παντελεήμονας"
Αττική,Διαμέρισμα,64000,68.0,1965.0,1ος,2.0,1.0,Καλή,,0,0,0,1,0,0,0,0,"Αθήνα,Κολιάτσου"
Αττική,Κτίριο,1720000,865.0,2012.0,Ισόγειο,18.0,8.0,Ημιτελές,,0,1,1,1,0,0,0,0,"Κηφισιά,Νέα Κηφισιά"
Αττική,Μονοκατοικία,100000,129.0,2011.0,Ισόγειο,,,Ημιτελές,,1,0,0,0,0,0,0,0,Other
Αττική,Μεζονέτα,550000,252.0,1990.0,Ισόγειο,3.0,1.0,Καλή,Γ,0,1,0,1,0,1,0,0,Other
Θεσσαλονίκη,Διαμέρισμα,230000,107.0,1966.0,1ος,2.0,1.0,Άλλη κατάσταση,Α,1,0,0,1,1,0,0,0,"Θεσσαλονίκη,Φάληρο"
Θεσσαλονίκη,Διαμέρισμα,115000,130.0,1979.0,3ος,4.0,1.0,Χρήζει ανακαίνισης,Μη αποδοτικό,1,0,1,1,1,0,0,0,"Θεσσαλονίκη,Ανάληψη"
Αττική,Μονοκατοικία,400000,300.0,1998.0,"Ισόγειο,1ος,2ος",4.0,3.0,Ανακαινισμένο,Γ,0,0,1,1,0,1,0,0,Other
Αττική,Διαμέρισμα,150000,58.0,2020.0,2ος,1.0,1.0,Υπο κατασκευή,Α,0,1,0,1,0,0,0,0,Other
Αττική,Διαμέρισμα,980000,230.0,1970.0,Ισόγειο,3.0,3.0,Καλή,Γ,1,0,0,0,0,1,0,0,Ψυχικό
Αττική,Μονοκατοικία,200000,81.0,1980.0,Ισόγειο,2.0,1.0,Καλή,Ε,1,0,0,0,0,0,0,0,"Νέα Ιωνία,Περισσός"
Αττική,Οικία,150000,80.0,1980.0,Ισόγειο,,,Ημιτελές,Ζ,0,0,0,0,0,0,0,0,Other
Αττική,Διαμέρισμα,285000,107.0,2021.0,1ος,3.0,1.0,Νεόδμητο,Α,1,0,0,1,0,1,0,0,Other
Αττική,Διαμέρισμα,280000,80.0,2022.0,"3ος,4ος,5ος",2.0,2.0,Υπο κατασκευή,Α+,1,1,0,1,0,1,0,0,Other
Αττική,Διαμέρισμα,500000,130.0,2022.0,6ος,3.0,1.0,Υπο κατασκευή,Α,1,0,0,1,1,1,0,0,"Νέα Σμύρνη,Χρυσάκη"
Αττική,Κτίριο,650000,150.0,1986.0,1ος,4.0,2.0,Ημιτελές,,1,1,1,1,0,0,0,0,Other
Αττική,Διαμέρισμα,250000,50.0,1980.0,4ος,1.0,1.0,Ανακαινισμένο,Δ,0,0,1,1,0,0,0,0,"Αθήνα,Λυκαβηττός"
Αττική,Διαμέρισμα,135000,105.0,1976.0,3ος,2.0,1.0,Καλή,Ζ,0,0,1,0,0,1,0,0,"Καλλιθέα,Τζιτζιφιές"
Θεσσαλονίκη,Διαμέρισμα,55000,70.0,2005.0,Ισόγειο,2.0,1.0,Άλλη κατάσταση,Α,1,1,1,0,0,0,1,0,Other
Αττική,Κτίριο,1400000,680.0,2003.0,"Ισόγειο,1ος,2ος,3ος",10.0,,Ημιτελές,Γ,1,0,1,0,0,1,0,0,"Νέα Ερυθραία,Καστρί"
Θεσσαλονίκη,Διαμέρισμα,218000,155.0,1982.0,4ος,3.0,1.0,Άριστη,Δ,0,0,0,0,0,0,0,0,"Θεσσαλονίκη,Ανάληψη"
Θεσσαλονίκη,Διαμέρισμα,265000,111.0,2022.0,Ημιώροφος,2.0,1.0,Νεόδμητο,Α,1,0,0,1,1,0,0,0,Πυλαία
Αττική,Διαμέρισμα,90000,64.0,1960.0,4ος,2.0,1.0,Ανακαινισμένο,Η,0,0,0,0,0,1,0,0,Μοσχάτο
Αττική,Μεζονέτα,295000,102.0,2022.0,1ος,3.0,2.0,Υπο κατασκευή,Α,0,1,0,1,0,1,0,0,Other
Αττική,Διαμέρισμα,280000,76.0,2021.0,Ισόγειο,2.0,1.0,Υπο κατασκευή,Α+,0,1,1,1,0,1,0,0,Other
Αττική,Μονοκατοικία,450000,100.0,2011.0,Ισόγειο,3.0,2.0,Άριστη,Γ,1,1,1,1,0,1,0,0,Other
Αττική,Διαμέρισμα,820000,174.0,2022.0,1ος,3.0,2.0,Υπο κατασκευή,Α+,0,0,1,1,0,1,0,0,"Νέα Ερυθραία,Καστρί"
Αττική,Διαμέρισμα,265000,118.0,2009.0,6ος,3.0,1.0,Νεόδμητο,Δ,1,0,1,1,1,1,0,0,Other
Θεσσαλονίκη,Διαμέρισμα,180000,120.0,1985.0,1ος,2.0,1.0,Καλή,Η,0,0,0,1,0,1,0,0,Other
Αττική,Διαμέρισμα,500000,280.0,2007.0,"1ος,2ος",4.0,3.0,Άριστη,Γ,1,1,1,1,0,1,0,0,Δροσιά
Θεσσαλονίκη,Μονοκατοικία,187000,250.0,2009.0,Ισόγειο,3.0,1.0,Ημιτελές,,0,1,0,1,0,0,0,0,Other
Αττική,Διαμέρισμα,114000,81.0,2008.0,1ος,2.0,1.0,Καλή,Εκρεμμεί,1,0,0,0,0,1,0,0,Other
Αττική,Διαμέρισμα,128000,75.0,1970.0,5ος,1.0,1.0,Άριστη,Εκρεμμεί,0,0,1,1,0,0,1,0,"Καλλιθέα,ΟΤΕ"
Θεσσαλονίκη,Διαμέρισμα,122000,54.0,1974.0,2ος,1.0,1.0,Ανακαινισμένο,Ε,0,0,1,0,0,0,1,1,"Θεσσαλονίκη,Παπάφειο"
Αττική,Διαμέρισμα,375000,186.0,1992.0,3ος,,1.0,Άριστη,Γ,1,1,0,0,1,1,0,0,Other
Αττική,Μονοκατοικία,80000,100.0,1962.0,Ισόγειο,2.0,1.0,Χρήζει ανακαίνισης,Δ,0,1,1,0,0,0,0,0,Σπάτα
Αττική,Διαμέρισμα,130000,64.0,2005.0,2ος,,,Άριστη,Ε,1,0,0,0,0,0,0,0,"Αθήνα,Κολιάτσου"
Αττική,Διαμέρισμα,100000,96.0,1970.0,4ος,2.0,1.0,Χρήζει ανακαίνισης,Εκρεμμεί,0,0,0,0,0,0,0,0,"Αθήνα,Άγιος Παντελεήμονας"
Θεσσαλονίκη,Μεζονέτα,150000,126.0,2007.0,Ισόγειο,3.0,1.0,Άριστη,Δ,0,0,1,1,0,1,0,0,Other
Αττική,Μονοκατοικία,70000,92.0,1970.0,Ισόγειο,3.0,,Καλή,Η,1,0,1,0,0,0,1,0,Σαλαμίνα
Αττική,Διαμέρισμα,75000,95.0,1970.0,1ος,2.0,1.0,,Η,0,0,0,0,0,0,0,0,Other
Αττική,Μονοκατοικία,545000,200.0,1975.0,Ισόγειο,4.0,2.0,Καλή,Ε,1,1,1,0,0,1,0,0,Other
Θεσσαλονίκη,Μονοκατοικία,270000,500.0,1980.0,Ισόγειο,6.0,4.0,Χρήζει ανακαίνισης,Ζ,1,0,0,0,0,1,0,0,Περαία
Αττική,Διαμέρισμα,250000,80.0,1981.0,3ος,2.0,1.0,Καλή,Εκρεμμεί,1,0,1,1,1,0,1,0,"Αθήνα,Κουκάκι"
Αττική,Μονοκατοικία,2400000,1500.0,2010.0,"Ισόγειο,1ος,2ος,3ος",4.0,4.0,Νεόδμητο,Γ,1,0,0,1,0,1,0,0,"Κηφισιά,Κεφαλάρι"
Θεσσαλονίκη,Διαμέρισμα,105000,85.0,1975.0,Ημιυπόγειο,1.0,1.0,Άριστη,Ζ,0,0,1,1,0,0,1,1,Other
Αττική,Μονοκατοικία,890000,326.0,2000.0,Ισόγειο,4.0,3.0,Άριστη,Γ,1,0,1,1,0,1,0,0,Εθνικιστών και Αναπήρων Πολέμου
Αττική,Διαμέρισμα,48000,50.0,1965.0,1ος,1.0,1.0,Καλή,Ζ,0,0,0,0,0,0,0,0,"Αθήνα,Αγία Παρασκευή"
Αττική,Μεζονέτα,500000,207.0,2000.0,"Ισόγειο,1ος",3.0,1.0,Νεόδμητο,Ε,1,1,1,0,0,1,0,0,Παιανία
Αττική,Διαμέρισμα,460000,117.0,2022.0,1ος,3.0,2.0,Νεόδμητο,Α+,0,1,0,1,0,1,0,0,Other
Αττική,Διαμέρισμα,85000,50.0,1976.0,Ημιώροφος,1.0,1.0,Καλή,Μη αποδοτικό,0,0,0,0,0,0,0,0,Other
Αττική,Διαμέρισμα,98000,43.0,1965.0,Ισόγειο,1.0,1.0,Ανακαινισμένο,Εκρεμμεί,0,0,1,1,0,0,0,0,"Αθήνα,Ιλίσια"
Αττική,Διαμέρισμα,130000,72.0,1975.0,2ος,2.0,1.0,Καλή,Ε,0,0,0,0,0,0,0,0,Other
Αττική,Μονοκατοικία,210000,120.0,2010.0,Υπερυψωμένο,3.0,4.0,Καλή,Β+,1,0,1,1,0,0,1,0,Other
Θεσσαλονίκη,Μονοκατοικία,85000,130.0,1983.0,Ισόγειο,3.0,2.0,Καλή,Ε,0,0,1,1,0,0,0,0,Other
Θεσσαλονίκη,Διαμέρισμα,432000,135.0,2021.0,5ος,3.0,1.0,Νεόδμητο,Α,1,0,0,1,1,1,0,0,"Θεσσαλονίκη,Κέντρο"
Αττική,Διαμέρισμα,167000,79.0,2008.0,1ος,2.0,1.0,Νεόδμητο,,1,0,1,1,0,0,0,0,Other
Αττική,Μεζονέτα,900000,252.0,2004.0,Ισόγειο,4.0,3.0,Άριστη,Γ,0,0,1,0,0,1,0,0,Φιλοθέη
Θεσσαλονίκη,Διαμέρισμα,45000,22.0,2006.0,1ος,1.0,1.0,Καλή,Δ,0,0,0,1,0,0,0,1,"Θεσσαλονίκη,Ανω Πόλη"
Αττική,Μονοκατοικία,240000,67.0,1967.0,Ισόγειο,1.0,,Καλή,Η,0,0,0,0,0,0,0,0,"Λυκόβρυση,Κέντρο"
Αττική,Μεζονέτα,280000,270.0,2007.0,3ος,3.0,3.0,Ημιτελές,Μη αποδοτικό,1,0,0,0,0,0,0,0,Other
Θεσσαλονίκη,Διαμέρισμα,175000,85.0,2022.0,1ος,2.0,1.0,Υπο κατασκευή,Α+,0,1,1,1,0,0,0,1,Θέρμη
Θεσσαλονίκη,Μεζονέτα,275000,104.0,2022.0,1ος,3.0,2.0,Νεόδμητο,Α,1,1,0,1,1,0,0,0,"Θεσσαλονίκη,Κέντρο"
Θεσσαλονίκη,Διαμέρισμα,260000,110.0,1970.0,1ος,2.0,1.0,Καλή,Η,0,0,0,0,0,0,0,0,"Θεσσαλονίκη,Ανάληψη"
Θεσσαλονίκη,Διαμέρισμα,135000,155.0,1990.0,2ος,2.0,1.0,Άριστη,Γ,0,0,0,1,0,1,0,0,Other
Αττική,Διαμέρισμα,120000,84.0,1976.0,Ισόγειο,2.0,1.0,Καλή,Ζ,1,0,0,1,0,0,0,0,Other
Αττική,Διαμέρισμα,150000,70.0,1980.0,5ος,1.0,1.0,Καλή,Η,1,1,1,1,0,0,0,0,Other
Αττική,Διαμέρισμα,90000,88.0,1960.0,3ος,2.0,1.0,Χρήζει ανακαίνισης,,1,0,0,0,0,0,0,0,Other
Αττική,Διαμέρισμα,550000,216.0,1970.0,2ος,4.0,1.0,Χρήζει ανακαίνισης,Εκρεμμεί,0,0,1,0,0,1,0,0,Ψυχικό
Θεσσαλονίκη,Διαμέρισμα,140000,91.0,1993.0,3ος,2.0,1.0,Ανακαινισμένο,Γ,0,0,1,1,0,1,0,0,Περαία
Θεσσαλονίκη,Διαμέρισμα,200000,90.0,2021.0,Ισόγειο,2.0,1.0,Νεόδμητο,Α+,0,0,0,1,0,1,0,0,Πυλαία
Αττική,Διαμέρισμα,210000,94.0,1956.0,6ος,2.0,1.0,Καλή,Εκρεμμεί,0,0,0,1,0,0,0,0,Other
Αττική,Μονοκατοικία,140000,100.0,1970.0,Ισόγειο,2.0,1.0,Ανακαινισμένο,Η,0,0,0,0,0,0,0,0,Ζεφύρι
Αττική,Διαμέρισμα,90000,124.0,1960.0,Ισόγειο,3.0,2.0,Καλή,Εκρεμμεί,0,0,1,0,0,0,0,0,"Πέραμα,Κέντρο"
Αττική,Διαμέρισμα,155000,82.0,2011.0,1ος,2.0,1.0,Νεόδμητο,,1,0,0,0,0,0,0,0,Other
Θεσσαλονίκη,Διαμέρισμα,42000,80.0,1955.0,Ισόγειο,1.0,1.0,Χρήζει ανακαίνισης,Μη αποδοτικό,0,0,0,0,0,0,0,0,Other
Αττική,Διαμέρισμα,150000,85.0,2003.0,1ος,2.0,1.0,Καλή,Α,0,0,0,1,0,0,0,0,"Αθήνα,Τρεις Γέφυρες"
Θεσσαλονίκη,Μεζονέτα,170000,120.0,2022.0,Ισόγειο,2.0,1.0,Νεόδμητο,Β+,0,0,0,1,0,0,0,0,Ευκαρπία
Αττική,Διαμέρισμα,250000,102.0,2007.0,Ισόγειο,2.0,1.0,Καλή,Γ,1,0,0,0,0,0,0,0,Other
Θεσσαλονίκη,Μονοκατοικία,48000,50.0,1990.0,Ισόγειο,1.0,1.0,,Η,1,0,0,0,0,0,1,0,Other
Θεσσαλονίκη,Διαμέρισμα,178000,97.0,2021.0,3ος,3.0,1.0,Υπο κατασκευή,Β+,0,0,1,1,0,0,0,0,Συκιές
Αττική,Διαμέρισμα,302000,70.0,2021.0,2ος,2.0,1.0,Υπο κατασκευή,Εκρεμμεί,1,0,0,1,1,0,0,0,"Καλλιθέα,Κέντρο"
Θεσσαλονίκη,Μεζονέτα,390000,317.0,2007.0,Ισόγειο,4.0,3.0,Νεόδμητο,,1,0,1,1,0,0,0,0,Other
Θεσσαλονίκη,Μονοκατοικία,750000,680.0,2006.0,Ισόγειο,4.0,2.0,Νεόδμητο,,1,0,1,1,0,0,0,0,Θέρμη
Αττική,Διαμέρισμα,130000,131.0,1955.0,Υπερυψωμένο,3.0,1.0,Καλή,Η,1,0,0,0,1,0,0,0,"Αθήνα,Νέα Κυψέλη"
Θεσσαλονίκη,Μεζονέτα,250000,185.0,2000.0,1ος,4.0,2.0,Καλή,Εκρεμμεί,0,0,0,1,0,0,0,1,Πυλαία
Αττική,Διαμέρισμα,230000,110.0,1978.0,2ος,3.0,1.0,Άριστη,Δ,1,0,0,0,0,1,0,0,Other
Αττική,Διαμέρισμα,150000,70.0,1976.0,Υπερυψωμένο,2.0,1.0,Ανακαινισμένο,Η,0,0,0,1,0,0,0,0,"Νέο Ψυχικό,Πλατεία Ελευθερίας"
Αττική,Διαμέρισμα,68000,56.0,1970.0,Ημιυπόγειο,1.0,1.0,Άριστη,Δ,0,0,0,1,0,0,0,0,"Αθήνα,Παγκράτι"
Αττική,Διαμέρισμα,140000,77.0,1965.0,4ος,2.0,1.0,Άλλη κατάσταση,Δ,1,0,0,1,1,0,1,0,"Αθήνα,Πλατεία Αττικής"
Θεσσαλονίκη,Διαμέρισμα,175000,115.0,1972.0,2ος,3.0,1.0,Καλή,Εκρεμμεί,0,0,0,1,0,0,0,0,"Θεσσαλονίκη,Ανάληψη"
Αττική,Κτίριο,290000,260.0,1935.0,"Ισόγειο,1ος",2.0,1.0,Καλή,Μη αποδοτικό,0,0,0,0,0,0,0,0,Other
Αττική,Μεζονέτα,580000,185.0,2010.0,Ισόγειο,4.0,3.0,Άριστη,Β,1,0,0,1,0,1,0,0,Other
Αττική,Μονοκατοικία,280000,74.0,1960.0,Ισόγειο,2.0,1.0,Χρήζει ανακαίνισης,Εκρεμμεί,1,0,0,0,0,0,0,0,Other
Αττική,Διαμέρισμα,75000,50.0,1974.0,Υπερυψωμένο,1.0,1.0,Άριστη,Εκρεμμεί,1,0,0,0,0,0,0,1,"Αθήνα,Άνω Πατήσια"
Αττική,Μεζονέτα,70000,182.0,2004.0,"Ισόγειο,1ος,2ος",3.0,,Ημιτελές,Μη αποδοτικό,0,0,0,0,0,0,0,0,Other
Θεσσαλονίκη,Διαμέρισμα,130000,120.0,1990.0,1ος,3.0,1.0,Καλή,Β,0,0,0,1,0,1,0,0,Other
Αττική,Διαμέρισμα,80000,180.0,,1ος,2.0,1.0,Ημιτελές,Μη αποδοτικό,0,0,0,0,0,0,0,0,Other
Θεσσαλονίκη,Διαμέρισμα,125000,100.0,1978.0,6ος,2.0,1.0,Ανακαινισμένο,Δ,1,0,0,1,0,0,1,0,"Θεσσαλονίκη,Ξηροκρήνη"
Αττική,Διαμέρισμα,95000,95.0,1960.0,1ος,2.0,1.0,Καλή,Ζ,1,0,0,0,0,0,0,0,"Αθήνα,Κολιάτσου"
Θεσσαλονίκη,Μεζονέτα,400000,220.0,2010.0,Ισόγειο,4.0,3.0,Άριστη,Γ,0,0,0,1,0,1,0,0,Πανόραμα
Αττική,Μονοκατοικία,350000,435.0,1914.0,Ισόγειο,,,Άλλη κατάσταση,Η,0,0,0,0,0,0,0,0,Other
Θεσσαλονίκη,Διαμέρισμα,69000,65.0,1975.0,Υπερυψωμένο,1.0,1.0,Ανακαινισμένο,Μη αποδοτικό,1,0,1,1,1,0,1,0,"Θεσσαλονίκη,Ξηροκρήνη"
Αττική,Μονοκατοικία,2100000,580.0,1999.0,"Υπόγειο,Ισόγειο,1ος",5.0,4.0,Ανακαινισμένο,,1,0,1,0,0,1,0,0,Εκάλη
Αττική,Διαμέρισμα,180000,105.0,1975.0,1ος,3.0,1.0,,Ε,0,1,1,1,0,0,0,0,"Αθήνα,Λυκαβηττός"
Θεσσαλονίκη,Διαμέρισμα,260000,160.0,2009.0,Ισόγειο,4.0,3.0,Καλή,Α,0,1,1,1,0,1,0,0,Other
Θεσσαλονίκη,Μονοκατοικία,400000,160.0,2010.0,Ισόγειο,4.0,,Νεόδμητο,Γ,0,0,0,0,0,0,0,0,Other
Αττική,Μεζονέτα,580000,269.0,2006.0,Ισόγειο,4.0,2.0,,Γ,0,0,0,1,0,1,0,0,Other
Θεσσαλονίκη,Μονοκατοικία,310000,270.0,2000.0,Ισόγειο,4.0,2.0,Νεόδμητο,,1,0,0,1,0,0,1,0,Other
Αττική,Μονοκατοικία,400000,315.0,1996.0,"Ισόγειο,1ος",7.0,4.0,,Μη αποδοτικό,0,0,0,0,0,0,0,0,Σπάτα
Αττική,Μονοκατοικία,750000,390.0,1987.0,"Ισόγειο,1ος,2ος",,2.0,Ανακαινισμένο,Εκρεμμεί,1,1,0,1,0,0,0,0,Other
Αττική,Διαμέρισμα,85000,64.0,1971.0,Ισόγειο,1.0,1.0,Ανακαινισμένο,Ζ,1,0,0,1,0,0,0,0,"Αθήνα,Κυψέλη"
Αττική,Μονοκατοικία,340000,216.0,1930.0,"Ισόγειο,1ος",,,Καλή,Η,1,0,0,0,0,0,0,0,"Αθήνα,Άνω Κυψέλη"
Αττική,Μονοκατοικία,270000,141.0,1934.0,"Ισόγειο,1ος,2ος",6.0,1.0,Καλή,Η,0,0,0,0,0,0,0,0,"Αθήνα,Κολιάτσου"
Αττική,Διαμέρισμα,80000,85.0,1965.0,2ος,2.0,1.0,Καλή,Η,1,0,0,0,0,0,0,0,"Αθήνα,Κολιάτσου"
Αττική,Διαμέρισμα,440000,107.0,2019.0,4ος,3.0,2.0,Καλή,Η,0,0,0,0,0,1,0,0,"Άλιμος,Καλαμάκι"
Θεσσαλονίκη,Διαμέρισμα,70000,30.0,1975.0,1ος,1.0,1.0,Καλή,Εκρεμμεί,0,0,0,1,0,0,0,1,"Θεσσαλονίκη,Φάληρο"
Αττική,Μεζονέτα,1300000,360.0,2009.0,Ισόγειο,5.0,2.0,Άριστη,Εκρεμμεί,1,1,1,1,0,1,0,0,"Ηράκλειο,Άνω Ψαλίδι"
Αττική,Μονοκατοικία,250000,144.0,2010.0,Ισόγειο,3.0,2.0,Άριστη,Β,1,1,0,1,0,1,0,0,Άρτεμις
Αττική,Διαμέρισμα,50000,50.0,1965.0,Ισόγειο,1.0,1.0,Άλλη κατάσταση,Εκρεμμεί,1,0,0,0,0,0,0,0,"Καλλιθέα,Κέντρο"
Αττική,Μονοκατοικία,520000,140.0,2022.0,"4ος,5ος",4.0,2.0,Νεόδμητο,,0,1,1,1,0,1,0,0,Other
Αττική,Διαμέρισμα,485000,120.0,2021.0,3ος,3.0,2.0,Υπο κατασκευή,Α+,0,1,1,1,0,1,0,0,"Άλιμος,Καλαμάκι"
Αττική,Διαμέρισμα,110000,62.0,1962.0,4ος,2.0,1.0,Καλή,Γ,0,1,0,1,0,0,1,1,"Αθήνα,Άγιος Νικόλαος"
Αττική,Μεζονέτα,1050000,300.0,2012.0,Ισόγειο,4.0,1.0,Καλή,Ε,1,0,0,1,1,0,0,0,Other
Αττική,Διαμέρισμα,140000,98.0,1977.0,4ος,2.0,1.0,,Η,1,0,0,0,0,0,0,0,"Καλλιθέα,Τζιτζιφιές"
Αττική,Διαμέρισμα,161000,62.0,1966.0,1ος,1.0,1.0,,,1,1,0,1,0,0,0,1,"Καλλιθέα,ΟΤΕ"
Θεσσαλονίκη,Μεζονέτα,150000,200.0,2012.0,Υπερυψωμένο,5.0,2.0,Νεόδμητο,Β,1,1,0,1,0,1,0,0,Other
Αττική,Διαμέρισμα,70000,86.0,1979.0,1ος,3.0,1.0,Καλή,Ζ,0,0,0,0,0,0,0,0,Καματερό
Θεσσαλονίκη,Μονοκατοικία,450000,370.0,2010.0,Ισόγειο,4.0,4.0,Ημιτελές,Γ,0,0,0,1,0,1,0,0,Πανόραμα
Αττική,Διαμέρισμα,355000,81.0,2022.0,5ος,2.0,1.0,Νεόδμητο,Α,0,0,0,1,0,0,0,0,Other
Θεσσαλονίκη,Διαμέρισμα,365000,144.0,2022.0,1ος,3.0,2.0,Νεόδμητο,Α,1,0,0,1,1,0,0,0,Πυλαία
Αττική,Διαμέρισμα,130000,78.0,1973.0,1ος,2.0,1.0,Καλή,Η,0,0,1,0,0,0,0,0,"Αθήνα,Γκύζη"
Αττική,Διαμέρισμα,80000,75.0,1975.0,2ος,2.0,1.0,Ανακαινισμένο,Ζ,0,0,0,1,0,1,0,0,"Αθήνα,Άγιος Νικόλαος"
Αττική,Διαμέρισμα,77000,77.0,1970.0,2ος,2.0,1.0,Καλή,Η,0,0,0,0,0,0,0,0,"Αθήνα,Άγιος Νικόλαος"
Αττική,Διαμέρισμα,237800,82.0,2012.0,1ος,2.0,1.0,Υπο κατασκευή,Εξαιρείται,0,1,0,0,0,1,0,0,Other
Αττική,Διαμέρισμα,120000,75.0,1978.0,1ος,2.0,1.0,Καλή,Ζ,0,0,0,0,1,0,0,0,"Καλλιθέα,Χρυσάκη"
Θεσσαλονίκη,Διαμέρισμα,110000,55.0,2022.0,1ος,1.0,1.0,Υπο κατασκευή,Α,0,1,0,1,0,0,0,0,Θέρμη
Αττική,Μεζονέτα,370920,113.0,2022.0,"5ος,6ος",3.0,2.0,Ανακαινισμένο,Εκρεμμεί,1,1,0,1,0,0,0,0,"Καλλιθέα,ΟΤΕ"
Αττική,Διαμέρισμα,72000,55.0,1970.0,1ος,3.0,1.0,Ανακαινισμένο,Μη αποδοτικό,0,0,0,1,0,0,1,1,"Αθήνα,Πλατεία Αττικής"
Αττική,Μονοκατοικία,85000,50.0,1960.0,Ισόγειο,1.0,1.0,Χρήζει ανακαίνισης,Η,0,0,0,0,0,0,0,0,Σπάτα
Αττική,Διαμέρισμα,205000,96.0,2006.0,8ος,3.0,,Άριστη,Β,1,0,0,1,0,0,0,0,Other
Αττική,Διαμέρισμα,55000,43.0,1966.0,5ος,1.0,1.0,Χρήζει ανακαίνισης,Η,0,0,0,0,0,0,0,0,"Αθήνα,Κολιάτσου"
Αττική,Κτίριο,800000,335.0,1985.0,Ισόγειο,5.0,4.0,Νεόδμητο,Γ,0,0,1,0,0,0,0,0,"Νέα Ερυθραία,Καστρί"
Θεσσαλονίκη,Διαμέρισμα,97000,97.0,2007.0,2ος,2.0,1.0,,,0,1,1,1,0,0,0,0,Other
Θεσσαλονίκη,Διαμέρισμα,250000,120.0,1970.0,4ος,2.0,1.0,Καλή,Ε,0,0,0,0,0,0,0,0,"Θεσσαλονίκη,Ανάληψη"
Αττική,Διαμέρισμα,188000,91.0,2003.0,1ος,2.0,1.0,Νεόδμητο,Α,0,1,1,1,0,0,0,0,"Αθήνα,Γκύζη"
Θεσσαλονίκη,Διαμέρισμα,59000,35.0,1972.0,3ος,1.0,1.0,Ανακαινισμένο,Δ,1,0,1,1,0,0,0,1,"Θεσσαλονίκη,Ανάληψη"
Αττική,Διαμέρισμα,360000,115.0,2022.0,2ος,3.0,2.0,Νεόδμητο,Α+,0,1,1,1,0,1,0,0,Other
Θεσσαλονίκη,Διαμέρισμα,75000,120.0,2007.0,2ος,3.0,1.0,Άριστη,Δ,1,0,0,0,0,0,0,0,Other
Αττική,Διαμέρισμα,175000,64.0,,Ημιώροφος,1.0,1.0,Χρήζει ανακαίνισης,Δ,0,0,0,0,0,0,0,0,"Αθήνα,Κολωνάκι"
Αττική,Διαμέρισμα,95000,80.0,1970.0,5ος,2.0,1.0,Άριστη,Ζ,1,0,0,1,0,0,0,1,"Αθήνα,Άνω Πατήσια"
Αττική,Διαμέρισμα,52000,40.0,1975.0,Ημιυπόγειο,1.0,1.0,Ανακαινισμένο,Δ,1,0,0,1,0,0,1,1,"Αθήνα,Άνω Πατήσια"
Αττική,Διαμέρισμα,150000,73.0,1981.0,1ος,2.0,1.0,Άριστη,Δ,1,0,0,1,1,0,0,0,Other
Αττική,Διαμέρισμα,115000,70.0,1970.0,Ισόγειο,1.0,1.0,Χρήζει ανακαίνισης,Ζ,0,0,0,0,0,0,0,0,Other
Αττική,Διαμέρισμα,650000,195.0,2008.0,Ισόγειο,2.0,2.0,Άριστη,Δ,1,0,0,1,1,1,0,0,Other
Θεσσαλονίκη,Μεζονέτα,300000,145.0,2005.0,3ος,3.0,1.0,Ανακαινισμένο,Γ,0,0,1,1,0,1,0,0,Περαία
Θεσσαλονίκη,Διαμέρισμα,124000,55.0,1980.0,5ος,2.0,1.0,Ανακαινισμένο,Γ,0,0,1,1,0,0,1,0,"Θεσσαλονίκη,Ανάληψη"
Αττική,Μονοκατοικία,350000,235.0,1990.0,"Ισόγειο,1ος,2ος",4.0,3.0,,Δ,0,0,0,0,0,0,0,0,"Νέο Ψυχικό,Πλατεία Ελευθερίας"
Αττική,Μονοκατοικία,200000,180.0,2005.0,Ισόγειο,3.0,1.0,Νεόδμητο,,1,1,0,1,0,0,0,0,Other
Αττική,Διαμέρισμα,130000,72.0,1970.0,1ος,1.0,1.0,Ανακαινισμένο,Ε,1,0,1,1,0,0,0,1,"Αθήνα,Γκύζη"
Αττική,Μονοκατοικία,990000,676.0,1990.0,Ισόγειο,9.0,6.0,Άλλη κατάσταση,Δ,1,0,0,0,0,1,0,0,Πεντέλη
Θεσσαλονίκη,Μεζονέτα,259000,137.0,2022.0,2ος,4.0,2.0,Νεόδμητο,Α+,1,0,1,1,1,0,0,0,Θέρμη
Αττική,Μεζονέτα,1000000,290.0,1970.0,"Ημιυπόγειο,Ισόγειο,1ος",5.0,,Καλή,Ζ,1,1,0,0,0,1,0,0,"Κηφισιά,Πολιτεία"
Αττική,Μονοκατοικία,495000,300.0,2014.0,Ισόγειο,5.0,2.0,Νεόδμητο,Β,1,1,1,1,0,1,0,0,Άρτεμις
Αττική,Διαμέρισμα,320000,92.0,2022.0,4ος,3.0,1.0,Υπο κατασκευή,Α,0,0,0,1,0,0,0,0,"Νέα Σμύρνη,Χρυσάκη"
Θεσσαλονίκη,Διαμέρισμα,85000,50.0,1967.0,6ος,1.0,1.0,Καλή,Α,0,0,1,1,0,0,0,1,"Θεσσαλονίκη,Ανω Πόλη"
Αττική,Κτίριο,500000,226.0,2000.0,Ισόγειο,6.0,4.0,Καλή,Δ,0,1,1,1,0,0,0,0,"Πέραμα,Κέντρο"
Αττική,Μονοκατοικία,750000,250.0,1977.0,Ισόγειο,4.0,3.0,Καλή,Δ,0,0,0,1,0,0,0,0,Πεντέλη
Αττική,Διαμέρισμα,178000,60.0,2020.0,Ισόγειο,1.0,1.0,Νεόδμητο,Γ,1,0,1,1,1,0,0,1,"Αθήνα,Λυκαβηττός"
Αττική,Διαμέρισμα,280000,110.0,2000.0,3ος,3.0,1.0,,Εκρεμμεί,0,0,0,1,0,0,0,0,Other
Αττική,Διαμέρισμα,320000,138.0,1994.0,"5ος,6ος",3.0,2.0,Καλή,Εκρεμμεί,0,0,0,0,0,0,0,0,Other
Αττική,Μονοκατοικία,100000,73.0,1979.0,Ισόγειο,2.0,1.0,Άλλη κατάσταση,Ζ,1,0,0,0,0,0,0,0,"Πέραμα,Κέντρο"
Αττική,Μονοκατοικία,55000,42.0,1987.0,Ισόγειο,1.0,1.0,Καλή,Ζ,0,0,0,0,0,0,0,0,Σαλαμίνα
Αττική,Οικία,250000,149.0,1958.0,Υπερυψωμένο,5.0,2.0,,,1,1,1,1,0,0,0,0,Καματερό
Αττική,Διαμέρισμα,50000,23.0,1960.0,7ος,1.0,1.0,Ανακαινισμένο,,0,0,1,1,0,0,0,0,Other
Θεσσαλονίκη,Μεζονέτα,475000,315.0,1995.0,"2ος,3ος",4.0,5.0,Άριστη,Β+,0,1,1,1,0,1,1,0,Πανόραμα
Αττική,Διαμέρισμα,130000,64.0,2006.0,4ος,1.0,1.0,Νεόδμητο,,1,1,1,1,0,0,0,1,Other
Θεσσαλονίκη,Διαμέρισμα,180000,88.0,2022.0,1ος,2.0,1.0,Νεόδμητο,Α+,0,1,1,1,0,0,0,0,Θέρμη
Θεσσαλονίκη,Διαμέρισμα,35000,52.0,1972.0,Ημιυπόγειο,1.0,1.0,Καλή,Ζ,0,0,0,1,0,0,0,0,"Θεσσαλονίκη,Ντεπώ"
Αττική,Διαμέρισμα,250000,98.0,1980.0,1ος,2.0,1.0,,Δ,0,0,0,0,0,0,0,0,Other
Αττική,Διαμέρισμα,140000,80.0,1980.0,3ος,2.0,1.0,Καλή,Ε,0,0,0,0,0,0,0,0,"Αθήνα,Νέος Κόσμος"
Αττική,Μεζονέτα,260000,135.0,1975.0,Ισόγειο,3.0,2.0,Ανακαινισμένο,Ζ,1,1,1,1,0,0,0,0,Other
Θεσσαλονίκη,Διαμέρισμα,180000,150.0,2021.0,2ος,3.0,2.0,Νεόδμητο,Α+,0,0,0,1,0,1,0,0,Other
Θεσσαλονίκη,Διαμέρισμα,850000,158.0,2015.0,4ος,3.0,1.0,Άριστη,Β+,0,0,1,1,0,1,0,0,Καλαμαριά
Θεσσαλονίκη,Διαμέρισμα,290000,135.0,2006.0,1ος,3.0,2.0,Νεόδμητο,Β+,0,0,1,1,0,1,1,0,Other
Αττική,Διαμέρισμα,360000,110.0,2021.0,4ος,3.0,2.0,Υπο κατασκευή,Εκρεμμεί,0,0,0,0,0,1,0,0,"Καλλιθέα,Τζιτζιφιές"
Αττική,Κτίριο,850000,580.0,1991.0,Ισόγειο,8.0,5.0,Καλή,Α,1,0,0,0,0,1,0,0,Νέα Πεντέλη
Αττική,Κτίριο,780000,350.0,2005.0,Ισόγειο,9.0,1.0,Νεόδμητο,Γ,0,0,0,0,0,0,0,0,Other
Θεσσαλονίκη,Διαμέρισμα,198000,110.0,2022.0,7ος,2.0,1.0,Υπο κατασκευή,Μη αποδοτικό,1,0,0,1,1,0,0,0,"Θεσσαλονίκη,Ξηροκρήνη"
Αττική,Διαμέρισμα,75000,81.0,1958.0,2ος,2.0,1.0,Άλλη κατάσταση,Η,0,0,1,1,0,0,0,0,Other
Θεσσαλονίκη,Διαμέρισμα,55000,43.0,1975.0,Ημιυπόγειο,1.0,1.0,Ανακαινισμένο,Ε,0,0,0,1,0,0,1,0,"Θεσσαλονίκη,Κάτω Τούμπα"
Αττική,Διαμέρισμα,145000,72.0,1977.0,Υπερυψωμένο,2.0,1.0,Καλή,Δ,0,0,1,1,0,0,0,0,Other
Θεσσαλονίκη,Διαμέρισμα,79000,86.0,1975.0,"Υπερυψωμένο,1ος",2.0,1.0,Καλή,Γ,0,0,0,0,0,0,0,0,Αμπελόκηποι
Αττική,Διαμέρισμα,350000,98.0,1966.0,Ισόγειο,2.0,1.0,Ανακαινισμένο,Β,0,0,1,1,0,0,0,0,Other
Αττική,Μονοκατοικία,2500000,220.0,,Ισόγειο,3.0,2.0,Ανακαινισμένο,,0,0,0,0,0,0,0,0,Ψυχικό
Αττική,Διαμέρισμα,1250000,182.0,1980.0,2ος,3.0,2.0,Άλλη κατάσταση,Ζ,0,0,0,0,0,1,0,0,Φιλοθέη
Αττική,Διαμέρισμα,72000,52.0,1970.0,2ος,2.0,1.0,Καλή,Ζ,0,0,0,1,0,0,0,0,"Αθήνα,Πλατεία Αττικής"
Αττική,Κτίριο,380000,327.0,1976.0,Ισόγειο,4.0,2.0,,,1,1,1,1,0,0,0,0,Other
Θεσσαλονίκη,Διαμέρισμα,190000,110.0,1989.0,5ος,2.0,1.0,Καλή,Ε,0,0,0,1,0,1,0,0,Καλαμαριά
Αττική,Μονοκατοικία,1200000,435.0,2008.0,"1ος,2ος",5.0,3.0,Νεόδμητο,Β+,0,0,0,1,0,1,0,0,Ντράφι
Αττική,Μεζονέτα,2500000,276.0,2022.0,"Ισόγειο,1ος,2ος",4.0,3.0,Νεόδμητο,Α+,0,0,0,1,0,0,0,0,Ψυχικό
Αττική,Διαμέρισμα,100000,87.0,1970.0,5ος,2.0,1.0,Ανακαινισμένο,Εκρεμμεί,1,1,1,1,0,0,1,0,"Αθήνα,Πλατεία Βικτωρίας"
Θεσσαλονίκη,Διαμέρισμα,145000,95.0,1978.0,3ος,2.0,1.0,Ανακαινισμένο,Β,0,0,1,1,0,0,0,0,"Θεσσαλονίκη,Κέντρο"
Αττική,Διαμέρισμα,160000,80.0,1972.0,5ος,2.0,1.0,Καλή,Β+,0,0,0,0,0,0,0,0,"Αθήνα,Ακαδημία Πλάτωνος"
Αττική,Διαμέρισμα,230000,93.0,2022.0,1ος,3.0,1.0,Νεόδμητο,Α,0,0,0,1,0,1,0,0,Other
Αττική,Διαμέρισμα,1300000,130.0,1985.0,1ος,3.0,1.0,Καλή,Ζ,0,0,1,0,0,1,0,0,Φιλοθέη
Αττική,Διαμέρισμα,64000,70.0,1955.0,Ισόγειο,1.0,1.0,Χρήζει ανακαίνισης,Η,0,0,0,0,0,0,0,0,"Αθήνα,Άνω Κυψέλη"
Θεσσαλονίκη,Διαμέρισμα,85000,85.0,1981.0,Ισόγειο,2.0,1.0,Ανακαινισμένο,Ζ,1,0,1,1,1,0,0,0,"Θεσσαλονίκη,Ντεπώ"
Αττική,Διαμέρισμα,50000,38.0,1970.0,Ισόγειο,1.0,1.0,Χρήζει ανακαίνισης,Ζ,0,0,0,0,0,0,0,0,Other
Αττική,Διαμέρισμα,140000,60.0,1960.0,5ος,1.0,1.0,,Εκρεμμεί,0,0,1,1,0,0,1,0,"Αθήνα,Πλατεία Αμερικής"
Αττική,Διαμέρισμα,85000,66.0,1960.0,Ισόγειο,,,Χρήζει ανακαίνισης,Η,0,0,0,0,0,0,0,0,Μοσχάτο
Αττική,Μονοκατοικία,250000,200.0,1945.0,"Ισόγειο,1ος",4.0,2.0,Άριστη,Η,1,0,0,0,1,0,0,0,Other
Αττική,Κτίριο,520000,325.0,2000.0,Ισόγειο,5.0,5.0,Νεόδμητο,Α+,1,0,0,1,1,0,0,0,"Νέα Ιωνία,Λαζάρου"
Αττική,Διαμέρισμα,78000,66.0,1978.0,4ος,1.0,1.0,Ανακαινισμένο,Γ,0,0,1,1,0,0,0,1,"Αθήνα,Άγιος Παντελεήμονας"
Αττική,Διαμέρισμα,34000,30.0,1970.0,Ισόγειο,1.0,1.0,Καλή,,0,0,0,0,0,0,0,0,"Αθήνα,Γκύζη"
Αττική,Μεζονέτα,550000,245.0,2004.0,Ισόγειο,3.0,2.0,Άριστη,Δ,0,0,0,0,0,0,0,0,"Κηφισιά,Νέα Κηφισιά"
Αττική,Μονοκατοικία,290000,190.0,1954.0,Ισόγειο,4.0,2.0,Καλή,Ζ,1,0,0,0,1,0,0,0,Other
Αττική,Διαμέρισμα,87000,74.0,1975.0,2ος,2.0,1.0,Καλή,Δ,1,0,0,0,0,0,0,1,"Καλλιθέα,ΟΤΕ"
Αττική,Διαμέρισμα,500000,110.0,2022.0,3ος,3.0,1.0,Νεόδμητο,Α,0,1,0,1,0,0,0,0,Other
Θεσσαλονίκη,Διαμέρισμα,90000,100.0,1965.0,1ος,3.0,1.0,,Μη αποδοτικό,0,0,0,1,0,0,0,0,Other
Αττική,Μονοκατοικία,1300000,400.0,2000.0,Ισόγειο,3.0,3.0,,Γ,0,1,1,1,0,1,0,0,Πεντέλη
Αττική,Διαμέρισμα,45000,64.0,1956.0,Ισόγειο,1.0,1.0,Καλή,Δ,0,0,0,0,0,0,0,0,"Αθήνα,Άγιος Νικόλαος"
Αττική,Διαμέρισμα,188000,87.0,2008.0,1ος,3.0,1.0,Νεόδμητο,Β,0,0,0,0,0,0,0,0,Other
Αττική,Διαμέρισμα,250000,98.0,2021.0,3ος,3.0,1.0,Νεόδμητο,Α+,0,1,1,1,0,1,0,0,Other
Αττική,Διαμέρισμα,235000,85.0,2022.0,4ος,2.0,1.0,Νεόδμητο,Α,0,1,0,1,0,1,0,0,"Κορυδαλλός,Πλατεία Ελευθερίας"
Αττική,Διαμέρισμα,205000,107.0,1970.0,Ισόγειο,3.0,1.0,Ανακαινισμένο,Εκρεμμεί,0,1,0,1,0,0,0,0,"Νέα Ιωνία,Λαζάρου"
Αττική,Διαμέρισμα,120000,120.0,1980.0,2ος,3.0,1.0,,Δ,0,0,0,0,0,0,0,0,Other
Αττική,Μεζονέτα,295000,355.0,1993.0,"Υπόγειο,Ισόγειο,1ος",4.0,3.0,Καλή,Γ,1,0,0,1,0,1,0,0,Other
Θεσσαλονίκη,Διαμέρισμα,88000,60.0,1958.0,Ισόγειο,2.0,1.0,Χρήζει ανακαίνισης,Η,0,0,0,0,0,0,0,0,Other
Θεσσαλονίκη,Διαμέρισμα,500000,143.0,1996.0,7ος,3.0,2.0,Άριστη,Ε,0,0,1,1,0,1,0,0,Καλαμαριά
Αττική,Διαμέρισμα,210000,61.0,1981.0,1ος,1.0,1.0,Άριστη,Γ,0,0,0,1,0,1,0,0,"Μαρούσι,Νέα Φιλοθέη"
Αττική,Μονοκατοικία,295000,209.0,1960.0,"Ισόγειο,1ος",3.0,3.0,Άλλη κατάσταση,Η,0,0,0,0,0,0,0,0,"Ταύρος Αττικής,Κέντρο"
Αττική,Μονοκατοικία,600000,330.0,1999.0,Ισόγειο,5.0,3.0,,Η,0,0,0,1,0,1,0,0,Other
Θεσσαλονίκη,Μεζονέτα,149000,148.0,2005.0,Ισόγειο,3.0,2.0,Καλή,Δ,0,0,0,1,0,0,0,0,Other
Θεσσαλονίκη,Μονοκατοικία,350000,166.0,2012.0,Ισόγειο,4.0,2.0,Νεόδμητο,Β,0,1,0,1,0,1,0,0,Other
Θεσσαλονίκη,Διαμέρισμα,175000,140.0,1975.0,1ος,3.0,1.0,Χρήζει ανακαίνισης,Εκρεμμεί,1,0,0,0,1,0,0,0,"Θεσσαλονίκη,Ντεπώ"
Αττική,Μεζονέτα,220000,240.0,2018.0,Ισόγειο,3.0,1.0,Υπο κατασκευή,,1,0,0,0,0,0,0,0,Νέα Πέραμος
Θεσσαλονίκη,Διαμέρισμα,179000,135.0,2007.0,Ημιώροφος,2.0,2.0,Άριστη,Γ,0,0,0,1,0,1,0,0,Other
Αττική,Μεζονέτα,350000,112.0,2021.0,Ισόγειο,3.0,1.0,Νεόδμητο,,0,1,0,1,0,0,0,0,"Λυκόβρυση,Κέντρο"
Αττική,Διαμέρισμα,380000,180.0,2003.0,2ος,3.0,1.0,Νεόδμητο,Γ,1,1,0,1,0,1,0,0,Other
Αττική,Μεζονέτα,1050000,300.0,2005.0,"Ισόγειο,1ος,2ος,3ος",4.0,4.0,Άριστη,Γ,1,1,1,1,0,1,0,0,"Αθήνα,Νέα Φιλοθέη"
Αττική,Διαμέρισμα,260000,106.0,2007.0,7ος,3.0,1.0,Νεόδμητο,Ε,1,0,0,1,0,1,0,0,"Αθήνα,Νιρβάνα"
Θεσσαλονίκη,Διαμέρισμα,220000,80.0,1979.0,6ος,2.0,1.0,Καλή,Μη αποδοτικό,0,0,0,1,0,0,0,0,"Θεσσαλονίκη,Κέντρο"
Αττική,Διαμέρισμα,337000,101.0,,2ος,,,,,0,0,0,0,0,0,0,0,Other
Αττική,Διαμέρισμα,219000,100.0,1978.0,3ος,2.0,1.0,Άριστη,Β,1,0,1,1,0,0,0,1,Other
Αττική,Διαμέρισμα,285000,85.0,2010.0,5ος,2.0,1.0,Νεόδμητο,Γ,0,1,0,1,0,1,0,0,Other
Αττική,Διαμέρισμα,240000,100.0,1980.0,1ος,2.0,1.0,Καλή,Ζ,0,0,1,0,1,0,0,0,"Πεύκη,Άνω Πεύκη"
Αττική,Διαμέρισμα,120000,35.0,2021.0,5ος,1.0,1.0,Νεόδμητο,Α,0,0,0,0,0,0,0,0,"Αθήνα,Παγκράτι"
Αττική,Διαμέρισμα,1200000,200.0,1968.0,8ος,4.0,4.0,,,1,0,1,1,0,0,0,0,Other
Αττική,Διαμέρισμα,62000,47.0,1960.0,4ος,1.0,1.0,Καλή,Ε,1,0,0,0,1,0,0,1,"Αθήνα,Πλατεία Αμερικής"
Αττική,Διαμέρισμα,300000,61.0,2022.0,2ος,2.0,2.0,Νεόδμητο,Α,1,0,0,1,1,0,0,0,Μοσχάτο
Αττική,Διαμέρισμα,108000,52.0,1965.0,1ος,1.0,1.0,Ανακαινισμένο,,1,0,0,1,0,0,0,1,"Αθήνα,Πλατεία Βικτωρίας"
Αττική,Διαμέρισμα,185000,94.0,1999.0,4ος,3.0,1.0,Καλή,Δ,0,1,1,1,0,0,0,0,Other
Θεσσαλονίκη,Διαμέρισμα,400000,157.0,2004.0,4ος,3.0,1.0,Καλή,Γ,0,0,0,0,0,0,0,0,"Θεσσαλονίκη,Χαριλάου"
Αττική,Μεζονέτα,388000,116.0,2021.0,1ος,3.0,3.0,Καλή,Α+,0,0,1,1,0,0,0,0,"Αθήνα,Παγκράτι"
Αττική,Διαμέρισμα,75000,55.0,1964.0,Υπερυψωμένο,2.0,1.0,Ανακαινισμένο,Εκρεμμεί,1,0,1,1,0,0,0,0,Other
Αττική,Μεζονέτα,600000,235.0,2000.0,Ισόγειο,3.0,3.0,Άριστη,Δ,1,1,0,1,0,1,0,0,"Νέα Ερυθραία,Μορτερό"
Θεσσαλονίκη,Μεζονέτα,170000,173.0,2003.0,"Ημιυπόγειο,Υπερυψωμένο,1ος",3.0,2.0,Ημιτελές,Μη αποδοτικό,0,0,0,0,0,0,0,0,Other
Θεσσαλονίκη,Διαμέρισμα,60000,73.0,1964.0,Ισόγειο,2.0,1.0,Ανακαινισμένο,Μη αποδοτικό,0,0,1,1,0,0,0,1,"Θεσσαλονίκη,Ανω Πόλη"
Αττική,Οικία,150000,250.0,1946.0,Ισόγειο,7.0,1.0,Χρήζει ανακαίνισης,Η,0,0,0,0,0,0,0,0,"Αθήνα,Πλατεία Αμερικής"
Αττική,Μεζονέτα,250000,196.0,2008.0,Ισόγειο,3.0,2.0,,Εκρεμμεί,0,0,0,0,0,0,0,0,Άρτεμις
Θεσσαλονίκη,Διαμέρισμα,190000,95.0,1965.0,5ος,3.0,1.0,,Ζ,0,0,0,0,0,0,0,0,"Θεσσαλονίκη,Κέντρο"
Αττική,Διαμέρισμα,340000,141.0,2017.0,2ος,3.0,2.0,Νεόδμητο,Εκρεμμεί,0,0,1,1,0,0,0,0,Other
Αττική,Διαμέρισμα,168000,98.0,1974.0,3ος,2.0,1.0,Ανακαινισμένο,Η,0,1,0,0,0,1,0,0,Other
Θεσσαλονίκη,Διαμέρισμα,220000,95.0,1970.0,4ος,2.0,1.0,Χρήζει ανακαίνισης,Εκρεμμεί,0,0,0,0,0,0,0,0,"Θεσσαλονίκη,Κέντρο"
Θεσσαλονίκη,Διαμέρισμα,150000,100.0,2008.0,1ος,3.0,1.0,Καλή,Εκρεμμεί,0,0,0,1,0,1,0,0,Ωραιόκαστρο
Αττική,Διαμέρισμα,320000,118.0,1978.0,1ος,3.0,1.0,Άριστη,Γ,1,0,0,1,1,1,0,0,"Κηφισιά,Κάτω Κηφισιά"
Θεσσαλονίκη,Μονοκατοικία,420000,240.0,1964.0,Ισόγειο,6.0,3.0,Καλή,Μη αποδοτικό,1,0,0,1,0,1,0,0,Πανόραμα
Αττική,Μονοκατοικία,550000,190.0,1974.0,"Ισόγειο,1ος",3.0,2.0,Ανακαινισμένο,Εκρεμμεί,0,1,0,0,0,0,0,0,"Καλλιθέα,Τζιτζιφιές"
Αττική,Μεζονέτα,470000,129.0,2022.0,"7ος,8ος",3.0,2.0,Νεόδμητο,Α,1,0,0,1,0,0,0,0,"Αθήνα,Παγκράτι"
Αττική,Κτίριο,1100000,573.0,1972.0,Ισόγειο,11.0,6.0,,,1,0,1,1,0,0,0,0,"Νέα Ερυθραία,Καστρί"
Αττική,Μεζονέτα,650000,117.0,2021.0,"5ος,6ος",3.0,3.0,Νεόδμητο,Β+,1,0,1,1,1,0,0,0,"Άλιμος,Καλαμάκι"
Αττική,Διαμέρισμα,78000,70.0,1975.0,3ος,2.0,1.0,Καλή,Ζ,1,0,0,0,0,0,0,0,"Αθήνα,Αγία Παρασκευή"
Αττική,Μεζονέτα,300000,300.0,2005.0,Ισόγειο,4.0,2.0,Νεόδμητο,,1,1,1,1,0,0,1,0,Other
Αττική,Μεζονέτα,1450000,250.0,1924.0,"Ισόγειο,1ος,2ος",3.0,3.0,Ανακαινισμένο,Ε,1,1,1,1,1,1,0,0,Other
Αττική,Μεζονέτα,650000,285.0,1990.0,Ισόγειο,3.0,3.0,Καλή,Δ,1,0,0,0,0,1,0,0,"Νέα Ερυθραία,Καστρί"
Αττική,Μεζονέτα,580000,255.0,1989.0,"Ισόγειο,1ος,2ος",5.0,2.0,Άλλη κατάσταση,Ζ,1,0,0,0,0,1,0,0,Δροσιά
Αττική,Διαμέρισμα,40000,28.0,1968.0,Ημιυπόγειο,1.0,1.0,Ανακαινισμένο,Εκρεμμεί,0,0,1,0,0,0,1,1,"Αθήνα,Κουκάκι"
Αττική,Μεζονέτα,225000,117.0,2006.0,3ος,3.0,1.0,Άλλη κατάσταση,Α,1,0,0,1,0,0,1,0,Ραφήνα
Αττική,Διαμέρισμα,62000,48.0,1970.0,Ισόγειο,1.0,1.0,Ανακαινισμένο,Ε,0,1,0,0,0,0,0,0,"Καλλιθέα,Λόφος Φιλαρέτου"
Αττική,Διαμέρισμα,160000,55.0,1974.0,Ισόγειο,1.0,1.0,Καλή,Δ,0,0,1,0,0,0,1,0,Other
Θεσσαλονίκη,Διαμέρισμα,79000,80.0,1970.0,1ος,2.0,1.0,Ανακαινισμένο,Δ,1,0,0,1,1,0,0,1,"Θεσσαλονίκη,Βαρδάρη"
Αττική,Κτίριο,1250000,567.0,2013.0,Ισόγειο,8.0,4.0,Νεόδμητο,Α,1,1,0,1,1,1,0,0,"Αθήνα,Νέα Φιλοθέη"
Θεσσαλονίκη,Μεζονέτα,230000,115.0,2021.0,"5ος,6ος",3.0,2.0,,Μη αποδοτικό,1,0,1,1,1,0,0,0,Other
Αττική,Διαμέρισμα,130000,40.0,2021.0,4ος,1.0,1.0,Νεόδμητο,Α,0,0,0,0,0,0,0,0,"Αθήνα,Παγκράτι"
Αττική,Διαμέρισμα,400000,120.0,1980.0,2ος,2.0,2.0,Ανακαινισμένο,Β,0,1,1,1,0,1,0,0,"Νέα Ερυθραία,Καστρί"
Θεσσαλονίκη,Διαμέρισμα,305000,112.0,2022.0,2ος,3.0,1.0,Νεόδμητο,Α,0,0,0,1,0,0,0,0,Καλαμαριά
Αττική,Διαμέρισμα,88000,97.0,1972.0,3ος,2.0,1.0,Καλή,Δ,0,0,0,1,0,0,0,0,"Αθήνα,Άγιος Νικόλαος"
Θεσσαλονίκη,Διαμέρισμα,80000,45.0,1965.0,3ος,1.0,1.0,,Ε,0,0,1,1,0,0,1,1,"Θεσσαλονίκη,Κέντρο"
Αττική,Διαμέρισμα,240000,120.0,1998.0,2ος,2.0,1.0,Άριστη,Εκρεμμεί,0,1,0,1,0,1,0,0,Other
Αττική,Διαμέρισμα,240000,83.0,2007.0,4ος,2.0,1.0,Άριστη,Δ,1,0,0,1,0,0,0,0,Other
Αττική,Διαμέρισμα,169900,84.0,1984.0,2ος,2.0,1.0,Καλή,Ε,1,0,0,0,1,0,0,0,Other
Αττική,Μεζονέτα,320000,230.0,2011.0,"Ισόγειο,1ος,2ος",3.0,1.0,Άριστη,Δ,1,1,1,1,0,1,0,0,Other
Αττική,Μονοκατοικία,490000,170.0,1991.0,"Ισόγειο,1ος",3.0,,,Μη αποδοτικό,0,0,0,0,0,0,0,0,Other
Θεσσαλονίκη,Διαμέρισμα,97000,70.0,1980.0,3ος,2.0,1.0,Άλλη κατάσταση,Α+,0,0,0,1,1,0,0,0,Συκιές
Αττική,Μονοκατοικία,500000,280.0,2010.0,"Ισόγειο,1ος,2ος",3.0,3.0,Άριστη,Μη αποδοτικό,1,1,1,0,0,1,0,0,Other
Αττική,Οικία,350000,390.0,,"Υπόγειο,Ισόγειο,1ος,2ος",4.0,3.0,,,1,1,0,0,0,1,0,0,Other
Θεσσαλονίκη,Διαμέρισμα,300000,210.0,2009.0,Ισόγειο,4.0,2.0,Νεόδμητο,Α+,0,1,1,1,0,1,0,0,Other
Αττική,Διαμέρισμα,85000,71.0,1970.0,1ος,1.0,1.0,Ανακαινισμένο,Ε,1,0,1,1,0,0,0,1,"Αθήνα,Γκύζη"
Αττική,Διαμέρισμα,230000,87.0,1976.0,5ος,3.0,2.0,,,1,1,1,1,0,0,1,1,"Αθήνα,Άνω Κυψέλη"
Αττική,Διαμέρισμα,129000,98.0,1971.0,3ος,2.0,1.0,,Β,0,1,1,1,0,0,1,0,"Αθήνα,Πλατεία Αττικής"
Αττική,Διαμέρισμα,310000,105.0,,3ος,3.0,2.0,Νεόδμητο,Εκρεμμεί,1,1,0,1,1,1,0,0,Other
Αττική,Κτίριο,330000,345.0,1986.0,"Υπόγειο,Ισόγειο,1ος,2ος",8.0,6.0,,Δ,1,0,0,0,0,0,0,0,Other
Θεσσαλονίκη,Διαμέρισμα,87000,60.0,1900.0,3ος,2.0,1.0,Ανακαινισμένο,Η,0,0,0,1,0,0,1,0,Καλαμαριά
Αττική,Διαμέρισμα,68000,52.0,1982.0,2ος,1.0,1.0,,Β,0,1,1,1,0,0,0,1,"Αθήνα,Νιρβάνα"
Αττική,Μονοκατοικία,1600000,540.0,1977.0,Ισόγειο,6.0,7.0,Καλή,Εκρεμμεί,1,1,1,0,0,1,0,0,Other
Αττική,Μονοκατοικία,340000,300.0,2000.0,"Ισόγειο,1ος",5.0,1.0,Άριστη,Δ,0,1,1,1,0,1,0,0,Other
Αττική,Διαμέρισμα,1380000,262.0,2022.0,2ος,6.0,5.0,Νεόδμητο,,0,0,1,1,0,1,0,0,"Νέα Ερυθραία,Καστρί"
Αττική,Διαμέρισμα,45000,31.0,1983.0,1ος,,,Άριστη,Γ,0,0,0,0,0,0,0,1,Other
Αττική,Κτίριο,350000,300.0,1970.0,Ισόγειο,,,Καλή,Η,0,0,0,0,0,0,0,0,"Νέα Ιωνία,Λαζάρου"
Αττική,Διαμέρισμα,285000,138.0,1999.0,3ος,1.0,1.0,Άριστη,Δ,1,0,1,1,1,0,1,0,"Αθήνα,Πλατεία Βικτωρίας"
Αττική,Διαμέρισμα,265000,90.0,2021.0,1ος,2.0,1.0,Νεόδμητο,Β,1,0,0,1,0,1,0,0,"Ηράκλειο,Άνω Ψαλίδι"
Αττική,Διαμέρισμα,200000,87.0,1989.0,1ος,2.0,1.0,Χρήζει ανακαίνισης,Ζ,0,0,0,0,0,0,0,0,"Πεύκη,Άνω Πεύκη"
Θεσσαλονίκη,Μεζονέτα,115000,108.0,2010.0,Ισόγειο,4.0,,Νεόδμητο,Α,0,0,0,1,0,1,0,0,Other
Αττική,Μονοκατοικία,120000,67.0,1960.0,Ισόγειο,1.0,,Άλλη κατάσταση,Η,0,0,0,0,0,0,0,0,"Καλλιθέα,Κέντρο"
Αττική,Μονοκατοικία,2000000,885.0,1990.0,1ος,10.0,8.0,Άριστη,Δ,1,1,1,1,0,1,0,0,Εκάλη
Θεσσαλονίκη,Μονοκατοικία,950000,414.0,1990.0,"Υπόγειο,Ισόγειο,1ος",4.0,2.0,,Μη αποδοτικό,0,0,0,1,0,0,0,0,Other
Θεσσαλονίκη,Μονοκατοικία,440000,220.0,1980.0,Ισόγειο,3.0,2.0,,,0,0,1,0,0,0,1,0,Other
Αττική,Κτίριο,1000000,1007.0,2008.0,Ισόγειο,,,,,0,1,1,1,0,0,0,0,"Αθήνα,Άγιος Νικόλαος"
Θεσσαλονίκη,Διαμέρισμα,190000,82.0,2022.0,4ος,2.0,1.0,Υπο κατασκευή,Α,0,0,0,1,0,0,0,0,"Θεσσαλονίκη,Κάτω Τούμπα"
Αττική,Διαμέρισμα,600000,120.0,1960.0,1ος,3.0,1.0,Χρήζει ανακαίνισης,Η,0,0,0,0,0,0,0,0,"Αθήνα,Κολωνάκι"
Αττική,Διαμέρισμα,310000,132.0,1960.0,3ος,3.0,2.0,Ανακαινισμένο,Δ,0,1,0,1,1,0,0,0,"Αθήνα,Πεδίον Άρεως"
Θεσσαλονίκη,Διαμέρισμα,79000,126.0,1983.0,1ος,3.0,1.0,Χρήζει ανακαίνισης,Μη αποδοτικό,0,0,0,0,0,0,0,0,Other
Αττική,Μονοκατοικία,250000,168.0,1990.0,1ος,2.0,1.0,,,1,0,0,0,0,0,0,0,"Νέα Ιωνία,Λαζάρου"
Θεσσαλονίκη,Διαμέρισμα,160000,64.0,2020.0,2ος,1.0,1.0,Νεόδμητο,Β,0,0,0,1,0,0,0,0,"Θεσσαλονίκη,Κέντρο"
Θεσσαλονίκη,Διαμέρισμα,110000,76.0,1976.0,3ος,2.0,1.0,Καλή,Ε,0,0,1,1,0,0,0,0,"Θεσσαλονίκη,Κάτω Τούμπα"
Θεσσαλονίκη,Διαμέρισμα,44000,87.0,2006.0,1ος,2.0,1.0,Ημιτελές,Μη αποδοτικό,0,0,0,0,0,0,0,0,Other
Αττική,Μονοκατοικία,360000,334.0,1995.0,Ισόγειο,,,Ημιτελές,Μη αποδοτικό,0,0,0,0,0,0,0,0,"Ηράκλειο,Άνω Ψαλίδι"
Θεσσαλονίκη,Διαμέρισμα,70000,62.0,1965.0,5ος,2.0,1.0,,,1,0,1,1,0,0,0,1,"Θεσσαλονίκη,Ανάληψη"
Αττική,Διαμέρισμα,130800,51.0,2006.0,Ισόγειο,1.0,1.0,Καλή,Δ,1,0,0,1,0,0,0,0,Other
Θεσσαλονίκη,Διαμέρισμα,66000,70.0,1967.0,3ος,2.0,1.0,Άλλη κατάσταση,Γ,1,0,1,1,0,0,1,1,"Θεσσαλονίκη,Βαρδάρη"
Αττική,Διαμέρισμα,160000,92.0,1990.0,1ος,2.0,1.0,Άριστη,Δ,1,0,0,1,0,0,0,0,Other
Αττική,Διαμέρισμα,82000,49.0,1980.0,2ος,1.0,1.0,Άριστη,Ε,0,0,1,0,0,0,0,0,Other
Θεσσαλονίκη,Διαμέρισμα,78000,45.0,1978.0,2ος,1.0,1.0,Άλλη κατάσταση,Β,1,0,0,1,0,0,0,1,Other
Αττική,Μονοκατοικία,750000,344.0,1990.0,1ος,3.0,3.0,Άριστη,Δ,1,1,1,1,0,1,0,0,"Νέα Ερυθραία,Μορτερό"
Θεσσαλονίκη,Διαμέρισμα,1250000,170.0,,6ος,2.0,2.0,Άλλη κατάσταση,,0,0,0,1,0,0,0,0,"Θεσσαλονίκη,Κέντρο"
Αττική,Διαμέρισμα,90000,92.0,1966.0,3ος,2.0,1.0,Καλή,Η,1,0,0,1,0,0,0,0,"Αθήνα,Άγιος Παντελεήμονας"
Αττική,Διαμέρισμα,170000,115.0,1965.0,3ος,2.0,1.0,Ανακαινισμένο,Γ,1,0,1,1,1,0,0,0,"Αθήνα,Μουσείο"
Αττική,Διαμέρισμα,245000,93.0,1980.0,5ος,2.0,1.0,Χρήζει ανακαίνισης,Η,1,0,0,0,1,1,0,0,Other
Αττική,Διαμέρισμα,145000,54.0,1976.0,2ος,1.0,1.0,,,0,1,1,1,0,0,1,1,Other
Αττική,Μονοκατοικία,40000,120.0,2002.0,Ημιυπόγειο,,,Ημιτελές,Μη αποδοτικό,0,0,0,0,0,0,0,0,Other
Θεσσαλονίκη,Διαμέρισμα,90000,47.0,1968.0,Ισόγειο,2.0,2.0,Ανακαινισμένο,Δ,0,0,1,1,0,0,1,0,"Θεσσαλονίκη,Βαρδάρη"
Αττική,Διαμέρισμα,770000,154.0,1980.0,7ος,3.0,2.0,Άριστη,Μη αποδοτικό,1,0,1,1,0,0,1,0,Other
Αττική,Διαμέρισμα,35000,28.0,1972.0,Ημιυπόγειο,1.0,1.0,Ανακαινισμένο,Η,0,0,1,0,0,0,0,0,Other
Αττική,Μεζονέτα,300000,70.0,2022.0,"4ος,5ος",1.0,,Νεόδμητο,Α,1,1,0,1,1,1,0,0,Other
Θεσσαλονίκη,Μεζονέτα,340000,180.0,2008.0,"Ισόγειο,1ος,2ος",3.0,2.0,Άριστη,Εκρεμμεί,1,0,1,1,1,0,0,0,Πανόραμα
Αττική,Μεζονέτα,310000,110.0,1995.0,3ος,2.0,2.0,Καλή,Δ,1,0,0,0,1,1,0,0,"Μαρούσι,Νέα Φιλοθέη"
Θεσσαλονίκη,Διαμέρισμα,250000,130.0,1967.0,7ος,3.0,1.0,Χρήζει ανακαίνισης,Δ,0,0,0,0,0,0,0,0,"Θεσσαλονίκη,Φάληρο"
Αττική,Μονοκατοικία,125000,77.0,1960.0,Υπερυψωμένο,2.0,1.0,,,1,1,0,0,0,0,0,0,Other
Αττική,Διαμέρισμα,210000,106.0,1975.0,7ος,3.0,1.0,Καλή,Ζ,0,0,1,0,0,0,0,0,"Αθήνα,Μουσείο"
Θεσσαλονίκη,Διαμέρισμα,150000,65.0,1963.0,4ος,2.0,1.0,Ανακαινισμένο,Μη αποδοτικό,0,0,1,1,0,0,0,1,"Θεσσαλονίκη,Κέντρο"
Αττική,Διαμέρισμα,158000,97.0,1970.0,1ος,2.0,,Ανακαινισμένο,Δ,1,0,1,1,0,0,0,0,"Αθήνα,Αμπελόκηποι"
Αττική,Μονοκατοικία,1000000,650.0,2004.0,Ισόγειο,5.0,5.0,Νεόδμητο,,1,1,1,1,0,0,0,0,Other
Θεσσαλονίκη,Διαμέρισμα,115000,63.0,2000.0,Υπερυψωμένο,2.0,1.0,,,0,1,1,1,0,0,1,1,"Θεσσαλονίκη,Κέντρο"
Αττική,Μονοκατοικία,110000,110.0,1995.0,Ισόγειο,3.0,,Καλή,Εκρεμμεί,0,1,1,0,0,1,0,0,Other
Αττική,Διαμέρισμα,30000,25.0,1965.0,Υπόγειο,,1.0,Ανακαινισμένο,Ε,1,0,0,0,0,0,0,1,"Αθήνα,Αμπελόκηποι"
Θεσσαλονίκη,Διαμέρισμα,180000,115.0,1987.0,1ος,3.0,1.0,Καλή,Β+,0,0,1,1,0,0,0,0,Καλαμαριά
Αττική,Διαμέρισμα,200000,134.0,1980.0,2ος,3.0,1.0,Καλή,Ε,1,0,1,0,1,0,0,0,Other
Αττική,Διαμέρισμα,95000,70.0,1970.0,3ος,2.0,1.0,Καλή,Ζ,0,1,0,0,0,0,0,0,"Αθήνα,Τρεις Γέφυρες"
Αττική,Διαμέρισμα,70000,40.0,1960.0,1ος,1.0,1.0,Καλή,Εκρεμμεί,0,0,0,0,0,0,0,0,Other
Αττική,Κτίριο,410000,468.0,1975.0,Ισόγειο,,,Άλλη κατάσταση,Γ,0,0,0,0,0,0,0,0,Other
Αττική,Διαμέρισμα,160000,78.0,1990.0,2ος,2.0,2.0,Καλή,Β,0,1,1,1,0,1,1,0,Other
Αττική,Μονοκατοικία,230000,215.0,1991.0,"Ισόγειο,1ος,2ος,3ος",5.0,3.0,Ημιτελές,Μη αποδοτικό,0,0,0,0,0,0,0,0,Other
Αττική,Μονοκατοικία,220000,180.0,1985.0,Ισόγειο,2.0,2.0,Άριστη,Γ,1,0,1,0,0,1,0,0,Ραφήνα
Θεσσαλονίκη,Διαμέρισμα,178000,78.0,1970.0,4ος,2.0,1.0,Καλή,Μη αποδοτικό,1,0,1,0,1,0,0,0,"Θεσσαλονίκη,Ανάληψη"
Αττική,Διαμέρισμα,127000,51.0,1968.0,1ος,1.0,1.0,Ανακαινισμένο,Εκρεμμεί,1,0,1,1,0,0,0,1,Other
Αττική,Μεζονέτα,240000,69.0,2021.0,Ισόγειο,2.0,1.0,Νεόδμητο,Α,0,0,0,0,0,0,0,0,Other
Αττική,Διαμέρισμα,350000,250.0,1992.0,Ισόγειο,3.0,3.0,Άλλη κατάσταση,Ζ,1,0,0,0,0,1,0,0,Other
Αττική,Διαμέρισμα,270000,90.0,1982.0,Υπερυψωμένο,2.0,1.0,Ανακαινισμένο,Γ,1,0,0,1,0,1,0,0,Other
Αττική,Διαμέρισμα,55000,60.0,2006.0,2ος,2.0,1.0,Άλλη κατάσταση,Δ,1,0,0,0,0,0,0,0,"Άνω Λιόσια,Άγιος Ιωάννης Θεολόγος"
Αττική,Διαμέρισμα,110000,50.0,1972.0,"Ισόγειο,Υπερυψωμένο",1.0,,Ανακαινισμένο,Ε,0,0,1,1,0,0,0,0,"Αθήνα,Λυκαβηττός"
Αττική,Κτίριο,465000,213.0,2008.0,Ισόγειο,4.0,3.0,Ημιτελές,Μη αποδοτικό,0,0,0,0,0,0,0,0,Παλλήνη
Αττική,Διαμέρισμα,140000,155.0,2019.0,Υπόγειο,1.0,,Νεόδμητο,,1,0,0,1,0,0,0,0,Other
Αττική,Μονοκατοικία,750000,420.0,2005.0,Ισόγειο,4.0,3.0,Καλή,Δ,1,1,0,0,1,1,0,0,"Λυκόβρυση,Κέντρο"
Αττική,Διαμέρισμα,196000,70.0,,1ος,2.0,1.0,Νεόδμητο,Α+,0,1,1,1,0,0,0,0,"Αθήνα,Ιλίσια"
Θεσσαλονίκη,Διαμέρισμα,190000,130.0,2002.0,3ος,2.0,,Ανακαινισμένο,Εκρεμμεί,0,0,1,1,0,0,0,0,Συκιές
Αττική,Κτίριο,500000,320.0,1955.0,Ισόγειο,,,Χρήζει ανακαίνισης,Εκρεμμεί,0,0,0,0,0,0,0,0,"Αθήνα,Νέος Κόσμος"
Αττική,Μεζονέτα,270000,102.0,2022.0,Ισόγειο,3.0,2.0,,,1,0,0,0,0,0,0,0,"Παλλήνη,Κέντρο"
Αττική,Μονοκατοικία,70000,62.0,1990.0,Ημιυπόγειο,1.0,1.0,,,1,0,0,0,0,0,0,0,Παιανία
Θεσσαλονίκη,Οικία,80000,98.0,1983.0,1ος,3.0,2.0,Χρήζει ανακαίνισης,Μη αποδοτικό,0,0,0,0,0,0,0,0,"Θεσσαλονίκη,Ανω Πόλη"
Θεσσαλονίκη,Διαμέρισμα,185000,75.0,1965.0,7ος,2.0,1.0,Ανακαινισμένο,Ε,0,0,0,1,0,0,0,1,"Θεσσαλονίκη,Βαρδάρη"
Αττική,Διαμέρισμα,170000,95.0,1976.0,2ος,2.0,1.0,Ανακαινισμένο,,0,0,0,0,1,0,0,0,Other
Αττική,Διαμέρισμα,150000,50.0,2022.0,Ισόγειο,1.0,,Υπο κατασκευή,Α,1,1,0,1,1,0,0,0,"Αθήνα,Πανόρμου"
Αττική,Κτίριο,520000,240.0,1990.0,Ισόγειο,4.0,3.0,Νεόδμητο,,1,1,1,1,0,0,0,0,Άρτεμις
Αττική,Μονοκατοικία,810000,696.0,1989.0,Ισόγειο,6.0,6.0,Νεόδμητο,,1,1,0,1,0,0,0,0,Ντράφι
Θεσσαλονίκη,Μεζονέτα,150000,135.0,2008.0,Ισόγειο,2.0,1.0,Καλή,Μη αποδοτικό,0,0,0,0,0,0,0,0,Other
Αττική,Μεζονέτα,650000,420.0,1999.0,Ισόγειο,4.0,5.0,Άριστη,Εκρεμμεί,1,0,0,1,0,1,0,0,Εκάλη
Αττική,Διαμέρισμα,210000,67.0,1972.0,3ος,2.0,1.0,Ανακαινισμένο,Ζ,1,0,0,1,1,0,0,0,"Αθήνα,Λυκαβηττός"
Αττική,Διαμέρισμα,1100000,373.0,1982.0,"Ισόγειο,1ος",4.0,3.0,Καλή,Δ,1,0,0,1,0,1,0,0,Φιλοθέη
Αττική,Μονοκατοικία,95000,58.0,1970.0,Ισόγειο,1.0,2.0,Καλή,Ζ,0,0,0,0,0,1,0,0,Ζεφύρι
Αττική,Διαμέρισμα,85000,90.0,1956.0,1ος,2.0,1.0,,,1,0,0,0,0,0,0,0,Other
Αττική,Διαμέρισμα,57000,42.0,,Υπερυψωμένο,1.0,1.0,Ανακαινισμένο,Γ,1,0,1,1,0,0,0,1,"Αθήνα,Πλατεία Αμερικής"
Αττική,Μεζονέτα,220000,250.0,2002.0,Ισόγειο,2.0,2.0,Άριστη,,1,0,0,1,0,1,0,0,Other
Αττική,Μονοκατοικία,300000,385.0,1991.0,"Ισόγειο,1ος,2ος",5.0,2.0,Άριστη,Ε,1,1,1,1,0,1,0,0,Άρτεμις
Θεσσαλονίκη,Μονοκατοικία,400000,250.0,1998.0,1ος,4.0,,Καλή,,0,0,0,1,0,1,1,0,Ωραιόκαστρο
Αττική,Διαμέρισμα,120000,103.0,1972.0,4ος,3.0,1.0,,Ζ,0,0,0,1,0,0,0,0,Other
Αττική,Μεζονέτα,129000,135.0,2010.0,1ος,3.0,1.0,Άριστη,Γ,0,0,0,1,0,0,0,0,Other
Αττική,Διαμέρισμα,98000,61.0,2005.0,5ος,2.0,1.0,Άριστη,Γ,1,0,0,1,0,0,0,0,"Αθήνα,Νιρβάνα"
Αττική,Διαμέρισμα,104000,52.0,2006.0,4ος,1.0,1.0,Καλή,Γ,0,0,1,1,0,0,0,0,Other
Αττική,Διαμέρισμα,150000,80.0,1999.0,Ισόγειο,2.0,1.0,Καλή,Μη αποδοτικό,0,0,1,0,0,0,0,0,"Παλλήνη,Κέντρο"
Αττική,Διαμέρισμα,190000,111.0,1969.0,2ος,4.0,3.0,Ανακαινισμένο,Ε,0,0,1,1,0,0,0,0,"Αθήνα,Άγιος Παντελεήμονας"
Αττική,Διαμέρισμα,45000,42.0,1965.0,Ισόγειο,1.0,1.0,Ανακαινισμένο,Ζ,0,0,0,0,0,0,0,1,"Αθήνα,Άνω Κυψέλη"
Αττική,Κτίριο,400000,452.0,2011.0,Ισόγειο,6.0,4.0,Ημιτελές,,1,0,0,0,0,0,0,0,Other
Αττική,Μονοκατοικία,1500000,200.0,1989.0,Ισόγειο,4.0,2.0,,,1,0,0,1,0,0,1,0,Other
Θεσσαλονίκη,Μονοκατοικία,83000,80.0,1980.0,Ισόγειο,3.0,1.0,Χρήζει ανακαίνισης,Μη αποδοτικό,0,0,0,0,0,0,0,0,Other
Αττική,Διαμέρισμα,210000,74.0,1972.0,3ος,2.0,1.0,Ανακαινισμένο,Εκρεμμεί,1,0,1,1,0,1,0,0,"Νέα Σμύρνη,Χρυσάκη"
Θεσσαλονίκη,Διαμέρισμα,38000,48.0,1964.0,Ισόγειο,1.0,1.0,Καλή,Η,0,0,0,1,0,0,0,0,"Θεσσαλονίκη,Βαρδάρη"
Θεσσαλονίκη,Μεζονέτα,243000,83.0,2021.0,3ος,2.0,1.0,Νεόδμητο,Α,0,0,1,1,0,0,0,0,"Θεσσαλονίκη,Ντεπώ"
Θεσσαλονίκη,Διαμέρισμα,350000,125.0,2022.0,1ος,3.0,1.0,Υπο κατασκευή,Εκρεμμεί,0,1,1,1,0,0,0,0,"Θεσσαλονίκη,Πυλαία"
Θεσσαλονίκη,Διαμέρισμα,380000,138.0,2022.0,5ος,3.0,2.0,Νεόδμητο,Α,0,0,0,1,0,0,0,0,Καλαμαριά
Αττική,Διαμέρισμα,125000,45.0,1961.0,2ος,1.0,1.0,Ανακαινισμένο,Ε,1,1,0,1,0,1,0,0,Other
Θεσσαλονίκη,Διαμέρισμα,220000,85.0,2011.0,1ος,2.0,1.0,Νεόδμητο,Γ,0,0,0,1,0,0,0,0,Other
Αττική,Μεζονέτα,800000,155.0,2019.0,"5ος,6ος",3.0,2.0,Νεόδμητο,Α+,1,0,1,1,1,1,0,0,Other
Αττική,Διαμέρισμα,272025,83.0,,2ος,2.0,1.0,Νεόδμητο,Α+,0,0,0,0,0,0,0,0,"Αθήνα,Γκύζη"
Αττική,Διαμέρισμα,50000,75.0,1998.0,Υπόγειο,1.0,1.0,Άριστη,Γ,0,1,0,0,0,0,0,0,"Άνω Λιόσια,Άγιος Ιωάννης Θεολόγος"
Αττική,Μονοκατοικία,1120000,390.0,1993.0,Ισόγειο,5.0,3.0,,,1,1,1,1,0,0,0,0,Other
Αττική,Μεζονέτα,130000,120.0,2003.0,"Ισόγειο,1ος",1.0,1.0,Άριστη,Δ,1,0,0,0,0,1,0,0,Other
Αττική,Διαμέρισμα,115000,92.0,,3ος,1.0,1.0,Καλή,Εκρεμμεί,0,0,0,0,0,0,0,0,"Αθήνα,Αγία Παρασκευή"
Αττική,Μονοκατοικία,350000,280.0,1988.0,"Ημιυπόγειο,Υπερυψωμένο",3.0,1.0,Καλή,Β,1,0,0,0,1,1,0,0,"Παλλήνη,Κέντρο"
Αττική,Διαμέρισμα,320000,123.0,1967.0,Ισόγειο,3.0,1.0,Χρήζει ανακαίνισης,Ζ,0,0,0,0,0,0,0,0,"Νέα Ερυθραία,Καστρί"
Αττική,Διαμέρισμα,280000,168.0,2000.0,3ος,4.0,3.0,,,1,1,1,1,0,0,0,0,Σπάτα
Αττική,Μεζονέτα,165000,180.0,2000.0,"Ισόγειο,1ος",4.0,2.0,Άριστη,,1,1,1,0,0,1,0,0,Other
Αττική,Διαμέρισμα,87000,52.0,1965.0,1ος,1.0,1.0,Ανακαινισμένο,Δ,0,0,1,1,0,0,0,0,Other
Αττική,Μονοκατοικία,1600000,614.0,1950.0,Ισόγειο,10.0,8.0,Καλή,Η,1,0,1,1,0,1,0,0,Εκάλη
Αττική,Διαμέρισμα,200000,86.0,,Ισόγειο,2.0,2.0,Καλή,Εκρεμμεί,0,1,1,1,0,0,0,0,Παιανία
Αττική,Διαμέρισμα,80000,50.0,1978.0,Υπερυψωμένο,1.0,1.0,,,1,0,0,1,0,0,0,1,"Αθήνα,Κάτω Πετράλωνα"
Αττική,Διαμέρισμα,330000,61.0,2022.0,5ος,2.0,2.0,Νεόδμητο,Α,1,0,0,1,1,0,0,0,Μοσχάτο
Αττική,Διαμέρισμα,145000,80.0,1970.0,3ος,2.0,1.0,Ανακαινισμένο,Δ,1,0,1,1,0,0,0,0,"Αθήνα,Πανόρμου"
Αττική,Μεζονέτα,580000,155.0,2022.0,"5ος,6ος",4.0,2.0,Υπο κατασκευή,Α,0,1,1,1,0,1,0,0,Other
Θεσσαλονίκη,Μονοκατοικία,200000,150.0,2010.0,Ισόγειο,3.0,1.0,Άριστη,Γ,0,0,1,1,0,1,0,0,Other
Αττική,Μονοκατοικία,123000,53.0,1967.0,Υπερυψωμένο,2.0,1.0,Καλή,Γ,0,1,0,1,0,0,0,0,Other
Αττική,Διαμέρισμα,90000,60.0,1980.0,3ος,2.0,1.0,Καλή,Ζ,0,0,0,1,0,0,0,0,"Αθήνα,Πλατεία Αττικής"
Αττική,Μεζονέτα,480000,118.0,2020.0,2ος,2.0,2.0,Νεόδμητο,Α,1,0,0,1,1,1,0,0,"Κηφισιά,Νέα Κηφισιά"
Αττική,Διαμέρισμα,45000,25.0,1960.0,1ος,1.0,1.0,Ανακαινισμένο,,0,0,1,1,0,0,1,0,Other
Θεσσαλονίκη,Διαμέρισμα,125000,94.0,1975.0,3ος,2.0,1.0,Ανακαινισμένο,Εκρεμμεί,0,0,0,1,0,0,0,0,"Θεσσαλονίκη,Χαριλάου"
Αττική,Μονοκατοικία,600000,235.0,1988.0,1ος,5.0,3.0,,Δ,1,0,0,1,0,1,0,0,Πεντέλη
Αττική,Διαμέρισμα,85000,100.0,1978.0,2ος,2.0,1.0,,Ε,1,0,0,1,0,0,0,0,Other
Αττική,Μονοκατοικία,225000,300.0,2008.0,Ισόγειο,3.0,,Καλή,Μη αποδοτικό,1,0,0,0,0,1,0,0,Άρτεμις
Αττική,Διαμέρισμα,360000,144.0,2002.0,5ος,3.0,1.0,Καλή,Γ,0,1,0,1,0,1,0,0,"Αθήνα,Αμπελόκηποι"
Θεσσαλονίκη,Διαμέρισμα,119000,75.0,1962.0,Ημιώροφος,2.0,1.0,Άλλη κατάσταση,Α,0,0,0,1,0,0,0,0,"Θεσσαλονίκη,Ντεπώ"
Αττική,Διαμέρισμα,550000,129.0,2022.0,"6ος,7ος",3.0,2.0,Νεόδμητο,Α+,1,1,1,1,0,1,0,0,Other
Αττική,Μεζονέτα,320000,245.0,2011.0,"Ημιυπόγειο,Ισόγειο,1ος,2ος",4.0,3.0,Ημιτελές,,1,0,0,0,0,0,0,0,Other
Αττική,Διαμέρισμα,750000,200.0,1970.0,2ος,3.0,1.0,Άριστη,Εκρεμμεί,1,1,0,0,1,1,0,0,Φιλοθέη
Αττική,Διαμέρισμα,190000,77.0,1972.0,3ος,2.0,1.0,Ανακαινισμένο,Εκρεμμεί,0,0,0,1,0,0,1,1,"Αθήνα,Κουκάκι"
Αττική,Διαμέρισμα,140000,110.0,1978.0,2ος,2.0,1.0,Χρήζει ανακαίνισης,Ε,1,0,0,1,0,0,0,0,"Καλλιθέα,Κέντρο"
Αττική,Μεζονέτα,680000,280.0,1988.0,Ισόγειο,3.0,2.0,Καλή,Ε,0,0,0,1,0,1,0,0,"Νέα Ερυθραία,Καστρί"
Αττική,Μονοκατοικία,100000,64.0,2010.0,Υπερυψωμένο,1.0,1.0,,,0,0,1,0,0,0,0,0,Other
Αττική,Διαμέρισμα,230000,164.0,1980.0,2ος,1.0,1.0,Χρήζει ανακαίνισης,Η,0,0,0,0,0,0,0,0,Other
Αττική,Διαμέρισμα,205000,61.0,2022.0,1ος,2.0,1.0,Υπο κατασκευή,Α,1,1,1,1,1,0,0,0,Other
Αττική,Μονοκατοικία,250000,172.0,2000.0,"Ημιυπόγειο,Ισόγειο,1ος",4.0,2.0,Ανακαινισμένο,Γ,1,1,1,1,0,1,0,0,Other
Θεσσαλονίκη,Διαμέρισμα,140000,52.0,2022.0,3ος,1.0,1.0,Νεόδμητο,Β,0,0,0,1,0,0,0,1,"Θεσσαλονίκη,Παπάφειο"
Αττική,Διαμέρισμα,310000,86.0,2021.0,5ος,2.0,1.0,Ημιτελές,,1,0,1,1,0,0,0,0,"Καλλιθέα,Κέντρο"
Θεσσαλονίκη,Διαμέρισμα,155000,125.0,1992.0,Υπερυψωμένο,3.0,1.0,Άριστη,Η,0,0,0,1,0,1,0,0,"Θεσσαλονίκη,Ανω Πόλη"
Αττική,Διαμέρισμα,230000,140.0,1981.0,2ος,4.0,2.0,,,1,1,0,0,0,0,0,0,Other
Αττική,Διαμέρισμα,118000,76.0,1963.0,4ος,2.0,1.0,,Εκρεμμεί,0,1,1,1,0,0,0,0,"Αθήνα,Κολιάτσου"
Αττική,Διαμέρισμα,200000,130.0,1990.0,4ος,3.0,1.0,Ανακαινισμένο,,0,0,0,1,0,0,0,0,Other
Αττική,Διαμέρισμα,210000,137.0,1964.0,3ος,3.0,1.0,Καλή,Δ,0,0,0,0,0,0,0,0,"Καλλιθέα,Λόφος Φιλαρέτου"
Αττική,Διαμέρισμα,65000,54.0,1959.0,5ος,1.0,1.0,Καλή,Η,1,0,1,1,1,0,0,0,"Αθήνα,Αγία Παρασκευή"
Αττική,Διαμέρισμα,130000,70.0,2011.0,1ος,2.0,1.0,Νεόδμητο,Β,1,1,0,0,0,1,0,0,"Άνω Λιόσια,Άγιος Γεώργιος"
Αττική,Διαμέρισμα,190000,104.0,1978.0,3ος,3.0,1.0,Καλή,Ε,1,0,1,1,0,0,1,1,"Αθήνα,Γκύζη"
Αττική,Διαμέρισμα,180000,47.0,2013.0,1ος,1.0,,Νεόδμητο,Δ,1,0,0,0,0,0,0,0,Ραφήνα
Αττική,Κτίριο,750000,385.0,2008.0,Ισόγειο,1.0,4.0,Νεόδμητο,,1,0,1,1,0,0,0,0,Μοσχάτο
Αττική,Διαμέρισμα,69000,75.0,1963.0,3ος,2.0,1.0,Καλή,Ζ,0,0,1,1,0,0,0,0,"Αθήνα,Κολιάτσου"
Αττική,Διαμέρισμα,125000,83.0,1962.0,1ος,1.0,1.0,Καλή,Η,0,0,0,0,0,0,0,0,Other
Αττική,Διαμέρισμα,170000,99.0,1968.0,5ος,3.0,1.0,Καλή,Εκρεμμεί,0,0,1,0,0,0,0,0,"Καλλιθέα,ΟΤΕ"
Αττική,Διαμέρισμα,120000,45.0,,2ος,1.0,1.0,Ανακαινισμένο,,0,0,0,1,0,0,0,0,"Αθήνα,Παγκράτι"
Αττική,Μεζονέτα,315000,75.0,2020.0,"1ος,2ος",2.0,1.0,Καλή,Α+,0,0,0,1,0,1,0,0,"Μαρούσι,Νέα Φιλοθέη"
Αττική,Διαμέρισμα,190000,54.0,2007.0,3ος,1.0,1.0,Άριστη,Γ,1,1,0,1,1,0,0,0,"Μαρούσι,Νέο Τέρμα"
Αττική,Διαμέρισμα,45000,50.0,1960.0,Ισόγειο,1.0,1.0,Άλλη κατάσταση,Εκρεμμεί,0,0,1,0,0,0,0,0,Other
Αττική,Μονοκατοικία,350000,220.0,1975.0,Ισόγειο,4.0,2.0,Ανακαινισμένο,Ε,1,0,1,0,0,1,0,0,Other
Αττική,Διαμέρισμα,300000,116.0,2001.0,2ος,3.0,1.0,Άριστη,Γ,1,0,1,1,1,1,0,0,"Ηράκλειο,Άνω Ψαλίδι"
Αττική,Διαμέρισμα,320000,90.0,1978.0,5ος,2.0,1.0,Ανακαινισμένο,Εκρεμμεί,0,0,0,1,0,1,0,0,"Άλιμος,Καλαμάκι"
Θεσσαλονίκη,Διαμέρισμα,200000,120.0,1984.0,3ος,3.0,1.0,Καλή,Γ,0,0,0,1,0,0,0,0,Καλαμαριά
Αττική,Διαμέρισμα,294000,111.0,2020.0,2ος,3.0,1.0,Υπο κατασκευή,,1,0,0,1,1,1,0,0,"Παλλήνη,Κέντρο"
Αττική,Διαμέρισμα,85000,92.0,1970.0,Ισόγειο,,1.0,,,0,0,0,0,0,0,0,1,"Νέα Σμύρνη,Χρυσάκη"
Αττική,Μεζονέτα,115000,52.0,1985.0,"5ος,6ος",1.0,1.0,Καλή,Ζ,1,0,1,0,0,0,0,0,"Αθήνα,Άνω Κυψέλη"
Αττική,Διαμέρισμα,950000,118.0,2022.0,1ος,2.0,2.0,Υπο κατασκευή,Μη αποδοτικό,1,0,1,1,1,1,0,0,Other
Αττική,Διαμέρισμα,430000,155.0,2010.0,4ος,3.0,2.0,Καλή,Β,0,1,1,1,0,1,0,0,Other
Αττική,Διαμέρισμα,140000,70.0,1974.0,Ισόγειο,2.0,1.0,Ανακαινισμένο,Ε,1,0,1,1,0,0,1,1,"Αθήνα,Νέος Κόσμος"
Αττική,Οικία,70000,130.0,1972.0,Υπόγειο,1.0,1.0,Καλή,Εκρεμμεί,0,0,0,0,0,0,0,0,"Καλλιθέα,Χρυσάκη"
Θεσσαλονίκη,Μεζονέτα,180000,180.0,2010.0,Ισόγειο,3.0,1.0,Ημιτελές,Εκρεμμεί,0,0,0,1,0,1,0,0,Other
Αττική,Διαμέρισμα,185000,96.0,1979.0,3ος,3.0,1.0,Καλή,Ζ,0,0,0,0,0,0,1,0,"Αθήνα,Ελληνορώσων"
Αττική,Μεζονέτα,800000,450.0,1990.0,"Ισόγειο,1ος,2ος",4.0,4.0,Άριστη,Γ,1,0,1,0,0,1,0,0,Δροσιά
Αττική,Διαμέρισμα,158000,78.0,1973.0,1ος,2.0,1.0,Καλή,Η,1,0,0,1,0,0,0,0,"Αθήνα,Λυκαβηττός"
Αττική,Διαμέρισμα,158000,80.0,,4ος,3.0,1.0,Ανακαινισμένο,,0,0,1,1,0,0,0,0,Other
Αττική,Μονοκατοικία,600000,160.0,1975.0,Ισόγειο,4.0,1.0,Ανακαινισμένο,Δ,0,0,0,0,0,0,0,0,"Καλλιθέα,Τζιτζιφιές"
Αττική,Διαμέρισμα,500000,133.0,2022.0,5ος,4.0,2.0,Υπο κατασκευή,Α,1,0,0,1,0,0,0,0,Other
Αττική,Κτίριο,850000,340.0,1967.0,"Ισόγειο,1ος,2ος",7.0,4.0,Ανακαινισμένο,Ε,1,0,1,1,0,1,0,0,"Αθήνα,Ελληνορώσων"
Αττική,Διαμέρισμα,40000,45.0,1970.0,Ημιυπόγειο,1.0,1.0,Ανακαινισμένο,Γ,0,0,1,1,0,0,1,0,"Αθήνα,Πεδίον Άρεως"
Αττική,Διαμέρισμα,195000,110.0,2010.0,4ος,3.0,1.0,Άριστη,Α,1,0,1,1,0,1,0,0,Other
Αττική,Οικία,150000,104.0,1940.0,Ισόγειο,1.0,1.0,,,0,0,0,0,0,0,0,0,Other
Θεσσαλονίκη,Διαμέρισμα,73000,44.0,2022.0,6ος,1.0,1.0,Υπο κατασκευή,Μη αποδοτικό,1,0,0,1,1,0,0,0,"Θεσσαλονίκη,Ξηροκρήνη"
Θεσσαλονίκη,Διαμέρισμα,400000,127.0,1975.0,7ος,3.0,1.0,Ανακαινισμένο,Εκρεμμεί,0,0,1,1,0,0,0,0,Other
Αττική,Διαμέρισμα,35000,21.0,1972.0,4ος,1.0,1.0,Ανακαινισμένο,Γ,1,0,0,1,0,0,1,0,"Αθήνα,Πλατεία Αμερικής"
Αττική,Διαμέρισμα,100000,98.0,1962.0,2ος,2.0,1.0,Καλή,Η,0,0,0,1,0,0,0,0,"Αθήνα,Άγιος Παντελεήμονας"
Αττική,Μεζονέτα,630000,350.0,1990.0,Ισόγειο,5.0,2.0,,,1,0,0,1,0,0,0,0,Πεντέλη
Αττική,Μονοκατοικία,85000,95.0,1960.0,Υπερυψωμένο,2.0,1.0,Άριστη,,0,0,0,0,0,0,0,0,Other
Θεσσαλονίκη,Διαμέρισμα,180000,150.0,2008.0,1ος,3.0,1.0,Άριστη,Β,0,1,1,1,0,1,0,0,Other
Αττική,Μεζονέτα,1200000,290.0,2010.0,Ισόγειο,4.0,,Άλλη κατάσταση,Γ,0,0,0,0,0,0,0,0,"Κηφισιά,Κάτω Κηφισιά"
Αττική,Διαμέρισμα,50000,32.0,1986.0,2ος,1.0,1.0,Καλή,Ε,1,0,0,0,0,0,0,0,"Κορυδαλλός,Πλατεία Ελευθερίας"
Αττική,Διαμέρισμα,610000,235.0,2006.0,"Ισόγειο,1ος",4.0,2.0,Άλλη κατάσταση,Εκρεμμεί,1,0,1,0,0,1,0,0,Other
Αττική,Διαμέρισμα,135000,64.0,1974.0,3ος,2.0,1.0,Ανακαινισμένο,Δ,0,0,0,1,0,0,1,0,Other
Αττική,Διαμέρισμα,240000,68.0,2021.0,1ος,2.0,2.0,Υπο κατασκευή,Α,1,0,0,1,1,0,0,0,Other
Αττική,Διαμέρισμα,135000,74.0,1970.0,4ος,2.0,1.0,Χρήζει ανακαίνισης,Ε,1,1,1,0,0,1,0,0,"Αθήνα,Κάτω Πετράλωνα"
Αττική,Μεζονέτα,500000,300.0,1997.0,"Ισόγειο,1ος,2ος",5.0,2.0,Άριστη,Ε,1,1,1,0,0,1,0,0,Δροσιά
Αττική,Μεζονέτα,473000,131.0,2022.0,8ος,3.0,1.0,Υπο κατασκευή,Α+,0,0,0,0,0,0,0,0,"Αθήνα,Παγκράτι"
Θεσσαλονίκη,Διαμέρισμα,65000,50.0,1970.0,Ημιώροφος,1.0,1.0,Ανακαινισμένο,Ε,0,0,1,1,0,0,1,1,"Θεσσαλονίκη,Ανω Πόλη"
Αττική,Διαμέρισμα,350000,179.0,1998.0,3ος,3.0,2.0,Άριστη,Εκρεμμεί,0,0,0,1,0,0,0,0,"Ηράκλειο,Αγία Τριάδα"
Αττική,Μονοκατοικία,680000,395.0,2005.0,"Υπόγειο,Ισόγειο,1ος",4.0,3.0,Καλή,Γ,0,1,1,1,0,1,1,0,Άρτεμις
Θεσσαλονίκη,Διαμέρισμα,125000,110.0,2008.0,1ος,3.0,1.0,Καλή,Ζ,0,0,0,1,0,0,0,0,Ευκαρπία
Αττική,Μονοκατοικία,175000,68.0,2005.0,Ισόγειο,2.0,1.0,Άλλη κατάσταση,Γ,0,1,0,0,0,1,0,0,Other
Θεσσαλονίκη,Μονοκατοικία,480000,317.0,1975.0,Ισόγειο,4.0,1.0,Ανακαινισμένο,Γ,1,0,0,1,1,1,0,0,Πυλαία
Αττική,Διαμέρισμα,270000,104.0,2015.0,3ος,3.0,1.0,Καλή,Εκρεμμεί,0,0,1,0,0,0,0,0,"Αθήνα,Τρεις Γέφυρες"
Αττική,Μονοκατοικία,550000,250.0,1970.0,Ισόγειο,,,Χρήζει ανακαίνισης,Δ,0,1,1,0,0,0,0,0,Other
Αττική,Κτίριο,140000,102.0,1981.0,"Ισόγειο,1ος",3.0,2.0,Καλή,Δ,1,0,0,0,0,0,0,0,Άρτεμις
Αττική,Διαμέρισμα,135000,105.0,1982.0,1ος,2.0,,Άριστη,Δ,1,0,0,1,0,0,0,0,"Καλλιθέα,Τζιτζιφιές"
Αττική,Διαμέρισμα,69000,43.0,1970.0,Ισόγειο,1.0,1.0,Ανακαινισμένο,Δ,1,0,0,0,0,0,1,1,"Μαρούσι,Νέο Τέρμα"
Θεσσαλονίκη,Διαμέρισμα,440000,133.0,2008.0,7ος,3.0,1.0,Άριστη,Μη αποδοτικό,0,0,1,1,0,1,0,0,Other
Αττική,Μονοκατοικία,2400000,550.0,1960.0,Ισόγειο,5.0,4.0,Ανακαινισμένο,Δ,1,0,1,1,1,1,0,0,"Κηφισιά,Κεφαλάρι"
Αττική,Μεζονέτα,950000,243.0,2019.0,"Ισόγειο,1ος",3.0,2.0,Υπο κατασκευή,Β+,1,1,1,0,1,1,0,0,"Νέα Ερυθραία,Καστρί"
Αττική,Διαμέρισμα,220000,70.0,2020.0,2ος,2.0,1.0,Νεόδμητο,Γ,0,0,0,0,0,0,0,0,Other
Θεσσαλονίκη,Διαμέρισμα,135000,75.0,1991.0,3ος,2.0,1.0,Καλή,Μη αποδοτικό,0,0,0,1,0,0,0,1,Καλαμαριά
Θεσσαλονίκη,Διαμέρισμα,128000,45.0,1960.0,2ος,1.0,1.0,Ανακαινισμένο,Εκρεμμεί,0,0,1,1,0,0,0,1,"Θεσσαλονίκη,Κέντρο"
Αττική,Μεζονέτα,330000,170.0,2006.0,Ισόγειο,4.0,2.0,Άλλη κατάσταση,Β,1,0,1,1,0,1,0,0,Άρτεμις
Θεσσαλονίκη,Μονοκατοικία,300000,350.0,1980.0,Ισόγειο,5.0,2.0,Ανακαινισμένο,Ε,0,1,1,1,0,1,0,0,Other
Αττική,Διαμέρισμα,230000,100.0,2006.0,1ος,3.0,1.0,Νεόδμητο,Γ,0,0,0,1,0,0,0,0,Other
Αττική,Διαμέρισμα,70000,65.0,1962.0,1ος,2.0,1.0,Χρήζει ανακαίνισης,Εκρεμμεί,0,0,0,0,0,0,0,0,"Αθήνα,Γκύζη"
Αττική,Διαμέρισμα,240000,88.0,1972.0,Ισόγειο,2.0,1.0,Ανακαινισμένο,Α+,0,0,1,1,0,1,0,0,"Μαρούσι,Νέο Τέρμα"
Θεσσαλονίκη,Διαμέρισμα,124000,68.0,1968.0,6ος,2.0,1.0,Καλή,Ε,0,1,1,1,0,0,1,0,"Θεσσαλονίκη,Βαρδάρη"
Αττική,Διαμέρισμα,543400,114.0,2022.0,4ος,2.0,2.0,Νεόδμητο,Α,0,0,1,1,0,0,0,0,Other
Αττική,Διαμέρισμα,135000,50.0,1985.0,5ος,1.0,1.0,,Εξαιρείται,0,0,1,0,0,0,0,0,Other
Αττική,Μεζονέτα,750000,330.0,2004.0,"Ισόγειο,1ος,2ος",4.0,3.0,Άριστη,Γ,1,0,1,1,0,1,0,0,Εκάλη
Αττική,Διαμέρισμα,70000,63.0,1957.0,Ισόγειο,2.0,1.0,Καλή,Η,0,0,0,0,0,0,0,0,Μοσχάτο
Αττική,Διαμέρισμα,65500,35.0,1970.0,5ος,1.0,1.0,Ανακαινισμένο,Εκρεμμεί,0,0,0,1,0,0,0,0,"Αθήνα,Κολιάτσου"
Αττική,Διαμέρισμα,95000,50.0,1965.0,Υπερυψωμένο,1.0,1.0,Ανακαινισμένο,Εκρεμμεί,0,0,0,1,0,0,0,0,Other
Αττική,Διαμέρισμα,69500,50.0,1965.0,Υπερυψωμένο,1.0,1.0,,Β,0,0,0,0,0,0,1,0,"Καλλιθέα,ΟΤΕ"
Αττική,Διαμέρισμα,105000,90.0,1975.0,4ος,2.0,1.0,,Εκρεμμεί,0,0,0,1,0,0,0,0,"Αθήνα,Άγιος Παντελεήμονας"
Αττική,Κτίριο,490000,300.0,1970.0,Ισόγειο,5.0,1.0,Καλή,Η,0,0,0,1,0,0,0,0,"Καλλιθέα,Σταθμός ΗΣΑΠ Ταύρου"
Θεσσαλονίκη,Διαμέρισμα,75000,55.0,1952.0,7ος,1.0,1.0,Ανακαινισμένο,Η,0,0,1,1,0,0,0,1,"Θεσσαλονίκη,Φάληρο"
Αττική,Διαμέρισμα,80000,46.0,1960.0,3ος,1.0,1.0,Καλή,Ζ,0,0,0,1,0,0,0,1,Other
Αττική,Μονοκατοικία,240000,125.0,1966.0,"Ισόγειο,1ος",3.0,2.0,Καλή,Μη αποδοτικό,0,0,0,0,0,0,0,0,Other
Αττική,Διαμέρισμα,89000,105.0,1970.0,Ισόγειο,2.0,1.0,Χρήζει ανακαίνισης,Ε,1,0,0,0,0,0,0,1,"Αθήνα,Κυψέλη"
Αττική,Μονοκατοικία,750000,250.0,1940.0,"Ισόγειο,1ος",4.0,3.0,Ανακαινισμένο,,1,0,0,0,0,1,0,0,"Κηφισιά,Πολιτεία"
Αττική,Διαμέρισμα,120000,115.0,,1ος,2.0,1.0,Καλή,Β,0,0,0,0,0,0,0,0,Other
Θεσσαλονίκη,Μεζονέτα,115000,96.0,1990.0,1ος,2.0,1.0,Καλή,Α+,0,0,0,1,0,0,0,0,Περαία
Αττική,Μονοκατοικία,150000,210.0,,Ισόγειο,5.0,2.0,Ημιτελές,Η,0,0,0,0,0,0,0,0,Άρτεμις
Αττική,Μεζονέτα,610000,137.0,2022.0,"5ος,6ος",2.0,1.0,Νεόδμητο,Α,0,1,1,1,0,1,0,0,"Άλιμος,Καλαμάκι"
Θεσσαλονίκη,Διαμέρισμα,145000,121.0,1979.0,1ος,2.0,1.0,Ανακαινισμένο,,1,0,1,1,0,1,0,0,"Θεσσαλονίκη,Ανω Πόλη"
Αττική,Διαμέρισμα,850000,215.0,2017.0,"2ος,3ος",4.0,3.0,Νεόδμητο,,1,0,0,1,0,1,0,0,"Νέα Ερυθραία,Μορτερό"
Αττική,Διαμέρισμα,540000,195.0,1968.0,1ος,3.0,3.0,Καλή,Ε,0,0,0,0,0,1,0,0,"Αθήνα,Νέα Φιλοθέη"
Αττική,Διαμέρισμα,450000,202.0,1980.0,1ος,3.0,2.0,Καλή,Ζ,1,0,1,0,0,1,0,0,Εθνικιστών και Αναπήρων Πολέμου
Αττική,Μονοκατοικία,1700000,500.0,1982.0,"Ισόγειο,1ος,2ος",5.0,5.0,Άριστη,Γ,1,0,0,1,0,1,0,0,Other
Θεσσαλονίκη,Διαμέρισμα,139000,153.0,2001.0,Υπόγειο,3.0,1.0,Καλή,Μη αποδοτικό,0,0,0,0,0,0,0,0,Other
Αττική,Μεζονέτα,250000,78.0,2000.0,2ος,2.0,1.0,Νεόδμητο,Δ,0,0,0,1,0,0,0,0,"Λυκόβρυση,Κέντρο"
Αττική,Διαμέρισμα,90000,50.0,2007.0,1ος,1.0,1.0,Καλή,Εκρεμμεί,0,0,1,1,0,0,0,1,Other
Θεσσαλονίκη,Διαμέρισμα,300000,148.0,2021.0,1ος,3.0,1.0,Νεόδμητο,Α,0,1,1,1,0,0,0,0,Θέρμη
Αττική,Κτίριο,680000,530.0,1988.0,Ισόγειο,,,Καλή,Ζ,1,0,0,0,0,0,0,0,Μοσχάτο
Αττική,Μονοκατοικία,1400000,300.0,2010.0,Ισόγειο,2.0,,Νεόδμητο,Β,1,0,0,0,0,1,0,0,Other
Αττική,Μεζονέτα,420000,160.0,2020.0,2ος,3.0,2.0,Νεόδμητο,Α,0,0,0,1,0,1,0,0,"Ηράκλειο,Άνω Ψαλίδι"
Θεσσαλονίκη,Διαμέρισμα,350000,130.0,2022.0,"5ος,6ος",3.0,2.0,Υπο κατασκευή,Η,0,0,0,1,0,1,0,0,"Θεσσαλονίκη,Ανω Τούμπα"
Αττική,Διαμέρισμα,69000,67.0,1955.0,3ος,1.0,1.0,Καλή,Η,1,0,1,0,0,0,0,0,"Αθήνα,Πεδίον Άρεως"
Αττική,Μονοκατοικία,239000,70.0,1980.0,Ισόγειο,1.0,1.0,Καλή,Ζ,0,0,1,0,0,0,0,0,"Λυκόβρυση,Κέντρο"
Θεσσαλονίκη,Μεζονέτα,198900,105.0,2010.0,Ισόγειο,3.0,1.0,,,0,0,0,1,0,0,0,0,Ευκαρπία
Αττική,Διαμέρισμα,50000,55.0,1970.0,1ος,1.0,1.0,Ανακαινισμένο,Ζ,0,0,0,1,0,0,0,1,Other
Θεσσαλονίκη,Διαμέρισμα,38000,60.0,1960.0,Ισόγειο,2.0,1.0,Καλή,Ε,0,0,0,1,0,0,1,1,"Θεσσαλονίκη,Ανω Πόλη"
Αττική,Διαμέρισμα,61500,50.0,1970.0,2ος,1.0,1.0,Καλή,Η,0,0,0,0,0,0,0,1,Other
Θεσσαλονίκη,Μεζονέτα,278000,130.0,1953.0,Ισόγειο,3.0,,Ανακαινισμένο,Γ,0,0,1,1,0,0,0,0,Καλαμαριά
Θεσσαλονίκη,Μονοκατοικία,300000,100.0,2007.0,Ισόγειο,3.0,1.0,Νεόδμητο,Γ,1,0,1,1,0,1,0,0,Other
Αττική,Διαμέρισμα,139000,75.0,1970.0,5ος,2.0,1.0,Ανακαινισμένο,Δ,1,0,1,1,0,0,0,0,"Αθήνα,Κολιάτσου"
Αττική,Διαμέρισμα,122000,64.0,1994.0,1ος,2.0,1.0,Καλή,Ε,0,0,0,0,0,0,0,0,Other
Αττική,Διαμέρισμα,450000,190.0,1993.0,"5ος,6ος",5.0,,,Δ,1,1,0,1,0,1,0,0,"Μαρούσι,Νέα Φιλοθέη"
Αττική,Διαμέρισμα,162000,77.0,2021.0,1ος,2.0,1.0,Υπο κατασκευή,Εξαιρείται,0,1,0,1,0,0,0,0,Other
Θεσσαλονίκη,Διαμέρισμα,86000,40.0,1960.0,6ος,1.0,,Ανακαινισμένο,Η,1,0,0,1,0,0,0,1,"Θεσσαλονίκη,Κέντρο"
Θεσσαλονίκη,Διαμέρισμα,125000,60.0,2010.0,5ος,1.0,1.0,Άριστη,Α+,0,0,1,1,0,0,0,0,"Θεσσαλονίκη,Κάτω Τούμπα"
Αττική,Μονοκατοικία,450000,250.0,1998.0,Ισόγειο,3.0,1.0,Άριστη,Γ,1,0,0,0,0,1,0,0,Άρτεμις
Θεσσαλονίκη,Διαμέρισμα,125000,70.0,1960.0,Ημιώροφος,1.0,1.0,Καλή,Α,0,0,0,1,0,0,0,0,"Θεσσαλονίκη,Κέντρο"
Θεσσαλονίκη,Διαμέρισμα,89000,49.0,1970.0,Ημιώροφος,1.0,1.0,Άριστη,Α+,1,0,0,1,1,1,0,1,Καλαμαριά
Θεσσαλονίκη,Διαμέρισμα,107000,80.0,2006.0,3ος,2.0,1.0,,Εξαιρείται,0,1,1,1,0,0,0,0,Other
Θεσσαλονίκη,Διαμέρισμα,250000,150.0,1989.0,2ος,3.0,1.0,Άριστη,Γ,1,0,0,1,1,0,0,0,Καλαμαριά
Θεσσαλονίκη,Διαμέρισμα,240000,113.0,2022.0,2ος,3.0,1.0,Υπο κατασκευή,Α+,0,1,1,1,0,0,0,0,Θέρμη
Αττική,Μεζονέτα,254000,77.0,2021.0,"6ος,7ος",3.0,2.0,,Β+,1,0,0,0,0,0,0,0,Other
Αττική,Μονοκατοικία,260000,270.0,1990.0,Ισόγειο,3.0,2.0,,,1,0,0,0,0,0,0,0,Νέα Πέραμος
Αττική,Διαμέρισμα,145000,100.0,2007.0,3ος,2.0,1.0,Νεόδμητο,Γ,1,1,0,1,0,1,0,0,"Άνω Λιόσια,Δροσούπολη"
Αττική,Διαμέρισμα,130000,61.0,1979.0,Ισόγειο,2.0,1.0,Καλή,Ζ,1,0,0,0,0,0,0,0,Other
Αττική,Διαμέρισμα,410000,111.0,2022.0,6ος,3.0,1.0,Υπο κατασκευή,Α,1,1,1,1,0,0,0,0,"Αθήνα,Ελληνορώσων"
Αττική,Διαμέρισμα,250000,150.0,2005.0,2ος,4.0,2.0,Άριστη,Δ,1,0,1,1,0,0,0,0,Other
Θεσσαλονίκη,Διαμέρισμα,86000,78.0,2007.0,1ος,2.0,1.0,Άριστη,Μη αποδοτικό,0,0,0,1,0,0,0,0,Other
Θεσσαλονίκη,Διαμέρισμα,360000,120.0,1970.0,2ος,3.0,1.0,Χρήζει ανακαίνισης,Εκρεμμεί,0,0,0,1,0,0,0,0,"Θεσσαλονίκη,Κέντρο"
Θεσσαλονίκη,Μεζονέτα,305000,147.0,2020.0,3ος,3.0,1.0,Άριστη,Β+,0,0,0,1,0,0,0,0,Other
Αττική,Διαμέρισμα,361305,109.0,2022.0,2ος,3.0,2.0,Υπο κατασκευή,Α+,1,0,0,1,0,1,0,0,Other
Αττική,Μονοκατοικία,370000,320.0,1991.0,"Ισόγειο,1ος",,1.0,Καλή,Ε,1,0,1,0,0,1,0,0,Παιανία
Αττική,Διαμέρισμα,60000,46.0,1964.0,Ισόγειο,1.0,1.0,Χρήζει ανακαίνισης,,0,0,0,0,0,0,0,0,"Αθήνα,Άγιος Παντελεήμονας"
Αττική,Μονοκατοικία,1300000,450.0,2012.0,Ισόγειο,3.0,3.0,Νεόδμητο,,1,1,0,1,0,0,1,0,Παλλήνη
Αττική,Μεζονέτα,2400000,1200.0,2019.0,"Υπόγειο,Ισόγειο,1ος",12.0,,Υπο κατασκευή,Μη αποδοτικό,0,0,0,0,0,0,0,0,Εκάλη
Αττική,Διαμέρισμα,220000,84.0,2022.0,3ος,2.0,1.0,Υπο κατασκευή,Β+,1,0,0,1,1,1,0,0,Other
Αττική,Διαμέρισμα,42000,28.0,,Ημιυπόγειο,,1.0,Ανακαινισμένο,Εκρεμμεί,0,0,0,0,0,0,1,0,Other
Αττική,Διαμέρισμα,115000,47.0,1967.0,2ος,1.0,1.0,Ανακαινισμένο,Εκρεμμεί,0,0,1,1,0,0,0,0,"Αθήνα,Αμπελόκηποι"
Θεσσαλονίκη,Διαμέρισμα,260000,108.0,2021.0,8ος,2.0,1.0,Νεόδμητο,Μη αποδοτικό,0,0,0,1,0,0,0,0,"Θεσσαλονίκη,Ανάληψη"
Αττική,Διαμέρισμα,75000,84.0,2005.0,1ος,2.0,1.0,Νεόδμητο,Δ,1,0,0,1,0,1,0,0,"Άνω Λιόσια,Άγιος Γεώργιος"
Αττική,Κτίριο,2000000,1673.0,1975.0,Ισόγειο,,,Άλλη κατάσταση,Δ,0,0,0,0,0,0,0,0,Other
Αττική,Μονοκατοικία,600000,420.0,1977.0,Ισόγειο,,,Καλή,Η,0,0,0,0,0,0,0,0,"Λυκόβρυση,Κέντρο"
Θεσσαλονίκη,Μονοκατοικία,420000,260.0,2004.0,Ισόγειο,5.0,3.0,Άριστη,Β+,0,0,1,1,0,1,0,0,Other
Αττική,Διαμέρισμα,80000,43.0,1966.0,1ος,1.0,1.0,Καλή,Η,0,0,0,0,0,0,0,1,Other
Αττική,Διαμέρισμα,320000,150.0,2017.0,7ος,3.0,1.0,Καλή,Α,1,0,0,0,0,1,0,0,"Αθήνα,Άνω Κυψέλη"
Αττική,Διαμέρισμα,69000,69.0,1965.0,1ος,2.0,1.0,,Ζ,0,0,1,0,0,0,0,1,"Αθήνα,Άγιος Νικόλαος"
Αττική,Διαμέρισμα,470000,120.0,1960.0,Ισόγειο,3.0,1.0,Καλή,Ζ,1,0,0,0,0,0,0,0,"Νέο Ψυχικό,Πλατεία Ελευθερίας"
Αττική,Διαμέρισμα,300000,139.0,2002.0,1ος,3.0,2.0,,,1,1,1,0,0,0,0,0,Other
Αττική,Διαμέρισμα,290000,181.0,1985.0,5ος,3.0,1.0,Καλή,Δ,0,1,0,1,0,0,0,0,"Μαρούσι,Νέο Τέρμα"
Αττική,Κτίριο,350000,380.0,1933.0,"Ισόγειο,1ος",10.0,3.0,Χρήζει ανακαίνισης,Ε,0,0,0,0,0,0,0,0,"Αθήνα,Άγιος Παντελεήμονας"
Αττική,Διαμέρισμα,400000,165.0,1974.0,3ος,3.0,2.0,Άλλη κατάσταση,Δ,1,0,1,1,1,1,0,0,"Κηφισιά,Πολιτεία"
Αττική,Διαμέρισμα,165000,87.0,1965.0,4ος,2.0,1.0,,Β,0,0,1,1,0,0,0,1,"Αθήνα,Αμπελόκηποι"
Αττική,Μεζονέτα,1100000,265.0,2009.0,"Ισόγειο,1ος",3.0,3.0,Νεόδμητο,,0,1,1,1,0,1,0,0,"Νέα Ερυθραία,Καστρί"
Αττική,Μονοκατοικία,200000,120.0,1990.0,Ισόγειο,4.0,2.0,Καλή,Ζ,1,0,0,0,0,0,0,0,Άρτεμις
Αττική,Διαμέρισμα,201800,71.0,2006.0,4ος,2.0,1.0,Καλή,Δ,1,0,0,1,0,0,0,0,Other
Θεσσαλονίκη,Μονοκατοικία,550000,325.0,2006.0,"Ισόγειο,1ος,2ος,3ος,4ος",8.0,4.0,Άριστη,Δ,0,0,0,1,0,0,0,0,Πυλαία
Θεσσαλονίκη,Μεζονέτα,185000,145.0,2008.0,1ος,3.0,1.0,Ανακαινισμένο,Β+,1,0,0,1,0,1,0,0,Other
Αττική,Διαμέρισμα,74000,65.0,1980.0,1ος,,,,Εκρεμμεί,0,0,0,1,0,0,0,0,"Κορυδαλλός,Πλατεία Ελευθερίας"
Αττική,Διαμέρισμα,1650000,194.0,2022.0,1ος,3.0,2.0,Νεόδμητο,Α+,1,1,1,1,0,0,0,0,Φιλοθέη
Αττική,Κτίριο,192000,320.0,1980.0,"Υπόγειο,Ισόγειο,1ος,2ος,3ος,4ος",,,Ημιτελές,Η,0,0,0,0,0,0,0,0,Other
Αττική,Διαμέρισμα,130000,32.0,2006.0,2ος,1.0,1.0,Καλή,Α,0,0,0,1,0,0,0,0,"Ηράκλειο,Αγία Τριάδα"
Αττική,Διαμέρισμα,328000,82.0,2022.0,5ος,1.0,,Υπο κατασκευή,Α,1,1,0,1,1,0,0,0,"Αθήνα,Πανόρμου"
Αττική,Διαμέρισμα,290000,88.0,2022.0,2ος,2.0,1.0,Νεόδμητο,Α,0,1,0,1,0,0,0,0,"Ηράκλειο,Αγία Τριάδα"
Θεσσαλονίκη,Μονοκατοικία,80000,104.0,1967.0,Ισόγειο,2.0,1.0,Ανακαινισμένο,Ε,0,0,0,1,0,0,0,0,Αμπελόκηποι
Αττική,Κτίριο,170000,560.0,1980.0,Ισόγειο,,,Καλή,Εκρεμμεί,0,0,0,0,0,0,0,0,Other
Αττική,Μεζονέτα,610000,144.0,2022.0,"3ος,4ος",3.0,2.0,Νεόδμητο,Α+,0,1,1,1,0,1,0,0,Other
Αττική,Μεζονέτα,200000,280.0,2005.0,Ισόγειο,3.0,2.0,Υπο κατασκευή,Γ,0,0,1,1,0,0,0,0,Ντράφι
Αττική,Διαμέρισμα,186000,93.0,2008.0,1ος,3.0,1.0,Άριστη,Γ,1,1,0,1,0,1,0,0,Other
Αττική,Διαμέρισμα,195000,83.0,2018.0,Ισόγειο,2.0,1.0,Άριστη,Α+,1,1,0,1,0,1,0,0,Other
Αττική,Διαμέρισμα,273000,105.0,2021.0,1ος,3.0,2.0,Νεόδμητο,Β,1,0,1,1,0,1,0,0,Κέντρο
Αττική,Διαμέρισμα,120000,55.0,1975.0,Ισόγειο,1.0,1.0,Ανακαινισμένο,Γ,1,1,0,0,1,0,0,0,"Καλλιθέα,Λόφος Φιλαρέτου"
Θεσσαλονίκη,Διαμέρισμα,270000,140.0,2012.0,1ος,3.0,1.0,Καλή,Α,0,0,0,1,0,1,0,0,Other
Αττική,Διαμέρισμα,230000,91.0,2021.0,"1ος,2ος",3.0,1.0,Νεόδμητο,Α,0,0,1,1,0,0,0,1,Other
Αττική,Μεζονέτα,450000,180.0,1992.0,"Ισόγειο,1ος,2ος",,,Άριστη,Γ,0,1,1,0,0,1,0,0,Δροσιά
Αττική,Διαμέρισμα,58000,51.0,1970.0,Ισόγειο,1.0,1.0,Ανακαινισμένο,Εκρεμμεί,0,0,0,1,0,0,0,0,"Αθήνα,Άνω Κυψέλη"
Αττική,Διαμέρισμα,240000,80.0,2022.0,1ος,2.0,1.0,Νεόδμητο,Α,1,1,0,1,1,1,0,0,Other
Αττική,Διαμέρισμα,65000,51.0,1972.0,1ος,1.0,1.0,Ανακαινισμένο,Εκρεμμεί,0,0,1,1,0,0,0,1,"Αθήνα,Νέα Κυψέλη"
Αττική,Μεζονέτα,1200000,575.0,1985.0,"Ισόγειο,1ος",6.0,4.0,Άριστη,Δ,1,0,0,0,0,1,0,0,Other
Αττική,Διαμέρισμα,180000,86.0,1968.0,Υπερυψωμένο,2.0,1.0,,,1,1,1,1,0,0,0,1,Other
Αττική,Διαμέρισμα,156000,106.0,2007.0,1ος,3.0,2.0,,,1,1,1,1,0,0,0,0,Other
Αττική,Διαμέρισμα,220000,111.0,2003.0,1ος,3.0,2.0,,,1,1,0,1,0,0,0,0,"Άνω Λιόσια,Δροσούπολη"
Αττική,Διαμέρισμα,198000,102.0,1970.0,1ος,3.0,1.0,,Εκρεμμεί,0,0,0,1,0,0,0,0,Other
Αττική,Διαμέρισμα,65000,49.0,1970.0,2ος,,1.0,Ανακαινισμένο,Ζ,1,0,0,1,0,0,0,0,Καματερό
Αττική,Διαμέρισμα,190000,72.0,2022.0,2ος,2.0,1.0,Υπο κατασκευή,,1,1,0,1,1,1,0,0,"Νέα Ιωνία,Σαφράμπολη"
Αττική,Μεζονέτα,123000,90.0,2003.0,"Ισόγειο,1ος",2.0,1.0,Άριστη,Β,0,0,0,1,0,0,0,0,Other
Αττική,Διαμέρισμα,112000,98.0,1980.0,3ος,3.0,1.0,,Ε,0,1,1,1,0,0,0,0,Other
Αττική,Μονοκατοικία,170000,120.0,1988.0,"Ισόγειο,1ος,2ος",3.0,3.0,Ανακαινισμένο,Ζ,1,0,0,0,0,1,0,0,"Νέα Ιωνία,Λαζάρου"
Αττική,Διαμέρισμα,200000,75.0,1990.0,3ος,,1.0,Καλή,Εκρεμμεί,0,0,1,1,0,1,0,0,"Μαρούσι,Νέα Φιλοθέη"
Αττική,Διαμέρισμα,129000,93.0,1975.0,1ος,2.0,1.0,Καλή,Ζ,0,0,0,0,0,1,0,0,Other
Αττική,Κτίριο,380000,413.0,1976.0,Ισόγειο,6.0,,Καλή,Ε,0,0,0,0,0,0,0,0,"Αθήνα,Νέα Κυψέλη"
Αττική,Μονοκατοικία,250000,200.0,1950.0,Ισόγειο,3.0,1.0,,,0,1,1,0,0,0,0,1,Σπάτα
Αττική,Διαμέρισμα,85000,52.0,1968.0,3ος,1.0,1.0,Ανακαινισμένο,Β+,1,0,1,1,1,0,0,0,Other
Αττική,Μονοκατοικία,60000,64.0,1965.0,Ισόγειο,,,Χρήζει ανακαίνισης,Ζ,0,0,0,0,0,0,0,0,Ζεφύρι
Αττική,Διαμέρισμα,105000,70.0,1970.0,1ος,2.0,1.0,,Εκρεμμεί,0,0,0,0,0,0,0,0,"Αθήνα,Ελληνορώσων"
Θεσσαλονίκη,Διαμέρισμα,210000,108.0,2021.0,1ος,3.0,2.0,Νεόδμητο,Α+,0,1,1,1,0,1,0,0,Ωραιόκαστρο
Αττική,Διαμέρισμα,185000,105.0,1996.0,6ος,,,Καλή,Μη αποδοτικό,0,0,0,0,0,0,0,0,Other
Αττική,Μεζονέτα,1100000,450.0,2010.0,"Ισόγειο,1ος",5.0,,Άλλη κατάσταση,Ε,0,0,0,0,0,0,0,0,Πεντέλη
Θεσσαλονίκη,Διαμέρισμα,68000,100.0,2004.0,1ος,2.0,1.0,Καλή,Β,0,0,0,1,0,0,0,0,Other
Αττική,Διαμέρισμα,115000,74.0,1980.0,2ος,2.0,1.0,Ανακαινισμένο,Δ,0,0,0,0,0,0,0,0,Other
Θεσσαλονίκη,Μονοκατοικία,400000,360.0,2006.0,Ισόγειο,4.0,3.0,Καλή,Α+,0,0,1,1,0,1,0,0,Other
Αττική,Διαμέρισμα,290000,200.0,2001.0,1ος,3.0,2.0,Άριστη,Δ,0,0,0,0,0,1,0,0,Other
Αττική,Μονοκατοικία,30000,70.0,,Ισόγειο,,,Χρήζει ανακαίνισης,,0,0,0,0,0,0,0,0,Other
Αττική,Διαμέρισμα,92000,90.0,1962.0,2ος,3.0,1.0,Ανακαινισμένο,Εκρεμμεί,0,0,0,1,0,0,0,0,"Αθήνα,Κολιάτσου"
Αττική,Κτίριο,200000,213.0,1985.0,Ισόγειο,6.0,2.0,,,1,1,1,0,0,0,0,1,Other
